property_id,gr_liv_area,lot_area,year_built,overall_qual,garage_area,total_bsmt_sf,ms_zoning,neighborhood,sale_price,gr_liv_area_m2,total_enclosed_area_sqft,total_enclosed_area_m2,inspection_note,has_premium_finish,premium_finish_note,property_taxonomy_flat,lot_area_reported,reported_max_loan,record_extract_month
1,1268.0,7798.0,1975,5,583.0,1213.0,RL,NridgHt,236135.0,117.8011,3064.0,284.6549,sale condition was reviewed and valuation status is approved.,0,,RL>NridgHt,7798.0,212522.0,2024-01
2,1400.0,9614.0,1997,2,503.0,624.0,RL,NridgHt,199268.0,130.0643,2527.0,234.766,lot area verification is complete because documents are available.,0,,RL>NridgHt,9614.0,179341.0,2024-01
3,1018.0,18965.0,1922,8,346.0,1236.0,RM,Somerst,196002.0,94.5753,2600.0,241.5479,lot area verification is complete because documents are available.,1,verified,RM>Somerst,18965.0,176402.0,2024-01
4,1029.0,12578.0,1959,5,439.0,1355.0,RL,Edwards,204045.0,95.5972,2823.0,262.2653,zoning verification is complete and neighborhood information is confirmed.,0,,RL>Edwards,12578.0,183640.0,2024-01
5,1978.0,12111.0,1898,6,408.0,526.0,RL,Edwards,257386.0,183.7622,2912.0,270.5337,property inspection is complete and garage area is measured.,0,,RL>Edwards,12111.0,231647.0,2024-01
6,1625.0,7798.0,1926,2,350.0,1466.0,RL,Edwards,225543.0,150.9674,3441.0,319.6794,sale condition was reviewed and valuation status is approved.,0,,RL>Edwards,7798.0,202989.0,2024-01
7,1513.0,,1985,3,165.0,1116.0,RL,OldTown,210886.0,140.5623,2794.0,259.5711,lot area verification is complete because documents are available.,0,,RL>OldTown,14651.0,189797.0,2024-01
8,1352.0,9561.0,1951,9,522.0,785.0,FV,NAmes,253811.0,125.6049,2659.0,247.0292,property inspection is complete and garage area is measured.,1,verified,FV>NAmes,888.25,228430.0,2024-01
9,1802.0,15109.0,1911,7,724.0,959.0,RL,NridgHt,,167.4113,3485.0,323.7671,property inspection is complete and garage area is measured.,0,,RL>NridgHt,15109.0,272884.0,2024-01
10,2254.0,9301.0,1978,2,751.0,1469.0,RM,NridgHt,282737.0,209.4035,4474.0,415.6482,zoning verification is complete and neighborhood information is confirmed.,0,,RM>NridgHt,9301.0,254463.0,2024-01
11,1304.0,4717.0,1924,8,481.0,1356.0,RL,CollgCr,216311.0,121.1456,3141.0,291.8084,property inspection is complete and garage area is measured.,1,verified,RL>CollgCr,4717.0,194680.0,2024-01
12,1661.0,8813.0,1924,8,377.0,604.0,FV,Edwards,247156.0,154.3119,2642.0,245.4498,zoning verification is complete and neighborhood information is confirmed.,1,verified,FV>Edwards,8813.0,222440.0,2024-01
13,975.0,9641.0,1938,2,107.0,652.0,FV,Edwards,153765.0,90.5805,1734.0,161.0939,lot area verification is complete because documents are available.,0,,FV>Edwards,9641.0,138388.0,2024-01
14,1711.0,8875.0,1997,4,0.0,613.0,RM,CollgCr,212940.0,158.9571,2324.0,215.9067,property inspection is complete and garage area is measured.,0,,RM>CollgCr,824.51,191646.0,2024-01
15,1750.0,13004.0,1998,7,720.0,1799.0,RM,OldTown,265895.0,162.5803,4269.0,396.6031,zoning verification is complete and neighborhood information is confirmed.,0,,RM>OldTown,13004.0,239306.0,2024-01
16,1245.0,16742.0,1972,9,620.0,1867.0,RL,NAmes,251280.0,115.6643,3732.0,346.7141,property inspection is complete and garage area is measured.,1,verified,RL>NAmes,16742.0,226152.0,2024-01
17,1536.0,2956.0,2003,4,7.0,722.0,RH,Somerst,193381.0,142.6991,2265.0,210.4254,sale condition was reviewed and valuation status is approved.,0,,RH>Somerst,2956.0,174043.0,2024-01
18,1575.0,7420.0,1911,8,347.0,1325.0,RM,Edwards,258445.0,146.3223,3247.0,301.6562,lot area verification is complete because documents are available.,1,verified,RM>Edwards,7420.0,232600.0,2024-01
19,2063.0,12390.0,1979,3,105.0,1114.0,FV,OldTown,250976.0,191.659,3282.0,304.9078,zoning verification is complete and neighborhood information is confirmed.,0,,FV>OldTown,12390.0,225878.0,2024-01
20,1727.0,6524.0,1995,9,557.0,1186.0,FV,Somerst,264294.0,160.4436,3470.0,322.3735,lot area verification is complete because documents are available.,1,verified,FV>Somerst,6524.0,237865.0,2024-01
21,1926.0,14680.0,1994,2,539.0,1443.0,RM,OldTown,240373.0,178.9313,3908.0,363.0651,property inspection is complete and garage area is measured.,0,,RM>OldTown,14680.0,216336.0,2024-01
22,1713.0,6819.0,1977,7,602.0,1011.0,RL,OldTown,261205.0,159.1429,3326.0,308.9955,lot area verification is complete because documents are available.,0,,RL>OldTown,6819.0,235084.0,2024-01
23,1361.0,11718.0,1970,4,569.0,412.0,RL,Somerst,225952.0,126.441,2342.0,217.5789,zoning verification is complete and neighborhood information is confirmed.,0,,RL>Somerst,11718.0,203357.0,2024-01
24,628.0,6174.0,1936,5,106.0,869.0,FV,CollgCr,176663.0,58.3431,1603.0,148.9236,lot area verification is complete because documents are available.,0,,FV>CollgCr,6174.0,158997.0,2024-01
25,2047.0,11460.0,1912,8,353.0,1188.0,RM,NridgHt,291036.0,190.1725,3588.0,333.3361,property inspection are complete and garage area is measured.,1,verified,RM>NridgHt,11460.0,261932.0,2024-01
26,1499.0,3660.0,1944,8,585.0,958.0,RH,CollgCr,242962.0,139.2617,3042.0,282.611,zoning verification is complete and neighborhood information is confirmed.,1,verified,RH>CollgCr,340.02,218666.0,2024-01
27,1329.0,8617.0,1935,4,385.0,1248.0,FV,Edwards,174832.0,123.4681,2962.0,275.1788,lot area verification is complete because documents are available.,0,,FV>Edwards,8617.0,157349.0,2024-01
28,2119.0,9728.0,1926,6,374.0,1037.0,RH,NridgHt,258733.0,196.8615,3530.0,327.9477,property inspection are complete and garage area is measured.,0,,RH>NridgHt,9728.0,232860.0,2024-01
29,2211.0,13836.0,1990,2,515.0,458.0,RL,OldTown,279013.0,205.4086,3184.0,295.8033,property inspection is complete and garage area is measured.,0,,RL>OldTown,13836.0,251112.0,2024-01
30,1691.0,13969.0,1933,6,548.0,1067.0,FV,Edwards,257461.0,157.099,3306.0,307.1375,property inspection is complete and garage area is measured.,0,,FV>Edwards,1297.76,231715.0,2024-01
31,1816.0,10525.0,1955,3,376.0,1073.0,FV,Somerst,243533.0,168.7119,3265.0,303.3284,sale condition was reviewed and valuation status is approved.,0,,FV>Somerst,977.8,219180.0,2024-01
32,450.0,14007.0,2001,6,640.0,1008.0,FV,OldTown,135849.0,41.8064,2098.0,194.9106,lot area verification is complete because documents are available.,0,,FV>OldTown,14007.0,122264.0,2024-01
33,2001.0,7976.0,1899,9,552.0,768.0,FV,OldTown,300027.0,185.899,3321.0,308.531,lot area verification is complete because documents are available.,1,verified,FV>OldTown,7976.0,270024.0,2024-01
34,950.0,14735.0,1915,4,509.0,527.0,RH,Edwards,169673.0,88.2579,1986.0,184.5054,property inspection is complete and garage area is measured.,0,,RH>Edwards,14735.0,152706.0,2024-01
35,1335.0,14218.0,1919,5,577.0,1386.0,RM,NAmes,242019.0,124.0256,3298.0,306.3942,zoning verification is complete and neighborhood information is confirmed.,0,,RM>NAmes,14218.0,217817.0,2024-01
36,1003.0,11563.0,1930,8,370.0,1290.0,RH,OldTown,200512.0,93.1817,2663.0,247.4008,zoning verification is complete and neighborhood information is confirmed.,1,verified,RH>OldTown,1074.24,180461.0,2024-01
37,1318.0,13331.0,1947,9,393.0,895.0,RL,Edwards,264896.0,122.4462,2606.0,242.1053,lot area verification is complete because documents are available.,1,verified,RL>Edwards,13331.0,238406.0,2024-01
38,1883.0,8429.0,1985,5,301.0,472.0,RH,CollgCr,258220.0,174.9364,2656.0,246.7505,sale condition was reviewed and valuation status is approved.,0,,RH>CollgCr,8429.0,232398.0,2024-01
39,2395.0,10727.0,1965,9,468.0,1264.0,RL,NAmes,369387.0,222.5028,4127.0,383.4108,lot area verification is complete because documents are available.,1,verified,RL>NAmes,10727.0,332448.0,2024-01
40,909.0,14477.0,1988,7,188.0,734.0,FV,NAmes,208581.0,84.4489,1831.0,170.1055,zoning verification is complete and neighborhood information is confirmed.,0,,FV>NAmes,14477.0,187723.0,2024-01
41,1859.0,11195.0,2002,8,513.0,486.0,RM,NridgHt,309220.0,172.7068,2858.0,265.5169,zoning verification is complete and neighborhood information is confirmed.,1,verified,RM>NridgHt,11195.0,278298.0,2024-01
42,1579.0,,1924,3,420.0,1270.0,FV,NridgHt,220826.0,146.6939,3269.0,303.7,zoning verification is complete and neighborhood information is confirmed.,0,,FV>NridgHt,873.01,198743.0,2024-01
43,1902.0,11306.0,1898,3,,807.0,RM,NAmes,293608.0,176.7016,3214.0,298.5904,property inspection is complete and garage area is measured.,0,,RM>NAmes,11306.0,264247.0,2024-01
44,1194.0,0.0,1902,8,300.0,1503.0,RL,Somerst,210445.0,110.9262,2997.0,278.4304,lot area verification is complete because documents are available.,1,verified,RL>Somerst,3730.0,189400.0,2024-01
45,1815.0,12003.0,1916,9,571.0,1163.0,FV,OldTown,,168.619,3549.0,329.7129,property inspection is complete and garage area is measured.,1,verified,FV>OldTown,1115.11,248629.0,2024-01
46,1238.0,6389.0,2009,5,412.0,594.0,RL,CollgCr,223340.0,115.014,2244.0,208.4744,zoning verification is complete and neighborhood information is confirmed.,0,,RL>CollgCr,593.56,201006.0,2024-01
47,2048.0,4971.0,1930,2,515.0,766.0,RM,Edwards,226456.0,190.2654,3329.0,309.2742,sale condition were reviewed and valuation status is aproved.,0,,RM>Edwards,4971.0,203810.0,2024-01
48,1685.0,9912.0,1963,5,733.0,887.0,RH,NAmes,241130.0,156.5416,3305.0,307.0445,zoning verification is complete and neighborhood information is confirmed.,0,,RH>NAmes,9912.0,217017.0,2024-01
49,2376.0,13933.0,1992,2,793.0,1497.0,FV,Somerst,,220.7376,4666.0,433.4856,property inspection is complete and garage area is measured.,0,,FV>Somerst,13933.0,285347.0,2024-01
50,1091.0,9048.0,1968,8,273.0,813.0,FV,OldTown,188758.0,101.3572,2177.0,202.2499,zoning verification is complete and neighborhood information is confirmed.,1,verified,FV>OldTown,9048.0,169882.0,2024-01
51,1788.0,11014.0,1935,4,447.0,1429.0,RM,OldTown,248432.0,166.1106,3664.0,340.3967,property inspection is complete and garage area is measured.,0,,RM>OldTown,11014.0,223589.0,2024-01
52,1164.0,12305.0,1946,8,487.0,964.0,FV,Somerst,232163.0,108.1391,2615.0,242.9414,property inspection is complete and garage area is measured.,1,verified,FV>Somerst,12305.0,208947.0,2024-01
53,1776.0,10992.0,1920,4,,859.0,RH,CollgCr,232525.0,164.9958,3146.0,292.273,zoning verification is complete and neighborhood information is confirmed.,0,,RH>CollgCr,1021.19,209272.0,2024-01
54,1738.0,11683.0,1969,8,229.0,0.0,RL,OldTown,250878.0,161.4655,1967.0,182.7403,property inspection is complete and garage area is measured.,1,verified,RL>OldTown,11683.0,225790.0,2024-01
55,1565.0,9398.0,1893,4,532.0,903.0,RH,NAmes,227200.0,145.3933,3000.0,278.7091,zoning verification is complete and neighborhood information is confirmed.,0,,RH>NAmes,9398.0,204480.0,2024-01
56,1555.0,7839.0,1980,2,386.0,658.0,RM,OldTown,205940.0,144.4642,2599.0,241.455,property inspection is complete and garage area is measured.,0,,RM>OldTown,7839.0,185346.0,2024-01
57,2273.0,10801.0,1986,4,545.0,1390.0,RM,NAmes,,211.1686,4208.0,390.936,sale condition was reviewed and valuation status is approved.,0,,RM>NAmes,10801.0,263551.0,2024-01
58,1662.0,15112.0,1940,2,236.0,1923.0,RM,NAmes,220817.0,154.4049,3821.0,354.9825,sale condition was reviewed and valuation status is approved.,0,,RM>NAmes,15112.0,198735.0,2024-01
59,1710.0,8205.0,1965,5,746.0,1355.0,RL,NridgHt,246107.0,158.8642,3811.0,354.0535,sale condition was reviewed and valuation status is approved.,0,,RL>NridgHt,8205.0,221496.0,2024-01
60,1442.0,10125.0,1960,6,603.0,1268.0,RM,NridgHt,241157.0,133.9662,3313.0,307.7878,sale condition was reviewed and valuation status is approved.,0,,RM>NridgHt,10125.0,217041.0,2024-01
61,1892.0,,1973,5,438.0,1104.0,RM,CollgCr,259326.0,175.7726,3434.0,319.029,property inspection is complete and garage area is measured.,0,,RM>CollgCr,858.98,233393.0,2024-01
62,1542.0,18417.0,1918,2,594.0,935.0,FV,Somerst,217668.0,143.2565,3071.0,285.3052,zoning verfication is complete and neighborhood information is confirmed.,0,,FV>Somerst,18417.0,195901.0,2024-01
63,2092.0,14226.0,1998,4,520.0,1169.0,RM,CollgCr,221514.0,194.3532,3781.0,351.2664,lot area verification is complete because documents are available.,0,,RM>CollgCr,14226.0,199363.0,2024-01
64,1512.0,8486.0,1926,7,419.0,607.0,RL,Somerst,208581.0,140.4694,2538.0,235.7879,sale condition was reviewed and valuation status is approved.,0,,RL>Somerst,8486.0,187723.0,2024-01
65,1569.0,2000.0,1921,2,,866.0,RM,NAmes,190539.0,145.7649,2814.0,261.4292,sale condition was reviewed and valuation status is approved.,0,,RM>NAmes,2000.0,171485.0,2024-01
66,1615.0,12532.0,1899,8,405.0,816.0,RL,Edwards,,150.0384,2836.0,263.473,sale condition were reviewed and valuation stauts is approved.,1,verified,RL>Edwards,12532.0,287262.0,2024-01
67,888.0,8293.0,1976,7,623.0,581.0,FV,NridgHt,185621.0,82.4979,2092.0,194.3532,lot area verification is complete because documents are available.,0,,FV>NridgHt,8293.0,167059.0,2024-01
68,770.0,2141.0,1901,5,733.0,1179.0,FV,Somerst,138540.0,71.5353,2682.0,249.166,property inspection is complete and garage area is measured.,0,,FV>Somerst,2141.0,124686.0,2024-01
69,1822.0,8005.0,1946,5,277.0,1181.0,RM,CollgCr,256267.0,169.2693,3280.0,304.722,sale condition was reviewed and valuation status is approved.,0,,RM>CollgCr,743.69,230640.0,2024-01
70,1159.0,15872.0,1986,3,132.0,723.0,RH,NridgHt,196308.0,107.6746,2014.0,187.1067,zoning verification is complete and neighborhood information is confirmed.,0,,RH>NridgHt,15872.0,176677.0,2024-01
71,1401.0,12071.0,1967,3,695.0,777.0,RL,Edwards,204208.0,130.1572,2873.0,266.9104,sale condition was reviewed and valuation status is approved.,0,,RL>Edwards,12071.0,183787.0,2024-01
72,1477.0,8179.0,1988,7,405.0,1175.0,FV,CollgCr,244146.0,137.2178,3057.0,284.0046,lot area verification is complete because documents are available.,0,,FV>CollgCr,8179.0,219731.0,2024-01
73,1526.0,10896.0,1902,3,427.0,798.0,FV,NAmes,243065.0,141.77,2751.0,255.5763,property inspection is complete and garage area is measured.,0,,FV>NAmes,10896.0,218758.0,2024-01
74,961.0,11041.0,2004,5,156.0,778.0,RL,NAmes,158094.0,89.2798,1895.0,176.0513,zoning verification is complete and neighborhood information is confirmed.,0,,RL>NAmes,11041.0,142285.0,2024-01
75,970.0,13746.0,1945,2,513.0,1117.0,RL,OldTown,177594.0,90.1159,2600.0,241.5479,sale condition was reviewed and valuation status is approved.,0,,RL>OldTown,1277.04,159835.0,2024-01
76,1389.0,11458.0,1990,6,105.0,1308.0,FV,OldTown,178874.0,129.0423,2802.0,260.3143,lot area verification is complete because documents are available.,0,,FV>OldTown,1064.48,160987.0,2024-01
77,1404.0,12132.0,1962,4,755.0,1330.0,FV,CollgCr,210156.0,130.4359,3489.0,324.1387,zoning verification is complete and neighborhood information is confirmed.,0,,FV>CollgCr,12132.0,189140.0,2024-01
78,1824.0,7601.0,1945,9,304.0,827.0,RH,CollgCr,282527.0,169.4551,2955.0,274.5285,property inspection is complete and garage area is measured.,1,verified,RH>CollgCr,7601.0,254274.0,2024-01
79,1430.0,12387.0,1907,8,566.0,1016.0,FV,NAmes,,132.8513,3012.0,279.824,lot area verification is complete because documents are available.,1,verified,FV>NAmes,12387.0,253518.0,2024-01
80,1771.0,2000.0,1901,5,,801.0,RM,CollgCr,255092.0,164.5313,3048.0,283.1685,property inspection is complete and garage area is measured.,0,,RM>CollgCr,2000.0,229583.0,2024-01
81,1330.0,14933.0,1959,9,646.0,853.0,RM,Edwards,260622.0,123.561,2829.0,262.8227,property inspection is complete and garage area is measured.,1,verified,RM>Edwards,14933.0,234560.0,2024-01
82,2038.0,8339.0,1995,9,348.0,1471.0,FV,Edwards,,189.3364,3857.0,358.327,property inspection are complete and garage area is measured.,1,verified,FV>Edwards,8339.0,270450.0,2024-01
83,1913.0,12868.0,1910,9,283.0,982.0,FV,CollgCr,,177.7235,3178.0,295.2459,lot area verification is complete because documents are available.,1,verified,FV>CollgCr,12868.0,267181.0,2024-01
84,1554.0,10402.0,1912,7,,737.0,RL,OldTown,261465.0,144.3713,3140.0,291.7155,sale condition was reviewed and valuation status is approved.,0,,RL>OldTown,10402.0,235318.0,2024-01
85,862.0,3136.0,1948,6,195.0,657.0,FV,NridgHt,145848.0,80.0824,1714.0,159.2358,lot area verification is complete because documents are available.,0,,FV>NridgHt,291.34,131263.0,2024-01
86,1035.0,4658.0,1961,4,570.0,978.0,RH,Edwards,170697.0,96.1546,2583.0,239.9686,zoning verification is complete and neighborhood information is confirmed.,0,,RH>Edwards,4658.0,153627.0,2024-01
87,1694.0,13156.0,1896,6,304.0,1054.0,RH,NridgHt,251110.0,157.3777,3052.0,283.5401,zoning verification is complete and neighborhood information is confirmed.,0,,RH>NridgHt,13156.0,225999.0,2024-01
88,1733.0,8791.0,2000,8,186.0,698.0,FV,Somerst,298947.0,161.001,2617.0,243.1273,zoning verification is complete and neighborhood information is confirmed.,1,verified,FV>Somerst,8791.0,269052.0,2024-01
89,829.0,6062.0,1930,9,452.0,795.0,RM,Edwards,225351.0,77.0166,2076.0,192.8667,sale condition were reviewed and valuation status is aproved.,1,verified,RM>Edwards,6062.0,202816.0,2024-01
90,1693.0,11910.0,1910,3,556.0,1151.0,RH,Somerst,260351.0,157.2848,3400.0,315.8703,sale condition was reviewed and valuation status is approved.,0,,RH>Somerst,1106.47,234316.0,2024-01
91,1730.0,12107.0,1950,3,242.0,644.0,FV,NridgHt,198001.0,160.7223,2616.0,243.0344,sale condition was reviewed and valuation status is approved.,0,,FV>NridgHt,12107.0,178201.0,2024-01
92,2664.0,8767.0,1956,3,483.0,566.0,RL,Edwards,,247.4937,3713.0,344.949,zoning verification is complete and neighborhood information is confirmed.,0,,RL>Edwards,814.48,307058.0,2024-01
93,1533.0,14104.0,1958,5,326.0,1201.0,RH,NAmes,231028.0,142.4204,3060.0,284.2833,lot area verification is complete because documents are available.,0,,RH>NAmes,14104.0,207925.0,2024-01
94,1840.0,6080.0,1937,4,473.0,606.0,RL,Somerst,,170.9416,2919.0,271.184,property inspection is complete and garage area is measured.,0,,RL>Somerst,6080.0,248320.0,2024-01
95,873.0,8065.0,1981,5,792.0,645.0,RM,Edwards,172375.0,81.1044,2310.0,214.606,zoning verification is complete and neighborhood information is confirmed.,0,,RM>Edwards,8065.0,155138.0,2024-01
96,1379.0,,1899,2,,1162.0,FV,NAmes,164044.0,128.1133,2986.0,277.4085,sale condition was reviewed and valuation status is approved.,0,,FV>NAmes,7723.0,147640.0,2024-01
97,1229.0,17538.0,1974,9,729.0,1525.0,RL,Edwards,230130.0,114.1778,3483.0,323.5813,zoning verification is complete and neighborhood information is confirmed.,1,verified,RL>Edwards,17538.0,207117.0,2024-01
98,1886.0,5910.0,1919,6,,26.0,RH,Somerst,233500.0,175.2151,2138.0,198.6267,sale condition was reviewed and valuation status is approved.,0,,RH>Somerst,5910.0,210150.0,2024-01
99,1635.0,13084.0,1908,4,444.0,1313.0,RM,NAmes,230118.0,151.8965,3392.0,315.1271,lot area verification is complete because documents are available.,0,,RM>NAmes,13084.0,207106.0,2024-01
100,1200.0,14354.0,1919,5,447.0,1049.0,RM,NAmes,192566.0,111.4836,2696.0,250.4666,sale condition was reviewed and valuation status is approved.,0,,RM>NAmes,14354.0,173309.0,2024-01
101,1157.0,8837.0,1943,5,726.0,748.0,RL,NAmes,196380.0,107.4888,2631.0,244.4279,lot area verification is complete because documents are available.,0,,RL>NAmes,8837.0,176742.0,2024-01
102,1779.0,8383.0,1993,6,644.0,452.0,RL,NAmes,266997.0,165.2745,2875.0,267.0962,sale condition was reviewed and valuation status is approved.,0,,RL>NAmes,8383.0,240297.0,2024-01
103,2121.0,17351.0,1914,5,,713.0,RL,NridgHt,,197.0473,3243.0,301.2846,lot area verification is complete because documents are available.,0,,RL>NridgHt,1611.96,276035.0,2024-01
104,2149.0,9725.0,1910,6,,901.0,FV,OldTown,277815.0,199.6486,3669.0,340.8613,lot area verification is complete because documents are available.,0,,FV>OldTown,903.48,250034.0,2024-01
105,1257.0,12377.0,1890,5,561.0,1270.0,RH,CollgCr,202002.0,116.7791,3088.0,286.8846,lot area verification is complete because documents are available.,0,,RH>CollgCr,12377.0,181802.0,2024-01
106,1527.0,12701.0,2006,2,337.0,595.0,FV,NridgHt,217480.0,141.8629,2459.0,228.4486,property inspection is complete and garage area is measured.,0,,FV>NridgHt,12701.0,195732.0,2024-01
107,1937.0,7835.0,1943,2,349.0,842.0,FV,Somerst,227797.0,179.9532,3128.0,290.6007,zoning verification is complete and neighborhood information is confirmed.,0,,FV>Somerst,7835.0,205017.0,2024-01
108,1043.0,5986.0,1973,3,363.0,915.0,RM,Edwards,169299.0,96.8979,2321.0,215.628,property inspection is complete and garage area is measured.,0,,RM>Edwards,5986.0,152369.0,2024-01
109,1943.0,6756.0,1918,9,665.0,1242.0,FV,Edwards,337718.0,180.5106,3850.0,357.6767,lot area verification is complete because documents are available.,1,verified,FV>Edwards,6756.0,303946.0,2024-01
110,1176.0,0.0,1959,3,570.0,291.0,FV,NridgHt,211348.0,109.254,2037.0,189.2435,sale condition was reviewed and valuation status is approved.,0,,FV>NridgHt,4275.0,190213.0,2024-01
111,1170.0,13706.0,2050,2,547.0,972.0,RL,NridgHt,165435.0,108.6966,2689.0,249.8163,sale condition was reviewed and valuation status is approved.,0,,RL>NridgHt,13706.0,148892.0,2024-01
112,1126.0,3213.0,1895,7,766.0,1005.0,RL,NAmes,222984.0,104.6088,2897.0,269.1401,property inspection is complete and garage area is measured.,0,,RL>NAmes,3213.0,200686.0,2024-01
113,1569.0,10690.0,1927,5,403.0,1455.0,RL,CollgCr,221262.0,145.7649,3427.0,318.3787,sale condition was reviewed and valuation status is approved.,0,,RL>CollgCr,10690.0,199136.0,2024-01
114,1424.0,14820.0,1990,9,221.0,960.0,RL,Edwards,250254.0,132.2939,2605.0,242.0124,zoning verification is complete and neighborhood information is confirmed.,1,verified,RL>Edwards,14820.0,225229.0,2024-01
115,1688.0,2000.0,1954,3,713.0,556.0,RL,NAmes,209851.0,156.8203,2957.0,274.7143,property inspection is complete and garage area is measured.,0,,RL>NAmes,185.81,188866.0,2024-01
116,1539.0,5058.0,1890,2,601.0,655.0,RM,CollgCr,224193.0,142.9778,2795.0,259.664,zoning verification is complete and neighborhood information is confirmed.,0,,RM>CollgCr,5058.0,201774.0,2024-01
117,1763.0,6474.0,1960,2,133.0,537.0,RH,Somerst,215808.0,163.7881,2433.0,226.0331,sale condition was reviewed and valuation status is approved.,0,,RH>Somerst,6474.0,194227.0,2024-01
118,1575.0,13254.0,2006,3,598.0,478.0,RL,Edwards,226188.0,146.3223,2651.0,246.286,property inspection is complete and garage area is measured.,0,,RL>Edwards,13254.0,203569.0,2024-01
119,1152.0,13506.0,1933,9,173.0,582.0,RM,NAmes,212853.0,107.0243,1907.0,177.1661,sale condition was reviewed and valuation status is approved.,1,verified,RM>NAmes,13506.0,191568.0,2024-01
120,524.0,8234.0,1914,6,229.0,0.0,RM,OldTown,119925.0,48.6812,753.0,69.956,property inspection is complete and garage area is measured.,0,,RM>OldTown,8234.0,107932.0,2024-01
121,1251.0,14509.0,1929,4,582.0,1171.0,RM,Somerst,223512.0,116.2217,3004.0,279.0807,sale condition was reviewed and valuation status is approved.,0,,RM>Somerst,1347.93,201161.0,2024-01
122,1919.0,10195.0,1907,9,,725.0,RL,NridgHt,,178.2809,3414.0,317.171,lot area verification is complete because documents are available.,1,verified,RL>NridgHt,10195.0,296765.0,2024-01
123,1390.0,11033.0,1911,2,799.0,1171.0,FV,Somerst,193322.0,129.1352,3360.0,312.1542,zoning verification is complete and neighborhood information is confirmed.,0,,FV>Somerst,1025.0,173990.0,2024-01
124,2079.0,10233.0,1957,2,340.0,1144.0,RH,NridgHt,282901.0,193.1454,3563.0,331.0135,property inspection is complete and garage area is measured.,0,,RH>NridgHt,10233.0,254611.0,2024-01
125,1543.0,13856.0,1943,7,500.0,840.0,RH,Edwards,258329.0,143.3494,2883.0,267.8395,sale condition was reviewed and valuation status is approved.,0,,RH>Edwards,13856.0,232496.0,2024-01
126,1795.0,12765.0,1904,5,581.0,652.0,FV,CollgCr,239849.0,166.761,3028.0,281.3104,zoning verification is complete and neighborhood information is confirmed.,0,,FV>CollgCr,1185.91,215864.0,2024-01
127,1885.0,10879.0,1956,9,451.0,1266.0,FV,Somerst,280128.0,175.1222,3602.0,334.6368,sale condition was reviewed and valuation status is approved.,1,verified,FV>Somerst,10879.0,252115.0,2024-01
128,1400.0,3701.0,1895,8,270.0,430.0,FV,OldTown,235013.0,130.0643,2100.0,195.0964,lot area verification is complete because documents are available.,1,verified,FV>OldTown,343.83,211512.0,2024-01
129,1802.0,13320.0,1973,4,141.0,769.0,RM,NridgHt,209743.0,167.4113,2712.0,251.953,zoning verification is complete and neighborhood information is confirmed.,0,,RM>NridgHt,13320.0,188769.0,2024-01
130,1424.0,13597.0,2006,5,357.0,791.0,RM,Edwards,218742.0,132.2939,2572.0,238.9466,zoning verification is complete and neighborhood information is confirmed.,0,,RM>Edwards,13597.0,196868.0,2024-01
131,1575.0,10686.0,1948,9,513.0,831.0,RH,NridgHt,289739.0,146.3223,2919.0,271.184,property inspection are complete and garage area is measured.,1,verified,RH>NridgHt,10686.0,260765.0,2024-01
132,2015.0,14844.0,1970,6,368.0,578.0,RH,Edwards,266609.0,187.1996,2961.0,275.0859,sale condition was reviewed and valuation status is approved.,0,,RH>Edwards,14844.0,239948.0,2024-01
133,1289.0,12585.0,1937,5,838.0,726.0,FV,Edwards,186597.0,119.752,2853.0,265.0524,sale condition was reviewed and valuation status is approved.,0,,FV>Edwards,12585.0,167937.0,2024-01
134,931.0,10678.0,1959,2,549.0,1098.0,FV,NAmes,142322.0,86.4927,2578.0,239.504,property inspection is complete and garage area is measured.,0,,FV>NAmes,992.02,128090.0,2024-01
135,1281.0,13571.0,1913,6,,1282.0,RM,Edwards,252024.0,119.0088,3171.0,294.5955,property inspection are complete and garage area is measured.,0,,RM>Edwards,13571.0,226822.0,2024-01
136,1059.0,7184.0,1898,3,414.0,840.0,RL,NridgHt,172297.0,98.3843,2313.0,214.8847,sale condition was reviewed and valuation status is approved.,0,,RL>NridgHt,667.42,155067.0,2024-01
137,787.0,11512.0,1962,3,646.0,874.0,FV,CollgCr,143502.0,73.1147,2307.0,214.3273,zoning verification is complete and neighborhood information is confirmed.,0,,FV>CollgCr,11512.0,129152.0,2024-01
138,2194.0,12191.0,1951,8,593.0,1182.0,FV,CollgCr,332298.0,203.8293,3969.0,368.7322,sale condition was reviewed and valuation status is approved.,1,verified,FV>CollgCr,1132.58,299068.0,2024-01
139,1664.0,15488.0,1899,4,426.0,1064.0,RL,CollgCr,261770.0,154.5907,3154.0,293.0162,lot area verification is complete because documents are available.,0,,RL>CollgCr,15488.0,235593.0,2024-01
140,1335.0,8032.0,1992,7,154.0,1397.0,RH,OldTown,239458.0,124.0256,2886.0,268.1182,property inspection is complete and garage area is measured.,0,,RH>OldTown,8032.0,215512.0,2024-01
141,1661.0,6783.0,1899,6,,1107.0,FV,NAmes,242771.0,154.3119,3348.0,311.0394,property inspection is complete and garage area is measured.,0,,FV>NAmes,6783.0,218494.0,2024-01
142,1694.0,13417.0,1948,7,606.0,1085.0,RH,NridgHt,243644.0,157.3777,3385.0,314.4768,sale condition was reviewed and valuation status is approved.,0,,RH>NridgHt,1246.48,219280.0,2024-01
143,1262.0,9147.0,1964,9,0.0,1022.0,RL,CollgCr,259544.0,117.2436,2284.0,212.1905,zoning verification is complete and neighborhood information is confirmed.,1,verified,RL>CollgCr,9147.0,233590.0,2024-01
144,1097.0,6167.0,2000,7,677.0,997.0,RH,OldTown,249314.0,101.9146,2771.0,257.4343,property inspection are complete and garage area is measured.,0,,RH>OldTown,6167.0,224383.0,2024-01
145,1051.0,11664.0,1934,5,246.0,1253.0,RL,Edwards,163414.0,97.6411,2550.0,236.9028,sale condition was reviewed and valuation status is approved.,0,,RL>Edwards,11664.0,147073.0,2024-01
146,882.0,19744.0,1988,9,452.0,1038.0,RH,Edwards,207461.0,81.9405,2372.0,220.366,sale condition was reviewed and valuation status is approved.,1,verified,RH>Edwards,19744.0,186715.0,2024-01
147,821.0,12563.0,1910,5,799.0,1253.0,RL,Somerst,181594.0,76.2734,2873.0,266.9104,zoning verification is complete and neighborhood information is confirmed.,0,,RL>Somerst,1167.14,163435.0,2024-01
148,2291.0,,1986,6,637.0,1592.0,RL,Edwards,320342.0,212.8409,4520.0,419.9217,zoning verification is complete and neighborhood information is confirmed.,0,,RL>Edwards,5991.0,288308.0,2024-01
149,1204.0,7883.0,2094,5,662.0,780.0,FV,Edwards,193867.0,111.8553,2646.0,245.8214,zoning verification is complete and neighborhood information is confirmed.,0,,FV>Edwards,7883.0,174480.0,2024-01
150,1402.0,6884.0,1949,8,431.0,816.0,RH,Edwards,248217.0,130.2501,2649.0,246.1002,zoning verification is complete and neighborhood information is confirmed.,1,verified,RH>Edwards,639.54,223395.0,2024-01
151,1736.0,6317.0,1921,4,,920.0,RM,Somerst,221814.0,161.2797,3353.0,311.5039,lot area verification is complete because documents are available.,0,,RM>Somerst,6317.0,199633.0,2024-01
152,1344.0,10526.0,1958,4,302.0,1079.0,FV,Edwards,204820.0,124.8617,2725.0,253.1608,zoning verification is complete and neighborhood information is confirmed.,0,,FV>Edwards,977.9,184338.0,2024-01
153,1507.0,8126.0,1903,7,370.0,1443.0,FV,Edwards,248296.0,140.0049,3320.0,308.4381,property inspection is complete and garage area is measured.,0,,FV>Edwards,754.93,223466.0,2024-01
154,995.0,16717.0,1905,5,,1457.0,FV,OldTown,198909.0,92.4385,2723.0,252.975,property inspection is complete and garage area is measured.,0,,FV>OldTown,16717.0,179018.0,2024-01
155,1503.0,8274.0,1995,8,269.0,876.0,FV,NridgHt,231811.0,139.6333,2648.0,246.0072,property inspection is complete and garage area is measured.,1,verified,FV>NridgHt,8274.0,208630.0,2024-01
156,1588.0,12303.0,1923,3,753.0,869.0,FV,NAmes,213674.0,147.53,3210.0,298.2188,lot area verification is complete because documents are available.,0,,FV>NAmes,12303.0,192307.0,2024-01
157,868.0,11851.0,1938,4,538.0,1326.0,FV,NAmes,187805.0,80.6398,2732.0,253.8111,lot area verification is complete because documents are available.,0,,FV>NAmes,11851.0,169024.0,2024-01
158,1352.0,14476.0,1934,5,578.0,250.0,RL,CollgCr,233832.0,125.6049,2180.0,202.5286,lot area verification is complete because documents are available.,0,,RL>CollgCr,14476.0,210449.0,2024-01
159,1402.0,8500.0,1988,5,699.0,783.0,RH,Edwards,273150.0,130.2501,2884.0,267.9324,zoning verification is complete and neighborhood information is confirmed.,0,,RH>Edwards,8500.0,245835.0,2024-01
160,1697.0,5788.0,2007,8,951.0,793.0,RL,CollgCr,,157.6565,3441.0,319.6794,lot area verification is complete because documents are available.,1,verified,RL>CollgCr,5788.0,298461.0,2024-01
161,1116.0,8541.0,1930,5,196.0,272.0,FV,CollgCr,150292.0,103.6798,1584.0,147.1584,lot area verification is complete because documents are available.,0,,FV>CollgCr,8541.0,135263.0,2024-01
162,1060.0,13019.0,1952,6,201.0,1463.0,RH,Somerst,208129.0,98.4772,2724.0,253.0679,lot area verification is complete because documents are available.,0,,RH>Somerst,13019.0,187316.0,2024-01
163,2280.0,9722.0,1890,3,,739.0,FV,Somerst,276080.0,211.8189,3384.0,314.3839,sale condition was reviewed and valuation status is approved.,0,,FV>Somerst,9722.0,248472.0,2024-01
164,1961.0,8252.0,1988,9,607.0,1363.0,RM,NridgHt,,182.1829,3931.0,365.2019,lot area verification is complete because documents are available.,1,verified,RM>NridgHt,766.64,285331.0,2024-01
165,2245.0,14347.0,1942,5,332.0,918.0,RM,Somerst,318342.0,208.5673,3495.0,324.6961,sale condition was reviewed and valuation status is approved.,0,,RM>Somerst,14347.0,286508.0,2024-01
166,1891.0,12264.0,1912,6,1054.0,974.0,FV,NAmes,255601.0,175.6796,3919.0,364.087,lot area verification is complete because documents are available.,0,,FV>NAmes,12264.0,230041.0,2024-01
167,1455.0,2000.0,1890,4,,708.0,FV,NAmes,213246.0,135.1739,2711.0,251.8601,zoning verification is complete and neighborhood information is confirmed.,0,,FV>NAmes,2000.0,191921.0,2024-01
168,1991.0,7889.0,1917,4,,600.0,RM,CollgCr,291173.0,184.97,3061.0,284.3762,sale condition was reviewed and valuation status is approved.,0,,RM>CollgCr,7889.0,262056.0,2024-01
169,1435.0,16131.0,1987,6,389.0,875.0,RH,NAmes,245236.0,133.3159,2699.0,250.7453,sale condition was reviewed and valuation status is approved.,0,,RH>NAmes,16131.0,220712.0,2024-01
170,1402.0,11259.0,1931,3,488.0,977.0,RH,NAmes,232242.0,130.2501,2867.0,266.353,lot area verification is complete because documents are available.,0,,RH>NAmes,11259.0,209018.0,2024-01
171,1853.0,11456.0,1928,5,520.0,1236.0,FV,NridgHt,243284.0,172.1493,3609.0,335.2871,lot area verification is complete because documents are available.,0,,FV>NridgHt,11456.0,218956.0,2024-01
172,1633.0,4441.0,1955,8,435.0,758.0,RL,OldTown,266548.0,151.7107,2826.0,262.544,zoning verification is complete and neighborhood information is confirmed.,1,verified,RL>OldTown,4441.0,239893.0,2024-01
173,1674.0,,1952,6,502.0,1144.0,RL,NAmes,238398.0,155.5197,3320.0,308.4381,zoning verification is complete and neighborhood information is confirmed.,0,,RL>NAmes,1241.46,214558.0,2024-01
174,1973.0,11718.0,1895,9,801.0,673.0,RH,Edwards,,183.2977,3447.0,320.2368,sale condition was reviewed and valuation status is approved.,1,verified,RH>Edwards,11718.0,272889.0,2024-01
175,1358.0,,1947,3,355.0,530.0,RL,CollgCr,201857.0,126.1623,2243.0,208.3815,sale condition was reviewed and valuation status is approved.,0,,RL>CollgCr,10034.0,181671.0,2024-01
176,1173.0,8127.0,1896,9,620.0,1020.0,RH,Edwards,234550.0,108.9753,2813.0,261.3363,property inspection is complete and garage area is measured.,1,verified,RH>Edwards,8127.0,211095.0,2024-01
177,1102.0,12406.0,1915,9,498.0,1556.0,RL,Edwards,227128.0,102.3792,3156.0,293.202,property inspection is complete and garage area is measured.,1,verified,RL>Edwards,1152.55,204415.0,2024-01
178,1561.0,7050.0,2009,2,190.0,1194.0,RL,NridgHt,221587.0,145.0216,2945.0,273.5995,property inspection is complete and garage area is measured.,0,,RL>NridgHt,654.97,199428.0,2024-01
179,1449.0,11717.0,2004,9,395.0,646.0,RH,CollgCr,260912.0,134.6165,2490.0,231.3286,sale condition was reviewed and valuation status is approved.,1,verified,RH>CollgCr,11717.0,234821.0,2024-01
180,1840.0,,1971,9,295.0,938.0,FV,NridgHt,312223.0,170.9416,3073.0,285.491,lot area verification is complete because documents are available.,1,verified,FV>NridgHt,7915.0,281001.0,2024-01
181,1633.0,8044.0,1985,7,539.0,1115.0,RH,OldTown,253470.0,151.7107,3287.0,305.3723,lot area verification are complete because documments are available.,0,,RH>OldTown,8044.0,228123.0,2024-01
182,1630.0,6970.0,1897,6,,699.0,RL,NridgHt,227779.0,151.432,2886.0,268.1182,sale condition was reviewed and valuation status is approved.,0,,RL>NridgHt,6970.0,205001.0,2024-01
183,950.0,14151.0,1988,3,559.0,1027.0,RL,OldTown,168385.0,88.2579,2536.0,235.6021,sale condition was reviewed and valuation status is approved.,0,,RL>OldTown,14151.0,151546.0,2024-01
184,1900.0,12939.0,1963,5,496.0,337.0,RH,Edwards,282945.0,176.5158,2733.0,253.904,zoning verification is complete and neighborhood information is confirmed.,0,,RH>Edwards,12939.0,254650.0,2024-01
185,1298.0,14093.0,1901,8,431.0,48.0,FV,CollgCr,254559.0,120.5881,1777.0,165.0887,zoning verification is complete and neighborhood information is confirmed.,1,verified,FV>CollgCr,1309.28,229103.0,2024-01
186,1861.0,12143.0,1916,8,,679.0,RM,NridgHt,292339.0,172.8926,2918.0,271.0911,zoning verification is complete and neighborhood information is confirmed.,1,verified,RM>NridgHt,12143.0,263105.0,2024-01
187,1566.0,11502.0,1903,5,,1028.0,RM,CollgCr,245826.0,145.4862,3164.0,293.9452,zoning verification is complete and neighborhood information is confirmed.,0,,RM>CollgCr,11502.0,221243.0,2024-01
188,1468.0,17358.0,1910,5,,1456.0,RH,NAmes,206227.0,136.3817,3675.0,341.4187,property inspection is complete and garage area is measured.,0,,RH>NAmes,17358.0,185604.0,2024-01
189,1677.0,9453.0,1908,5,592.0,279.0,RM,Edwards,257441.0,155.7984,2548.0,236.7169,property inspection is complete and garage area is measured.,0,,RM>Edwards,9453.0,231697.0,2024-01
190,1677.0,17317.0,1903,3,511.0,1142.0,RM,OldTown,256270.0,155.7984,3330.0,309.3671,property inspection is complete and garage area is measured.,0,,RM>OldTown,17317.0,230643.0,2024-01
191,1684.0,16159.0,1975,4,616.0,807.0,FV,Somerst,271128.0,156.4487,3107.0,288.6497,zoning verification is complete and neighborhood information is confirmed.,0,,FV>Somerst,16159.0,244015.0,2024-01
192,1177.0,15268.0,1959,7,317.0,936.0,RH,NridgHt,215364.0,109.3469,2430.0,225.7544,lot area verification is complete because documents are available.,0,,RH>NridgHt,1418.44,193828.0,2024-01
193,1253.0,14231.0,1966,2,594.0,782.0,RH,NAmes,164226.0,116.4075,2629.0,244.2421,zoning verification is complete and neighborhood information is confirmed.,0,,RH>NAmes,14231.0,147803.0,2024-01
194,1729.0,18116.0,1976,4,406.0,497.0,RL,CollgCr,246959.0,160.6294,2632.0,244.5208,zoning verification is complete and neighborhood information is confirmed.,0,,RL>CollgCr,18116.0,222263.0,2024-01
195,2105.0,11947.0,1947,3,351.0,607.0,RL,CollgCr,233950.0,195.5609,3063.0,284.562,sale condition was reviewed and valuation status is approved.,0,,RL>CollgCr,1109.91,210555.0,2024-01
196,1272.0,9171.0,1977,2,197.0,751.0,RL,Edwards,204778.0,118.1727,2220.0,206.2447,property inspection is complete and garage area is measured.,0,,RL>Edwards,9171.0,184300.0,2024-01
197,2145.0,9131.0,1987,2,676.0,777.0,RL,NridgHt,291677.0,199.277,3598.0,334.2651,zoning verification is complete and neighborhood information is confirmed.,0,,RL>NridgHt,9131.0,262509.0,2024-01
198,1696.0,7100.0,1891,4,,1295.0,FV,Somerst,240979.0,157.5636,3432.0,318.8432,zoning verification is complete and neighborhood information is confirmed.,0,,FV>Somerst,7100.0,216881.0,2024-01
199,1622.0,15624.0,1974,3,530.0,866.0,RM,NAmes,212673.0,150.6887,3018.0,280.3814,lot area verification is complete because documents are available.,0,,RM>NAmes,15624.0,191406.0,2024-01
200,1868.0,14913.0,1996,6,591.0,1235.0,FV,Somerst,269327.0,173.5429,3694.0,343.1838,zoning verification is complete and neighborhood information is confirmed.,0,,FV>Somerst,14913.0,242394.0,2024-01
201,1502.0,13612.0,1956,5,431.0,1424.0,RH,NridgHt,249941.0,139.5404,3357.0,311.8755,zoning verification is complete and neighborhood information is confirmed.,0,,RH>NridgHt,13612.0,224947.0,2024-01
202,1116.0,,1957,8,414.0,363.0,FV,NAmes,215375.0,103.6798,1893.0,175.8655,property inspection is complete and garage area is measured.,1,verified,FV>NAmes,6637.0,193838.0,2024-01
203,1683.0,14771.0,1985,3,505.0,750.0,RM,Edwards,,156.3558,2938.0,272.9491,sale condition was reviewed and valuation status is approved.,0,,RM>Edwards,14771.0,248699.0,2024-01
204,1577.0,9285.0,1944,2,380.0,722.0,RH,NAmes,211790.0,146.5081,2679.0,248.8872,zoning verification is complete and neighborhood information is confirmed.,0,,RH>NAmes,9285.0,190611.0,2024-01
205,1171.0,7264.0,2003,2,331.0,798.0,FV,Edwards,146753.0,108.7895,2300.0,213.677,property inspection are complete and garage area is measured.,0,,FV>Edwards,7264.0,132078.0,2024-01
206,1241.0,19002.0,1978,4,697.0,811.0,RH,OldTown,213114.0,115.2927,2749.0,255.3905,sale condition was reviewed and valuation status is approved.,0,,RH>OldTown,19002.0,191803.0,2024-01
207,2010.0,8320.0,1920,3,,810.0,FV,CollgCr,264500.0,186.7351,3205.0,297.7542,property inspection is complete and garage area is measured.,0,,FV>CollgCr,8320.0,238050.0,2024-01
208,1193.0,10974.0,1949,8,289.0,1472.0,RH,NAmes,215445.0,110.8333,2954.0,274.4356,sale condition was reviewed and valuation status is approved.,1,verified,RH>NAmes,10974.0,193900.0,2024-01
209,1741.0,6318.0,1971,8,696.0,1127.0,FV,Edwards,,161.7442,3564.0,331.1064,zoning verification is complete and neighborhood information is confirmed.,1,verified,FV>Edwards,6318.0,272416.0,2024-01
210,2007.0,11275.0,2006,7,423.0,1114.0,FV,OldTown,,186.4564,3544.0,329.2484,zoning verification is complete and neighborhood information is confirmed.,0,,FV>OldTown,1047.48,284751.0,2024-01
211,1887.0,13412.0,1950,4,119.0,1598.0,RL,NAmes,255684.0,175.308,3604.0,334.8226,sale condition was reviewed and valuation status is approved.,0,,RL>NAmes,13412.0,230116.0,2024-01
212,1301.0,15768.0,1954,7,367.0,170.0,RH,CollgCr,226812.0,120.8669,1838.0,170.7558,zoning verification is complete and neighborhood information is confirmed.,0,,RH>CollgCr,15768.0,204131.0,2024-01
213,1271.0,8005.0,1905,6,477.0,1067.0,RM,Edwards,226754.0,118.0798,2815.0,261.5221,sale condition was reviewed and valuation status is approved.,0,,RM>Edwards,8005.0,204079.0,2024-01
214,1252.0,11895.0,1924,2,680.0,627.0,RM,NridgHt,181517.0,116.3146,2559.0,237.7389,sale condition was reviewed and valuation status is approved.,0,,RM>NridgHt,1105.08,163365.0,2024-01
215,1922.0,7336.0,1969,6,362.0,790.0,RH,Somerst,280276.0,178.5596,3074.0,285.5839,sale condition was reviewed and valuation status is approved.,0,,RH>Somerst,7336.0,252248.0,2024-01
216,2048.0,9953.0,1967,3,347.0,908.0,RL,NridgHt,276026.0,190.2654,3303.0,306.8587,sale condition was reviewed and valuation status is approved.,0,,RL>NridgHt,9953.0,248423.0,2024-01
217,1773.0,13301.0,1949,4,662.0,561.0,RH,Edwards,239793.0,164.7171,2996.0,278.3375,property inspection is complete and garage area is measured.,0,,RH>Edwards,13301.0,215814.0,2024-01
218,1925.0,5155.0,1899,9,,542.0,FV,NridgHt,319391.0,178.8384,2833.0,263.1943,property inspection is complete and garage area is measured.,1,verified,FV>NridgHt,5155.0,287452.0,2024-01
219,1466.0,,1915,7,325.0,1012.0,RM,OldTown,242701.0,136.1959,2803.0,260.4072,lot area verification is complete because documents are available.,0,,RM>OldTown,13643.0,218431.0,2024-01
220,1811.0,4855.0,1926,4,204.0,1189.0,FV,OldTown,231614.0,168.2474,3204.0,297.6613,zoning verification is complete and neighborhood information is confirmed.,0,,FV>OldTown,4855.0,208453.0,2024-01
221,1582.0,11429.0,1993,2,295.0,529.0,RH,CollgCr,251139.0,146.9726,2406.0,223.5247,property inspection is complete and garage area is measured.,0,,RH>CollgCr,11429.0,226025.0,2024-01
222,1618.0,10024.0,1932,2,656.0,375.0,RH,Edwards,230480.0,150.3171,2649.0,246.1002,lot area verification is complete because documents are available.,0,,RH>Edwards,10024.0,207432.0,2024-01
223,1730.0,8913.0,2073,7,414.0,336.0,RM,NAmes,224028.0,160.7223,2480.0,230.3995,zoning verification is complete and neighborhood information is confirmed.,0,,RM>NAmes,8913.0,201625.0,2024-01
224,632.0,9692.0,1905,9,459.0,1077.0,RM,OldTown,187324.0,58.7147,2168.0,201.4138,property inspection is complete and garage area is measured.,1,verified,RM>OldTown,9692.0,168592.0,2024-01
225,1187.0,14953.0,1948,6,685.0,839.0,RM,OldTown,212106.0,110.2759,2711.0,251.8601,property inspection is complete and garage area is measured.,0,,RM>OldTown,1389.18,190895.0,2024-01
226,1667.0,6990.0,1982,2,400.0,1098.0,FV,OldTown,206095.0,154.8694,3165.0,294.0381,lot area verification is complete because documents are available.,0,,FV>OldTown,6990.0,185486.0,2024-01
227,1160.0,,1921,9,,1689.0,RL,OldTown,231545.0,107.7675,3113.0,289.2072,property inspection is complete and garage area is measured.,1,verified,RL>OldTown,785.03,208390.0,2024-01
228,1758.0,19056.0,1935,8,728.0,405.0,RL,CollgCr,271201.0,163.3235,2891.0,268.5827,sale condition was reviewed and valuation status is approved.,1,verified,RL>CollgCr,19056.0,244081.0,2024-01
229,2103.0,13949.0,1987,7,291.0,1295.0,RH,OldTown,302398.0,195.3751,3689.0,342.7193,lot area verification is complete because documents are available.,0,,RH>OldTown,13949.0,272158.0,2024-01
230,1927.0,,1953,4,700.0,1203.0,RH,NridgHt,242253.0,179.0242,3830.0,355.8186,lot area verification is complete because documents are available.,0,,RH>NridgHt,1105.36,218028.0,2024-01
231,841.0,14560.0,1947,2,326.0,1124.0,RL,Edwards,135052.0,78.1315,2291.0,212.8409,property inspection is complete and garage area is measured.,0,,RL>Edwards,14560.0,121547.0,2024-01
232,1273.0,10523.0,1912,9,,926.0,FV,Somerst,216046.0,118.2656,2642.0,245.4498,zoning verification is complete and neighborhood information is confirmed.,1,verified,FV>Somerst,977.62,194441.0,2024-01
233,1819.0,11160.0,1919,7,,641.0,RH,Edwards,,168.9906,2949.0,273.9711,property inspection are complete and garage area is measured.,0,,RH>Edwards,1036.8,262206.0,2024-01
234,1454.0,7111.0,1974,8,196.0,743.0,RH,NridgHt,211060.0,135.081,2393.0,222.317,zoning verification is complete and neighborhood information is confirmed.,1,verified,RH>NridgHt,7111.0,189954.0,2024-01
235,2062.0,13541.0,1904,9,,311.0,RM,Somerst,333880.0,191.5661,2757.0,256.1337,zoning verification is complete and neighborhood information is confirmed.,1,verified,RM>Somerst,13541.0,300492.0,2024-01
236,1160.0,8197.0,2007,7,473.0,669.0,RH,NAmes,207582.0,107.7675,2302.0,213.8628,lot area verification is complete because documents are available.,0,,RH>NAmes,761.53,186824.0,2024-01
237,1378.0,16437.0,1907,7,302.0,820.0,FV,Somerst,226421.0,128.0204,2500.0,232.2576,lot area verification is complete because documents are available.,0,,FV>Somerst,16437.0,203779.0,2024-01
238,1500.0,8059.0,1923,2,480.0,704.0,RL,CollgCr,199430.0,139.3546,2684.0,249.3518,zoning verification is complete and neighborhood information is confirmed.,0,,RL>CollgCr,8059.0,179487.0,2024-01
239,1741.0,11401.0,1944,7,429.0,1247.0,RH,Edwards,263338.0,161.7442,3417.0,317.4497,property inspection is complete and garage area is measured.,0,,RH>Edwards,11401.0,237004.0,2024-01
240,1001.0,6136.0,1974,4,322.0,1090.0,RL,NridgHt,174602.0,92.9959,2413.0,224.175,zoning verification is complete and neighborhood information is confirmed.,0,,RL>NridgHt,6136.0,157142.0,2024-01
241,1977.0,7280.0,2004,3,400.0,1261.0,RL,NridgHt,257465.0,183.6693,3638.0,337.9813,property inspection is complete and garage area is measured.,0,,RL>NridgHt,7280.0,231718.0,2024-01
242,1930.0,8026.0,1960,9,661.0,1057.0,RH,NridgHt,325052.0,179.3029,3648.0,338.9103,property inspection is complete and garage area is measured.,1,verified,RH>NridgHt,8026.0,292547.0,2024-01
243,1644.0,15929.0,1892,5,391.0,237.0,RL,Somerst,255514.0,152.7326,2272.0,211.0757,property inspection is complete and garage area is measured.,0,,RL>Somerst,15929.0,229963.0,2024-01
244,993.0,13302.0,1941,4,324.0,886.0,RM,NridgHt,173284.0,92.2527,2203.0,204.6654,sale condition was reviewed and valuation status is approved.,0,,RM>NridgHt,1235.8,155956.0,2024-01
245,2560.0,13564.0,1923,8,633.0,799.0,RL,Edwards,355620.0,237.8318,3992.0,370.8689,zoning verification is complete and neighborhood information is confirmed.,1,verified,RL>Edwards,1260.14,320058.0,2024-01
246,1423.0,16246.0,1947,4,578.0,243.0,RM,CollgCr,251548.0,132.201,2244.0,208.4744,sale condition was reviewed and valuation status is approved.,0,,RM>CollgCr,16246.0,226393.0,2024-01
247,797.0,11170.0,1891,8,,828.0,FV,OldTown,222252.0,74.0437,2160.0,200.6706,property inspection is complete and garage area is measured.,1,verified,FV>OldTown,11170.0,200027.0,2024-01
248,1159.0,4129.0,1976,3,282.0,752.0,FV,Somerst,162067.0,107.6746,2193.0,203.7364,property inspection is complete and garage area is measured.,0,,FV>Somerst,4129.0,145860.0,2024-01
249,632.0,11525.0,1946,2,392.0,1501.0,RL,Edwards,119528.0,58.7147,2525.0,234.5802,zoning verification is complete and neighborhood information is confirmed.,0,,RL>Edwards,11525.0,107575.0,2024-01
250,1024.0,13241.0,1988,6,360.0,1438.0,FV,Somerst,159403.0,95.1327,2822.0,262.1724,property inspection is complete and garage area is measured.,0,,FV>Somerst,1230.13,143463.0,2024-01
251,1418.0,9983.0,1950,8,302.0,678.0,FV,Edwards,251992.0,131.7365,2398.0,222.7815,sale condition was reviewed and valuation status is approved.,1,verified,FV>Edwards,9983.0,226793.0,2024-01
252,2417.0,16039.0,1969,4,252.0,260.0,RM,OldTown,308216.0,224.5466,2929.0,272.113,sale condition was reviewed and valuation status is approved.,0,,RM>OldTown,1490.07,277394.0,2024-01
253,991.0,8730.0,2075,4,218.0,1024.0,RH,NridgHt,168144.0,92.0669,2233.0,207.4525,zoning verification is complete and neighborhood information is confirmed.,0,,RH>NridgHt,8730.0,151330.0,2024-01
254,2050.0,4431.0,1943,7,705.0,1163.0,FV,Somerst,283621.0,190.4512,3918.0,363.9941,property inspection is complete and garage area is measured.,0,,FV>Somerst,4431.0,255259.0,2024-01
255,1674.0,12683.0,1989,5,710.0,777.0,RL,OldTown,254941.0,155.5197,3161.0,293.6665,property inspection is complete and garage area is measured.,0,,RL>OldTown,12683.0,229447.0,2024-01
256,1183.0,11947.0,1997,2,579.0,1105.0,RL,Somerst,210360.0,109.9043,2867.0,266.353,zoning verification are complete and neighborhood infromation is confirmed.,0,,RL>Somerst,11947.0,189324.0,2024-01
257,450.0,6375.0,1990,2,308.0,548.0,RL,NridgHt,100566.0,41.8064,1306.0,121.3314,sale condition was reviewed and valuation status is approved.,0,,RL>NridgHt,6375.0,90509.0,2024-01
258,1405.0,9372.0,1987,5,0.0,1400.0,RH,CollgCr,196672.0,130.5288,2805.0,260.593,property inspection is complete and garage area is measured.,0,,RH>CollgCr,9372.0,177005.0,2024-01
259,1217.0,12048.0,1906,6,508.0,557.0,RL,CollgCr,210378.0,113.063,2282.0,212.0047,zoning verification is complete and neighborhood information is confirmed.,0,,RL>CollgCr,12048.0,189340.0,2024-01
260,2457.0,3621.0,1896,6,312.0,510.0,FV,Somerst,312477.0,228.2628,3279.0,304.6291,property inspection is complete and garage area is measured.,0,,FV>Somerst,3621.0,281229.0,2024-01
261,1111.0,10290.0,1960,7,405.0,610.0,FV,CollgCr,213918.0,103.2153,2126.0,197.5119,zoning verification is complete and neighborhood information is confirmed.,0,,FV>CollgCr,10290.0,192526.0,2024-01
262,1626.0,10632.0,1906,5,,898.0,RM,CollgCr,245225.0,151.0603,3367.0,312.8045,zoning verification is complete and neighborhood information is confirmed.,0,,RM>CollgCr,987.74,220702.0,2024-01
263,1210.0,15718.0,1970,4,116.0,418.0,FV,NridgHt,215188.0,112.4127,1744.0,162.0229,sale condition was reviewed and valuation status is approved.,0,,FV>NridgHt,15718.0,193669.0,2024-01
264,1533.0,18579.0,1981,6,358.0,949.0,RH,NridgHt,253348.0,142.4204,2840.0,263.8446,zoning verification is complete and neighborhood information is confirmed.,0,,RH>NridgHt,18579.0,228013.0,2024-01
265,1808.0,10220.0,1947,8,247.0,864.0,RL,CollgCr,274232.0,167.9687,2919.0,271.184,zoning verification is complete and neighborhood information is confirmed.,1,verified,RL>CollgCr,10220.0,246809.0,2024-01
266,1031.0,5000.0,1942,3,455.0,1235.0,FV,CollgCr,147887.0,95.783,2721.0,252.7892,lot area verification is complete because documents are available.,0,,FV>CollgCr,5000.0,133098.0,2024-01
267,1691.0,15899.0,1893,7,,946.0,RL,Somerst,251260.0,157.099,3271.0,303.8858,property inspection is complete and garage area is measured.,0,,RL>Somerst,15899.0,226134.0,2024-01
268,1318.0,6884.0,1964,6,381.0,934.0,FV,Edwards,226002.0,122.4462,2633.0,244.6137,zoning verification is complete and neighborhood information is confirmed.,0,,FV>Edwards,6884.0,203402.0,2024-01
269,1356.0,14345.0,1959,3,310.0,449.0,FV,Somerst,196665.0,125.9765,2115.0,196.4899,property inspection is complete and garage area is measured.,0,,FV>Somerst,14345.0,176998.0,2024-01
270,1586.0,12295.0,1984,9,348.0,1484.0,RM,NridgHt,,147.3442,3418.0,317.5426,lot area verification is complete because documents are available.,1,verified,RM>NridgHt,12295.0,268973.0,2024-01
271,2105.0,13550.0,2003,2,427.0,322.0,RH,NAmes,236994.0,195.5609,2854.0,265.1453,lot area verification is complete because documents are available.,0,,RH>NAmes,1258.84,213295.0,2024-01
272,2071.0,13200.0,1997,6,571.0,868.0,RH,NridgHt,323547.0,192.4022,3510.0,326.0897,lot area verification is complete because documents are available.,0,,RH>NridgHt,1226.32,291192.0,2024-01
273,1044.0,10073.0,1918,4,,1163.0,FV,Somerst,189444.0,96.9908,2568.0,238.575,lot area verification is complete because documents are available.,0,,FV>Somerst,10073.0,170500.0,2024-01
274,1422.0,14643.0,1928,3,522.0,1050.0,RL,NridgHt,196062.0,132.1081,2994.0,278.1517,sale condition was reviewed and valuation status is approved.,0,,RL>NridgHt,14643.0,176456.0,2024-01
275,1846.0,9760.0,1901,4,686.0,1033.0,FV,OldTown,269398.0,171.499,3565.0,331.1993,sale condition was reviewed and valuation status is approved.,0,,FV>OldTown,9760.0,242458.0,2024-01
276,1569.0,18163.0,1932,5,448.0,1215.0,FV,OldTown,253536.0,145.7649,3232.0,300.2626,property inspection is complete and garage area is measured.,0,,FV>OldTown,18163.0,228182.0,2024-01
277,1355.0,,1945,2,327.0,1368.0,RH,OldTown,206574.0,125.8836,3050.0,283.3543,property inspection is complete and garage area is measured.,0,,RH>OldTown,13387.0,185917.0,2024-01
278,1444.0,10800.0,1890,4,,1100.0,FV,Somerst,260430.0,134.152,2991.0,277.873,zoning verification is complete and neighborhood information is confirmed.,0,,FV>Somerst,1003.35,234387.0,2024-01
279,1457.0,8162.0,1924,8,254.0,1072.0,RL,NridgHt,262278.0,135.3597,2783.0,258.5492,sale condition was reviewed and valuation status is approved.,1,verified,RL>NridgHt,8162.0,236050.0,2024-01
280,1355.0,14600.0,1965,3,708.0,993.0,RL,Edwards,217638.0,125.8836,3056.0,283.9117,property inspection is complete and garage area is measured.,0,,RL>Edwards,14600.0,195874.0,2024-01
281,768.0,9093.0,1940,6,440.0,529.0,FV,Somerst,174323.0,71.3495,1737.0,161.3726,sale condition was reviewed and valuation status is approved.,0,,FV>Somerst,9093.0,156891.0,2024-01
282,1077.0,6585.0,1930,2,355.0,1345.0,RM,CollgCr,176680.0,100.0566,2777.0,257.9917,zoning verification is complete and neighborhood information is confirmed.,0,,RM>CollgCr,6585.0,159012.0,2024-01
283,1206.0,11698.0,1986,2,240.0,520.0,RM,CollgCr,166882.0,112.0411,1966.0,182.6474,property inspection is complete and garage area is measured.,0,,RM>CollgCr,11698.0,150194.0,2024-01
284,997.0,4453.0,1974,5,933.0,1135.0,RL,NAmes,201154.0,92.6243,3065.0,284.7478,lot area verification is complete because documents are available.,0,,RL>NAmes,4453.0,181039.0,2024-01
285,2163.0,12696.0,1980,7,503.0,615.0,FV,Somerst,316945.0,200.9493,3281.0,304.8149,zoning verification are complete and neighborhood infromation is confirmed.,0,,FV>Somerst,12696.0,285250.0,2024-01
286,1724.0,8971.0,1897,2,293.0,966.0,RM,CollgCr,217106.0,160.1648,2983.0,277.1298,property inspection is complete and garage area is measured.,0,,RM>CollgCr,8971.0,195395.0,2024-01
287,1704.0,17505.0,1989,6,277.0,800.0,FV,OldTown,252830.0,158.3068,2781.0,258.3634,sale condition was reviewed and valuation status is approved.,0,,FV>OldTown,1626.27,227547.0,2024-01
288,1458.0,10321.0,1952,8,698.0,622.0,RH,OldTown,247438.0,135.4526,2778.0,258.0846,property inspection is complete and garage area is measured.,1,verified,RH>OldTown,10321.0,222694.0,2024-01
289,2000.0,13053.0,1910,4,544.0,875.0,FV,Somerst,277201.0,185.8061,3419.0,317.6355,zoning verification is complete and neighborhood information is confirmed.,0,,FV>Somerst,1212.66,249481.0,2024-01
290,1236.0,15619.0,1904,7,,734.0,RL,Edwards,231249.0,114.8282,2475.0,229.935,zoning verification is complete and neighborhood information is confirmed.,0,,RL>Edwards,15619.0,208124.0,2024-01
291,2085.0,10228.0,1920,7,,1158.0,RM,NAmes,,193.7028,3815.0,354.4251,sale condition was reviewed and valuation status is approved.,0,,RM>NAmes,10228.0,273184.0,2024-01
292,1604.0,13675.0,1948,2,406.0,1057.0,RH,NAmes,215739.0,149.0165,3067.0,284.9336,lot area verification is complete because documents are available.,0,,RH>NAmes,13675.0,194165.0,2024-01
293,1504.0,17091.0,1928,2,469.0,1279.0,RM,Edwards,217182.0,139.7262,3252.0,302.1207,property inspection is complete and garage area is measured.,0,,RM>Edwards,17091.0,195464.0,2024-01
294,1195.0,9353.0,1932,7,606.0,340.0,RH,NridgHt,205071.0,111.0191,2141.0,198.9054,property inspection is complete and garage area is measured.,0,,RH>NridgHt,9353.0,184564.0,2024-01
295,2015.0,11829.0,1987,2,660.0,536.0,RM,CollgCr,269077.0,187.1996,3211.0,298.3117,property inspection is complete and garage area is measured.,0,,RM>CollgCr,11829.0,242169.0,2024-01
296,1022.0,15476.0,1898,4,415.0,681.0,RM,NridgHt,178326.0,94.9469,2118.0,196.7686,lot area verification is complete because documents are available.,0,,RM>NridgHt,15476.0,160493.0,2024-01
297,2076.0,10178.0,1952,8,440.0,1196.0,RL,NridgHt,337082.0,192.8667,3712.0,344.8561,sale condition was reviewed and valuation status is approved.,1,verified,RL>NridgHt,10178.0,303374.0,2024-01
298,816.0,9997.0,1946,2,555.0,682.0,RL,NAmes,127841.0,75.8089,2053.0,190.7299,zoning verification is complete and neighborhood information is confirmed.,0,,RL>NAmes,9997.0,115057.0,2024-01
299,1103.0,6437.0,1972,7,631.0,868.0,RL,Edwards,217666.0,102.4721,2602.0,241.7337,property inspection is complete and garage area is measured.,0,,RL>Edwards,6437.0,195899.0,2024-01
300,1218.0,4446.0,1899,3,,374.0,FV,CollgCr,188222.0,113.1559,1966.0,182.6474,property inspection is complete and garage area is measured.,0,,FV>CollgCr,4446.0,169400.0,2024-01
301,1168.0,8355.0,2091,8,401.0,954.0,RM,NAmes,219226.0,108.5108,2523.0,234.3944,lot area verification are complete because documments are available.,1,verified,RM>NAmes,8355.0,197303.0,2024-01
302,1385.0,3850.0,1914,4,544.0,1150.0,RM,OldTown,217792.0,128.6707,3079.0,286.0485,sale condition was reviewed and valuation status is approved.,0,,RM>OldTown,3850.0,196013.0,2024-01
303,1458.0,14155.0,1948,8,362.0,1714.0,RH,Edwards,229310.0,135.4526,3534.0,328.3193,sale condition was reviewed and valuation status is approved.,1,verified,RH>Edwards,14155.0,206379.0,2024-01
304,1240.0,7302.0,1959,6,665.0,1068.0,RH,NridgHt,230040.0,115.1998,2973.0,276.2007,sale condition was reviewed and valuation status is approved.,0,,RH>NridgHt,7302.0,207036.0,2024-01
305,1501.0,17568.0,1936,5,447.0,1451.0,RL,NAmes,234348.0,139.4475,3399.0,315.7774,property inspection is complete and garage area is measured.,0,,RL>NAmes,17568.0,210913.0,2024-01
306,1405.0,20422.0,1943,7,444.0,732.0,RM,Edwards,264006.0,130.5288,2581.0,239.7827,property inspection is complete and garage area is measured.,0,,RM>Edwards,20422.0,237605.0,2024-01
307,2266.0,10402.0,2000,2,479.0,565.0,RL,Edwards,277746.0,210.5183,3310.0,307.5091,zoning verification is complete and neighborhood information is confirmed.,0,,RL>Edwards,10402.0,249971.0,2024-01
308,2198.0,11935.0,1990,5,650.0,1188.0,RH,Somerst,296904.0,204.2009,4036.0,374.9567,sale condition was reviewed and valuation stauts are approved.,0,,RH>Somerst,11935.0,267214.0,2024-01
309,1243.0,11701.0,1957,5,234.0,1056.0,RM,NAmes,194116.0,115.4785,2533.0,235.3234,lot area verification is complete because documents are available.,0,,RM>NAmes,11701.0,174704.0,2024-01
310,1328.0,7559.0,1901,6,405.0,1353.0,RM,NridgHt,234555.0,123.3752,3086.0,286.6988,lot area verification is complete because documents are available.,0,,RM>NridgHt,7559.0,211100.0,2024-01
311,761.0,3588.0,1983,9,560.0,937.0,RM,NAmes,204467.0,70.6992,2258.0,209.7751,sale condition was reviewed and valuation status is approved.,1,verified,RM>NAmes,3588.0,184020.0,2024-01
312,1020.0,6206.0,1904,3,-353.0,1251.0,RH,OldTown,143603.0,94.7611,2624.0,243.7776,zoning verfication are complete and neighborhood information is confirmed.,0,,RH>OldTown,6206.0,129243.0,2024-01
313,1682.0,2000.0,1978,2,483.0,1165.0,RM,OldTown,207975.0,156.2629,3330.0,309.3671,zoning verification is complete and neighborhood information is confirmed.,0,,RM>OldTown,185.81,187178.0,2024-01
314,1815.0,6714.0,1958,9,422.0,973.0,RH,Somerst,291487.0,168.619,3210.0,298.2188,lot area verification is complete because documents are available.,1,verified,RH>Somerst,6714.0,262338.0,2024-01
315,908.0,16739.0,1953,7,739.0,935.0,RH,OldTown,223094.0,84.356,2582.0,239.8756,lot area verification is complete because documents are available.,0,,RH>OldTown,1555.1,200785.0,2024-01
316,935.0,9145.0,1955,8,541.0,1079.0,RM,Somerst,193258.0,86.8643,2555.0,237.3673,sale condition was reviewed and valuation status is approved.,1,verified,RM>Somerst,9145.0,173932.0,2024-01
317,932.0,11192.0,1972,6,337.0,367.0,RL,OldTown,195297.0,86.5856,1636.0,151.9894,zoning verification is complete and neighborhood information is confirmed.,0,,RL>OldTown,1039.77,175767.0,2024-01
318,1470.0,16904.0,1913,3,779.0,1296.0,RL,Somerst,223157.0,136.5675,3545.0,329.3413,lot area verification is complete because documents are available.,0,,RL>Somerst,16904.0,200841.0,2024-01
319,1581.0,8408.0,1955,3,237.0,1396.0,RM,NridgHt,238176.0,146.8797,3214.0,298.5904,lot area verification is complete because documents are available.,0,,RM>NridgHt,781.13,214358.0,2024-01
320,1520.0,9790.0,1895,4,327.0,766.0,RM,NridgHt,182790.0,141.2126,2613.0,242.7556,sale condition was reviewed and valuation status is approved.,0,,RM>NridgHt,9790.0,164511.0,2024-01
321,862.0,9054.0,1957,8,-367.0,1188.0,FV,Edwards,183990.0,80.0824,2417.0,224.5466,sale condition was reviewed and valuation status is approved.,1,verified,FV>Edwards,9054.0,165591.0,2024-01
322,1707.0,17246.0,1963,4,0.0,343.0,RH,NAmes,238757.0,158.5855,2050.0,190.4512,property inspection is complete and garage area is measured.,0,,RH>NAmes,17246.0,214881.0,2024-01
323,1947.0,12359.0,1910,5,146.0,739.0,RL,NridgHt,270211.0,180.8822,2832.0,263.1014,zoning verification is complete and neighborhood information is confirmed.,0,,RL>NridgHt,12359.0,243190.0,2024-01
324,1015.0,13038.0,1982,6,451.0,551.0,RH,NridgHt,182696.0,94.2966,2017.0,187.3854,lot area verification is complete because documents are available.,0,,RH>NridgHt,13038.0,164426.0,2024-01
325,1342.0,13683.0,1982,4,565.0,353.0,RL,OldTown,189375.0,124.6759,2260.0,209.9609,lot area verification is complete because documents are available.,0,,RL>OldTown,13683.0,170438.0,2024-01
326,1418.0,10322.0,1973,9,468.0,713.0,RH,Edwards,254713.0,131.7365,2599.0,241.455,sale condition was reviewed and valuation status is approved.,1,verified,RH>Edwards,958.94,229242.0,2024-01
327,1085.0,9413.0,1892,3,618.0,1262.0,RL,Edwards,180679.0,100.7998,2965.0,275.4575,zoning verification is complete and neighborhood information is confirmed.,0,,RL>Edwards,874.5,162611.0,2024-01
328,1273.0,12030.0,2009,4,509.0,1127.0,RH,CollgCr,163584.0,118.2656,2909.0,270.2549,property inspection is complete and garage area is measured.,0,,RH>CollgCr,12030.0,147226.0,2024-01
329,1426.0,9837.0,1952,2,397.0,1076.0,RH,NridgHt,180339.0,132.4797,2899.0,269.3259,sale condition was reviewed and valuation status is approved.,0,,RH>NridgHt,9837.0,162305.0,2024-01
330,2151.0,10883.0,1997,9,479.0,941.0,FV,Somerst,311712.0,199.8344,3571.0,331.7568,zoning verification is complete and neighborhood information is confirmed.,1,verified,FV>Somerst,1011.06,280541.0,2024-01
331,2371.0,14061.0,1974,9,582.0,627.0,RL,CollgCr,,220.2731,3580.0,332.5929,zoning verification is complete and neighborhood information is confirmed.,1,verified,RL>CollgCr,1306.31,338945.0,2024-01
332,1771.0,11312.0,1982,6,490.0,1108.0,RM,Somerst,271580.0,164.5313,3369.0,312.9903,zoning verification is complete and neighborhood information is confirmed.,0,,RM>Somerst,11312.0,244422.0,2024-01
333,1073.0,12869.0,1992,5,517.0,1571.0,FV,NAmes,189364.0,99.685,3161.0,293.6665,lot area verification is complete because documents are available.,0,,FV>NAmes,12869.0,170428.0,2024-01
334,803.0,13849.0,1938,8,681.0,687.0,FV,OldTown,215362.0,74.6011,2171.0,201.6925,zoning verification is complete and neighborhood information is confirmed.,1,verified,FV>OldTown,13849.0,193826.0,2024-01
335,1398.0,4477.0,1905,4,,1536.0,RH,OldTown,195478.0,129.8784,3608.0,335.1942,sale condition was reviewed and valuation status is approved.,0,,RH>OldTown,4477.0,175930.0,2024-01
336,1708.0,4867.0,1993,8,247.0,779.0,RM,Somerst,220218.0,158.6784,2734.0,253.9969,property inspection is complete and garage area is measured.,1,verified,RM>Somerst,4867.0,198196.0,2024-01
337,944.0,6719.0,1931,2,56.0,906.0,RM,NridgHt,142682.0,87.7005,1906.0,177.0732,zoning verfication are complete and neighborhood information is confirmed.,0,,RM>NridgHt,6719.0,128414.0,2024-01
338,2096.0,3479.0,1936,4,-249.0,838.0,RH,NridgHt,,194.7248,3183.0,295.7104,lot area verification is complete because documents are available.,0,,RH>NridgHt,323.21,255283.0,2024-01
339,1915.0,6777.0,1968,7,377.0,899.0,RL,OldTown,261324.0,177.9093,3191.0,296.4536,property inspection is complete and garage area is measured.,0,,RL>OldTown,6777.0,235192.0,2024-01
340,1556.0,17299.0,1969,6,552.0,1105.0,RL,OldTown,214959.0,144.5571,3213.0,298.4975,zoning verification is complete and neighborhood information is confirmed.,0,,RL>OldTown,17299.0,193463.0,2024-01
341,935.0,12348.0,1983,4,360.0,447.0,RL,OldTown,197255.0,86.8643,1742.0,161.8371,zoning verification is complete and neighborhood information is confirmed.,0,,RL>OldTown,1147.17,177530.0,2024-01
342,1660.0,13207.0,1999,5,126.0,766.0,FV,Edwards,232700.0,154.219,2552.0,237.0886,property inspection is complete and garage area is measured.,0,,FV>Edwards,13207.0,209430.0,2024-01
343,978.0,11767.0,1962,2,500.0,1300.0,FV,NridgHt,178849.0,90.8592,2778.0,258.0846,property inspection is complete and garage area is measured.,0,,FV>NridgHt,11767.0,160964.0,2024-01
344,1923.0,11677.0,1976,3,505.0,621.0,FV,Edwards,249371.0,178.6525,3049.0,283.2614,property inspection is complete and garage area is measured.,0,,FV>Edwards,11677.0,224434.0,2024-01
345,801.0,13057.0,1963,3,368.0,1352.0,RM,CollgCr,148781.0,74.4153,2521.0,234.2086,sale condition was reviewed and valuation status is approved.,0,,RM>CollgCr,13057.0,133903.0,2024-01
346,1822.0,12023.0,1941,3,824.0,642.0,RH,NridgHt,250164.0,169.2693,3288.0,305.4652,zoning verification is complete and neighborhood information is confirmed.,0,,RH>NridgHt,12023.0,225148.0,2024-01
347,1379.0,13657.0,1967,5,449.0,810.0,RM,NAmes,192979.0,128.1133,2638.0,245.0782,property inspection is complete and garage area is measured.,0,,RM>NAmes,13657.0,173681.0,2024-01
348,836.0,5452.0,1908,9,282.0,849.0,RM,CollgCr,165329.0,77.6669,1967.0,182.7403,property inspection is complete and garage area is measured.,1,verified,RM>CollgCr,5452.0,148796.0,2024-01
349,1917.0,13652.0,1936,2,591.0,1107.0,FV,Edwards,212498.0,178.0951,3615.0,335.8445,property inspection is complete and garage area is measured.,0,,FV>Edwards,13652.0,191248.0,2024-01
350,1799.0,0.0,1933,5,538.0,1294.0,RM,Somerst,307413.0,167.1326,3631.0,337.3309,sale condition was reviewed and valuation status is approved.,0,,RM>Somerst,15156.0,276672.0,2024-01
351,930.0,5718.0,1949,7,494.0,1076.0,RL,Somerst,192201.0,86.3998,2500.0,232.2576,lot area verification is complete because documents are available.,0,,RL>Somerst,5718.0,172981.0,2024-01
352,1710.0,9559.0,1928,3,622.0,1076.0,RL,CollgCr,239446.0,158.8642,3408.0,316.6136,property inspection is complete and garage area is measured.,0,,RL>CollgCr,888.06,215501.0,2024-01
353,940.0,10300.0,1943,2,405.0,594.0,FV,CollgCr,124553.0,87.3289,1939.0,180.139,sale condition was reviewed and valuation status is approved.,0,,FV>CollgCr,10300.0,112098.0,2024-01
354,1568.0,10087.0,1959,4,495.0,1081.0,RM,OldTown,199712.0,145.672,3144.0,292.0872,property inspection is complete and garage area is measured.,0,,RM>OldTown,10087.0,179741.0,2024-01
355,1416.0,10803.0,2001,5,513.0,1995.0,RH,Edwards,203428.0,131.5507,3924.0,364.5515,property inspection is complete and garage area is measured.,0,,RH>Edwards,10803.0,183085.0,2024-01
356,1100.0,15248.0,1980,5,540.0,1098.0,RH,OldTown,200328.0,102.1933,2738.0,254.3685,sale condition was reviewed and valuation status is approved.,0,,RH>OldTown,15248.0,180295.0,2024-01
357,1797.0,15833.0,1959,2,760.0,1368.0,RM,Edwards,220043.0,166.9468,3925.0,364.6444,zoning verification is complete and neighborhood information is confirmed.,0,,RM>Edwards,15833.0,198039.0,2024-01
358,1520.0,,1977,3,741.0,1031.0,RM,CollgCr,222069.0,141.2126,3292.0,305.8368,sale condition was reviewed and valuation status is approved.,0,,RM>CollgCr,9663.0,199862.0,2024-01
359,834.0,2818.0,2003,4,209.0,1099.0,FV,CollgCr,145731.0,77.4811,2142.0,198.9983,lot area verification is complete because documents are available.,0,,FV>CollgCr,2818.0,131158.0,2024-01
360,450.0,6284.0,1933,6,560.0,543.0,RH,CollgCr,125812.0,41.8064,1553.0,144.2784,lot area verification is complete because documents are available.,0,,RH>CollgCr,583.8,113231.0,2024-01
361,1275.0,16448.0,1980,5,300.0,953.0,FV,OldTown,219927.0,118.4514,2528.0,234.8589,sale condition was reviewed and valuation status is approved.,0,,FV>OldTown,16448.0,197934.0,2024-01
362,775.0,6395.0,1974,5,411.0,523.0,RL,NAmes,168364.0,71.9999,1709.0,158.7713,lot area verification is complete because documents are available.,0,,RL>NAmes,6395.0,151528.0,2024-01
363,2000.0,5673.0,1930,4,368.0,463.0,FV,Edwards,255191.0,185.8061,2831.0,263.0085,sale condition was reviewed and valuation status is approved.,0,,FV>Edwards,5673.0,229672.0,2024-01
364,2381.0,10490.0,2002,8,694.0,836.0,RH,NAmes,,221.2021,3911.0,363.3438,sale condition was reviewed and valuation status is approved.,1,verified,RH>NAmes,10490.0,318420.0,2024-01
365,1042.0,,1932,6,664.0,994.0,RL,CollgCr,205935.0,96.805,2700.0,250.8382,property inspection is complete and garage area is measured.,0,,RL>CollgCr,10051.0,185342.0,2024-01
366,604.0,4959.0,1964,2,379.0,1390.0,FV,NridgHt,82854.0,56.1134,2373.0,220.4589,property inspection is complete and garage area is measured.,0,,FV>NridgHt,4959.0,74569.0,2024-01
367,1604.0,11827.0,1995,6,294.0,1051.0,RL,NAmes,257174.0,149.0165,2949.0,273.9711,property inspection is complete and garage area is measured.,0,,RL>NAmes,11827.0,231457.0,2024-01
368,1287.0,8274.0,2006,9,458.0,893.0,FV,NAmes,254867.0,119.5662,2638.0,245.0782,property inspection is complete and garage area is measured.,1,verified,FV>NAmes,8274.0,229380.0,2024-01
369,1841.0,14234.0,1938,8,254.0,1587.0,RL,Somerst,267709.0,171.0345,3682.0,342.069,zoning verification is complete and neighborhood information is confirmed.,1,verified,RL>Somerst,14234.0,240938.0,2024-01
370,1447.0,6923.0,1916,2,495.0,1182.0,RL,Somerst,199362.0,134.4307,3124.0,290.2291,sale condition was reviewed and valuation status is approved.,0,,RL>Somerst,6923.0,179426.0,2024-01
371,1274.0,12113.0,1978,8,275.0,370.0,RH,Edwards,225418.0,118.3585,1919.0,178.2809,sale condition was reviewed and valuation status is approved.,1,verified,RH>Edwards,12113.0,202876.0,2024-01
372,1565.0,0.0,1996,8,467.0,863.0,RH,NridgHt,230102.0,145.3933,2895.0,268.9543,lot area verification is complete because documents are available.,1,verified,RH>NridgHt,588.91,207092.0,2024-01
373,591.0,14074.0,1918,5,401.0,937.0,RH,OldTown,138150.0,54.9057,1929.0,179.21,sale condition was reviewed and valuation status is approved.,0,,RH>OldTown,14074.0,124335.0,2024-01
374,1613.0,6621.0,1999,7,351.0,664.0,RM,Somerst,241670.0,149.8526,2628.0,244.1492,zoning verification is complete and neighborhood information is confirmed.,0,,RM>Somerst,6621.0,217503.0,2024-01
375,907.0,9065.0,1898,5,,858.0,FV,Somerst,175084.0,84.2631,2264.0,210.3325,lot area verification is complete because documents are available.,0,,FV>Somerst,842.17,157576.0,2024-01
376,1335.0,10567.0,2009,5,370.0,748.0,FV,CollgCr,189897.0,124.0256,2453.0,227.8912,sale condition was reviewed and valuation status is approved.,0,,FV>CollgCr,10567.0,170907.0,2024-01
377,1585.0,14960.0,1913,2,,746.0,RL,CollgCr,218157.0,147.2513,2509.0,233.0937,zoning verification is complete and neighborhood information is confirmed.,0,,RL>CollgCr,14960.0,196341.0,2024-01
378,1145.0,7886.0,1994,4,455.0,1267.0,RM,OldTown,189483.0,106.374,2867.0,266.353,property inspection is complete and garage area is measured.,0,,RM>OldTown,7886.0,170535.0,2024-01
379,1519.0,10527.0,1903,8,,667.0,RH,NridgHt,263793.0,141.1197,2723.0,252.975,sale condition was reviewed and valuation status is approved.,1,verified,RH>NridgHt,10527.0,237414.0,2024-01
380,864.0,8727.0,1925,4,339.0,1109.0,RL,Somerst,189858.0,80.2682,2312.0,214.7918,zoning verification is complete and neighborhood infromation is confirmed.,0,,RL>Somerst,810.76,170872.0,2024-01
381,1203.0,7436.0,1998,8,510.0,1377.0,RH,Somerst,225251.0,111.7624,3090.0,287.0704,lot area verification is complete because documents are available.,1,verified,RH>Somerst,690.83,202726.0,2024-01
382,1252.0,10227.0,1963,7,705.0,1017.0,RL,NAmes,216506.0,116.3146,2974.0,276.2936,property inspection is complete and garage area is measured.,0,,RL>NAmes,950.12,194855.0,2024-01
383,2159.0,7155.0,1899,5,,730.0,RH,CollgCr,264400.0,200.5777,3267.0,303.5142,sale condition was reviewed and valuation status is approved.,0,,RH>CollgCr,7155.0,237960.0,2024-01
384,1716.0,,1982,4,704.0,449.0,RL,Edwards,262099.0,159.4216,2869.0,266.5388,sale condition was reviewed and valuation stauts are approved.,0,,RL>Edwards,9940.0,235889.0,2024-01
385,1111.0,11761.0,1977,9,485.0,1712.0,FV,CollgCr,216511.0,103.2153,3308.0,307.3233,property inspection is complete and garage area is measured.,1,verified,FV>CollgCr,1092.63,194860.0,2024-01
386,1355.0,13645.0,1988,2,621.0,1256.0,RH,OldTown,188097.0,125.8836,3232.0,300.2626,sale condition was reviewed and valuation status is approved.,0,,RH>OldTown,13645.0,169287.0,2024-01
387,1242.0,15082.0,1975,5,181.0,858.0,RL,OldTown,193115.0,115.3856,2281.0,211.9118,lot area verification is complete because documents are available.,0,,RL>OldTown,15082.0,173804.0,2024-01
388,1555.0,16611.0,1914,6,433.0,943.0,RH,Edwards,235381.0,144.4642,2931.0,272.2988,property inspection is complete and garage area is measured.,0,,RH>Edwards,16611.0,211843.0,2024-01
389,2181.0,10665.0,1933,4,217.0,363.0,FV,CollgCr,282530.0,202.6215,2761.0,256.5053,lot area verification is complete because documents are available.,0,,FV>CollgCr,10665.0,254277.0,2024-01
390,615.0,11158.0,2004,9,639.0,445.0,FV,NAmes,192769.0,57.1354,1699.0,157.8423,zoning verification is complete and neighborhood information is confirmed.,1,verified,FV>NAmes,11158.0,173492.0,2024-01
391,450.0,8760.0,2007,6,201.0,798.0,FV,CollgCr,122735.0,41.8064,1449.0,134.6165,lot area verfication are complete because documents are available.,0,,FV>CollgCr,8760.0,110462.0,2024-01
392,1624.0,13025.0,1944,7,406.0,851.0,RL,NAmes,,150.8745,2881.0,267.6537,lot area verification is complete because documents are available.,0,,RL>NAmes,1210.06,265902.0,2024-01
393,1854.0,11228.0,1946,8,383.0,1325.0,RL,Edwards,298313.0,172.2422,3562.0,330.9206,lot area verification is complete because documents are available.,1,verified,RL>Edwards,11228.0,268482.0,2024-01
394,1848.0,16417.0,2008,9,570.0,684.0,RM,NridgHt,302810.0,171.6848,3102.0,288.1852,sale condition was reviewed and valuation status is approved.,1,verified,RM>NridgHt,1525.19,272529.0,2024-01
395,1267.0,12417.0,1893,3,,921.0,RM,NridgHt,188570.0,117.7082,2707.0,251.4885,lot area verification is complete because documents are available.,0,,RM>NridgHt,12417.0,169713.0,2024-01
396,1532.0,8351.0,1913,7,408.0,567.0,RH,NridgHt,239824.0,142.3275,2507.0,232.9079,property inspection are complete and garage area is measured.,0,,RH>NridgHt,8351.0,215842.0,2024-01
397,1587.0,13288.0,1993,3,654.0,983.0,FV,NridgHt,211194.0,147.4371,3224.0,299.5194,zoning verification is complete and neighborhood information is confirmed.,0,,FV>NridgHt,1234.5,190075.0,2024-01
398,1810.0,8576.0,1979,4,531.0,1117.0,FV,CollgCr,271343.0,168.1545,3458.0,321.2587,property inspection is complete and garage area is measured.,0,,FV>CollgCr,8576.0,244209.0,2024-01
399,1768.0,0.0,1963,2,413.0,1160.0,RM,NridgHt,242264.0,164.2526,3341.0,310.3891,lot area verification is complete because documents are available.,0,,RM>NridgHt,7223.0,218038.0,2024-01
400,1517.0,10763.0,1958,4,490.0,1421.0,RL,Edwards,238086.0,140.9339,3428.0,318.4716,property inspection is complete and garage area is measured.,0,,RL>Edwards,10763.0,214277.0,2024-01
401,2278.0,2807.0,1994,7,535.0,327.0,RL,OldTown,,211.6331,3140.0,291.7155,zoning verification is complete and neighborhood information is confirmed.,0,,RL>OldTown,2807.0,277310.0,2024-01
402,1789.0,13210.0,1926,6,454.0,646.0,RL,NridgHt,262129.0,166.2035,2889.0,268.3969,lot area verification is complete because documents are available.,0,,RL>NridgHt,13210.0,235916.0,2024-01
403,1000.0,9938.0,1989,3,603.0,961.0,RH,Somerst,139502.0,92.903,2564.0,238.2034,zoning verification is complete and neighborhood information is confirmed.,0,,RH>Somerst,9938.0,125552.0,2024-01
404,1828.0,12137.0,1921,5,251.0,1160.0,RL,CollgCr,233638.0,169.8268,3239.0,300.9129,sale condition was reviewed and valuation status is approved.,0,,RL>CollgCr,12137.0,210274.0,2024-01
405,1572.0,16830.0,1971,9,380.0,1340.0,RM,Edwards,,146.0436,3292.0,305.8368,property inspection is complete and garage area is measured.,1,verified,RM>Edwards,1563.56,280676.0,2024-01
406,2000.0,14924.0,1890,4,263.0,1301.0,FV,CollgCr,269577.0,185.8061,3564.0,331.1064,property inspection is complete and garage area is measured.,0,,FV>CollgCr,14924.0,242619.0,2024-01
407,1303.0,10535.0,1945,8,807.0,536.0,RH,OldTown,251135.0,121.0527,2646.0,245.8214,sale condition was reviewed and valuation status is approved.,1,verified,RH>OldTown,10535.0,226022.0,2024-01
408,1790.0,10193.0,1956,5,435.0,1032.0,RM,NridgHt,251747.0,166.2964,3257.0,302.5852,lot area verification is complete because documents are available.,0,,RM>NridgHt,10193.0,226572.0,2024-01
409,1825.0,15905.0,1958,5,517.0,355.0,RM,NridgHt,270762.0,169.548,2697.0,250.5595,zoning verification is complete and neighborhood information is confirmed.,0,,RM>NridgHt,15905.0,243686.0,2024-01
410,2011.0,,1912,6,-535.0,898.0,FV,Edwards,268285.0,186.828,3444.0,319.9581,property inspection is complete and garage area is measured.,0,,FV>Edwards,6741.0,241456.0,2024-01
411,1139.0,11278.0,1919,7,297.0,1270.0,RM,OldTown,220032.0,105.8166,2706.0,251.3956,sale condition was reviewed and valuation status is approved.,0,,RM>OldTown,11278.0,198029.0,2024-01
412,2076.0,17364.0,1989,7,392.0,1084.0,RH,Edwards,303891.0,192.8667,3552.0,329.9916,zoning verification is complete and neighborhood information is confirmed.,0,,RH>Edwards,17364.0,273502.0,2024-01
413,635.0,11488.0,1914,8,462.0,1173.0,RM,CollgCr,195603.0,58.9934,2270.0,210.8899,zoning verification is complete and neighborhood information is confirmed.,1,verified,RM>CollgCr,11488.0,176043.0,2024-01
414,855.0,13092.0,1907,3,286.0,1441.0,RH,Edwards,141801.0,79.4321,2582.0,239.8756,property inspection is complete and garage area is measured.,0,,RH>Edwards,13092.0,127621.0,2024-01
415,1392.0,11878.0,1975,6,486.0,1609.0,RH,OldTown,230004.0,129.321,3487.0,323.9529,sale condition was reviewed and valuation status is approved.,0,,RH>OldTown,11878.0,207004.0,2024-01
416,2197.0,9843.0,1932,5,568.0,532.0,FV,CollgCr,317787.0,204.108,3297.0,306.3013,property inspection is complete and garage area is measured.,0,,FV>CollgCr,9843.0,286008.0,2024-01
417,1584.0,8434.0,1971,3,776.0,1362.0,FV,CollgCr,212024.0,147.1584,3722.0,345.7851,zoning verification is complete and neighborhood information is confirmed.,0,,FV>CollgCr,8434.0,190822.0,2024-01
418,450.0,8920.0,2096,6,490.0,1332.0,RM,NAmes,138771.0,41.8064,2272.0,211.0757,zoning verification is complete and neighborhood information is confirmed.,0,,RM>NAmes,828.69,124894.0,2024-01
419,1635.0,9034.0,1968,9,564.0,820.0,RL,NridgHt,,151.8965,3019.0,280.4743,sale condition was reviewed and valuation status is approved.,1,verified,RL>NridgHt,839.29,257631.0,2024-01
420,1300.0,10029.0,1978,7,373.0,1088.0,RL,Somerst,222202.0,120.774,2761.0,256.5053,lot area verification is complete because documents are available.,0,,RL>Somerst,10029.0,199982.0,2024-01
421,1745.0,14291.0,1944,6,276.0,1102.0,FV,Edwards,281626.0,162.1158,3123.0,290.1362,sale condition was reviewed and valuation status is approved.,0,,FV>Edwards,14291.0,253463.0,2024-01
422,1832.0,11432.0,1903,8,,695.0,RH,OldTown,274370.0,170.1984,3070.0,285.2123,property inspection is complete and garage area is measured.,1,verified,RH>OldTown,11432.0,246933.0,2024-01
423,1591.0,6106.0,2099,7,531.0,895.0,FV,Somerst,238411.0,147.8087,3017.0,280.2885,sale condition was reviewed and valuation status is approved.,0,,FV>Somerst,6106.0,214570.0,2024-01
424,1462.0,13532.0,1919,5,,1050.0,RM,Edwards,257596.0,135.8242,2913.0,270.6266,zoning verification is complete and neighborhood information is confirmed.,0,,RM>Edwards,13532.0,231836.0,2024-01
425,1946.0,9115.0,1965,7,214.0,883.0,RH,OldTown,283103.0,180.7893,3043.0,282.704,sale condition was reviewed and valuation status is approved.,0,,RH>OldTown,9115.0,254793.0,2024-01
426,1712.0,8057.0,1984,8,467.0,1159.0,RH,NridgHt,281619.0,159.05,3338.0,310.1103,property inspection is complete and garage area is measured.,1,verified,RH>NridgHt,748.52,253457.0,2024-01
427,1631.0,7379.0,1954,8,548.0,1195.0,RH,Edwards,244628.0,151.5249,3374.0,313.4549,zoning verification is complete and neighborhood information is confirmed.,1,verified,RH>Edwards,7379.0,220165.0,2024-01
428,1324.0,7103.0,1996,3,439.0,1097.0,RM,NAmes,197858.0,123.0036,2860.0,265.7027,zoning verification is complete and neighborhood information is confirmed.,0,,RM>NAmes,7103.0,178072.0,2024-01
429,1351.0,12097.0,1939,8,717.0,786.0,RM,NridgHt,250325.0,125.512,2854.0,265.1453,lot area verification is complete because documents are available.,1,verified,RM>NridgHt,12097.0,225292.0,2024-01
430,1282.0,19780.0,1894,7,,922.0,RM,NridgHt,242088.0,119.1017,2458.0,228.3557,zoning verification is complete and neighborhood information is confirmed.,0,,RM>NridgHt,1837.62,217879.0,2024-01
431,1490.0,10287.0,1966,5,216.0,715.0,RH,NridgHt,205520.0,138.4255,2421.0,224.9183,lot area verification is complete because documents are available.,0,,RH>NridgHt,955.69,184968.0,2024-01
432,1353.0,6782.0,1938,9,513.0,1230.0,RM,NAmes,273217.0,125.6978,3096.0,287.6278,sale condition was reviewed and valuation status is approved.,1,verified,RM>NAmes,6782.0,245895.0,2024-01
433,1590.0,,2005,3,391.0,1173.0,FV,Edwards,238497.0,147.7158,3154.0,293.0162,property inspection is complete and garage area is measured.,0,,FV>Edwards,9758.0,214647.0,2024-01
434,1278.0,5263.0,2006,9,375.0,1040.0,RM,CollgCr,239773.0,118.7301,2693.0,250.1879,zoning verification is complete and neighborhood information is confirmed.,1,verified,RM>CollgCr,5263.0,215796.0,2024-01
435,1718.0,7129.0,1964,5,304.0,362.0,RM,NridgHt,247075.0,159.6074,2384.0,221.4808,sale condition was reviewed and valuation status is approved.,0,,RM>NridgHt,7129.0,222368.0,2024-01
436,1191.0,15528.0,1950,4,447.0,656.0,FV,NAmes,161778.0,110.6475,2294.0,213.1196,sale condition was reviewed and valuation status is approved.,0,,FV>NAmes,15528.0,145600.0,2024-01
437,1405.0,10600.0,1965,6,788.0,923.0,FV,CollgCr,255714.0,130.5288,3116.0,289.4859,lot area verification is complete because documents are available.,0,,FV>CollgCr,984.77,230143.0,2024-01
438,1538.0,15133.0,1981,3,415.0,916.0,FV,NAmes,219933.0,142.8849,2869.0,266.5388,sale condition was reviewed and valuation status is approved.,0,,FV>NAmes,15133.0,197940.0,2024-01
439,1937.0,12047.0,1984,9,418.0,273.0,FV,Edwards,317148.0,179.9532,2628.0,244.1492,lot area verification is complete because documents are available.,1,verified,FV>Edwards,12047.0,285433.0,2024-01
440,1079.0,6697.0,1916,4,,833.0,RL,Edwards,194325.0,100.2424,2459.0,228.4486,zoning verification is complete and neighborhood information is confirmed.,0,,RL>Edwards,6697.0,174892.0,2024-01
441,1409.0,5762.0,1921,5,,601.0,RH,CollgCr,222863.0,130.9004,2313.0,214.8847,property inspection is complete and garage area is measured.,0,,RH>CollgCr,5762.0,200577.0,2024-01
442,2095.0,14821.0,2004,5,313.0,1394.0,RH,NAmes,300950.0,194.6319,3802.0,353.2174,sale condition was reviewed and valuation status are aproved.,0,,RH>NAmes,14821.0,270855.0,2024-01
443,1615.0,8159.0,1997,2,578.0,1056.0,RM,NAmes,222678.0,150.0384,3249.0,301.842,sale condition was reviewed and valuation status is approved.,0,,RM>NAmes,8159.0,200410.0,2024-01
444,1781.0,8034.0,2010,4,549.0,764.0,FV,Somerst,231932.0,165.4603,3094.0,287.442,sale condition was reviewed and valuation status is approved.,0,,FV>Somerst,8034.0,208739.0,2024-01
445,707.0,7417.0,1999,3,472.0,1086.0,RH,Edwards,133115.0,65.6824,2265.0,210.4254,lot area verification is complete because documents are available.,0,,RH>Edwards,7417.0,119804.0,2024-01
446,1379.0,12698.0,1895,4,372.0,1088.0,FV,NridgHt,200362.0,128.1133,2839.0,263.7517,zoning verification is complete and neighborhood information is confirmed.,0,,FV>NridgHt,12698.0,180326.0,2024-01
447,1026.0,11283.0,1984,2,351.0,1085.0,RH,NAmes,169773.0,95.3185,2462.0,228.7273,zoning verification is complete and neighborhood information is confirmed.,0,,RH>NAmes,11283.0,152796.0,2024-01
448,1229.0,10181.0,2083,7,259.0,1266.0,FV,NAmes,229364.0,114.1778,2754.0,255.855,property inspection is complete and garage area is measured.,0,,FV>NAmes,10181.0,206428.0,2024-01
449,1430.0,13828.0,1936,9,364.0,1172.0,RL,CollgCr,258304.0,132.8513,2966.0,275.5504,property inspection is complete and garage area is measured.,1,verified,RL>CollgCr,13828.0,232474.0,2024-01
450,1558.0,7057.0,2000,5,373.0,1337.0,RL,Edwards,258550.0,144.7429,3268.0,303.6071,sale condition was reviewed and valuation stauts are approved.,0,,RL>Edwards,655.62,232695.0,2024-01
451,1417.0,9894.0,1960,4,619.0,610.0,FV,Somerst,235483.0,131.6436,2646.0,245.8214,sale condition was reviewed and valuation status is approved.,0,,FV>Somerst,9894.0,211935.0,2024-01
452,1404.0,10928.0,1920,4,84.0,870.0,RM,Somerst,208903.0,130.4359,2358.0,219.0654,property inspection is complete and garage area is measured.,0,,RM>Somerst,10928.0,188013.0,2024-01
453,1601.0,12119.0,1916,9,228.0,1145.0,FV,NridgHt,270707.0,148.7378,2974.0,276.2936,sale condition was reviewed and valuation status is approved.,1,verified,FV>NridgHt,12119.0,243636.0,2024-01
454,1463.0,13696.0,1939,6,642.0,713.0,RM,NAmes,221824.0,135.9171,2818.0,261.8008,property inspection is complete and garage area is measured.,0,,RM>NAmes,13696.0,199642.0,2024-01
455,1772.0,4471.0,1895,6,581.0,1304.0,RL,NAmes,259909.0,164.6242,3657.0,339.7464,zoning verification is complete and neighborhood information is confirmed.,0,,RL>NAmes,4471.0,233918.0,2024-01
456,1266.0,12520.0,1923,3,201.0,1011.0,RL,Edwards,164267.0,117.6152,2478.0,230.2137,zoning verification is complete and neighborhood information is confirmed.,0,,RL>Edwards,12520.0,147840.0,2024-01
457,2031.0,9246.0,1934,8,340.0,1031.0,FV,CollgCr,280138.0,188.6861,3402.0,316.0561,zoning verification is complete and neighborhood information is confirmed.,1,verified,FV>CollgCr,9246.0,252124.0,2024-01
458,1943.0,8974.0,2000,3,203.0,1075.0,FV,NridgHt,235896.0,180.5106,3221.0,299.2407,lot area verification is complete because documents are available.,0,,FV>NridgHt,8974.0,212306.0,2024-01
459,1106.0,6514.0,1994,2,263.0,141.0,RL,CollgCr,130398.0,102.7508,1510.0,140.2836,sale condition was reviewed and valuation status is approved.,0,,RL>CollgCr,6514.0,117358.0,2024-01
460,1604.0,5663.0,2000,4,198.0,259.0,RH,NAmes,219794.0,149.0165,2061.0,191.4732,property inspection is complete and garage area is measured.,0,,RH>NAmes,526.11,197815.0,2024-01
461,1879.0,10918.0,1906,3,481.0,1043.0,RM,Somerst,232574.0,174.5648,3403.0,316.149,lot area verification is complete because documents are available.,0,,RM>Somerst,10918.0,209317.0,2024-01
462,1587.0,8425.0,1927,9,566.0,765.0,RL,NridgHt,260561.0,147.4371,2918.0,271.0911,sale condition was reviewed and valuation status is approved.,1,verified,RL>NridgHt,8425.0,234505.0,2024-01
463,1973.0,9366.0,1956,2,415.0,547.0,RL,CollgCr,269697.0,183.2977,2935.0,272.6704,lot area verification is complete because documents are available.,0,,RL>CollgCr,9366.0,242727.0,2024-01
464,1736.0,8615.0,1959,7,650.0,980.0,RH,Somerst,,161.2797,3366.0,312.7116,property inspection is complete and garage area is measured.,0,,RH>Somerst,8615.0,267469.0,2024-01
465,1714.0,7223.0,2001,7,619.0,521.0,RL,Somerst,253448.0,159.2358,2854.0,265.1453,zoning verification is complete and neighborhood information is confirmed.,0,,RL>Somerst,671.04,228103.0,2024-01
466,1661.0,3270.0,1893,3,253.0,1583.0,FV,Somerst,216143.0,154.3119,3497.0,324.8819,sale condition was reviewed and valuation status is approved.,0,,FV>Somerst,3270.0,194529.0,2024-01
467,2065.0,9840.0,1932,2,174.0,1056.0,RL,Somerst,234599.0,191.8448,3295.0,306.1155,lot area verification is complete because documents are available.,0,,RL>Somerst,9840.0,211139.0,2024-01
468,1570.0,9464.0,1972,7,482.0,298.0,RH,NAmes,,145.8578,2350.0,218.3221,sale condition was reviewed and valuation status is approved.,0,,RH>NAmes,9464.0,259142.0,2024-01
469,2180.0,12220.0,1953,2,706.0,1090.0,RM,CollgCr,283716.0,202.5286,3976.0,369.3825,zoning verification is complete and neighborhood information is confirmed.,0,,RM>CollgCr,12220.0,255344.0,2024-01
470,1900.0,6942.0,1992,4,540.0,645.0,RM,Edwards,272186.0,176.5158,3085.0,286.6059,lot area verification is complete because documents are available.,0,,RM>Edwards,6942.0,244967.0,2024-01
471,1435.0,14275.0,1989,4,596.0,953.0,FV,NAmes,227052.0,133.3159,2984.0,277.2227,sale condition was reviewed and valuation status is approved.,0,,FV>NAmes,14275.0,204347.0,2024-01
472,699.0,20626.0,1905,6,381.0,1201.0,FV,NAmes,169123.0,64.9392,2281.0,211.9118,property inspection is complete and garage area is measured.,0,,FV>NAmes,20626.0,152211.0,2024-01
473,1361.0,12253.0,1958,4,690.0,1436.0,RH,Somerst,239884.0,126.441,3487.0,323.9529,zoning verification is complete and neighborhood information is confirmed.,0,,RH>Somerst,1138.34,215896.0,2024-01
474,980.0,4103.0,1981,2,29.0,106.0,RL,Somerst,108705.0,91.045,1115.0,103.5869,lot area verification is complete because documents are available.,0,,RL>Somerst,4103.0,97834.0,2024-01
475,1699.0,8181.0,1954,4,280.0,938.0,RH,CollgCr,217224.0,157.8423,2917.0,270.9982,lot area verification is complete because documents are available.,0,,RH>CollgCr,8181.0,195502.0,2024-01
476,976.0,3416.0,1965,9,563.0,1475.0,FV,OldTown,194857.0,90.6734,3014.0,280.0098,zoning verification is complete and neighborhood information is confirmed.,1,verified,FV>OldTown,3416.0,175371.0,2024-01
477,1428.0,3164.0,1891,3,507.0,725.0,RM,NAmes,229171.0,132.6655,2660.0,247.1221,lot area verification is complete because documents are available.,0,,RM>NAmes,3164.0,206254.0,2024-01
478,947.0,12569.0,1908,3,569.0,666.0,RL,CollgCr,191614.0,87.9792,2182.0,202.7144,property inspection is complete and garage area is measured.,0,,RL>CollgCr,12569.0,172453.0,2024-01
479,1439.0,10713.0,1918,5,430.0,1208.0,RH,Somerst,243001.0,133.6875,3077.0,285.8627,zoning verification is complete and neighborhood information is confirmed.,0,,RH>Somerst,10713.0,218701.0,2024-01
480,1538.0,13439.0,1930,4,407.0,299.0,FV,Edwards,211481.0,142.8849,2244.0,208.4744,property inspection is complete and garage area is measured.,0,,FV>Edwards,1248.52,190333.0,2024-01
481,962.0,19269.0,1899,6,,815.0,FV,Somerst,212147.0,89.3727,2071.0,192.4022,property inspection is complete and garage area is measured.,0,,FV>Somerst,19269.0,190932.0,2024-01
482,1265.0,7604.0,1931,2,176.0,421.0,RH,OldTown,157127.0,117.5223,1862.0,172.9855,sale condition was reviewed and valuation status is approved.,0,,RH>OldTown,7604.0,141414.0,2024-01
483,593.0,12528.0,1905,5,,1009.0,RH,NridgHt,146523.0,55.0915,1799.0,167.1326,property inspection is complete and garage area is measured.,0,,RH>NridgHt,12528.0,131871.0,2024-01
484,1471.0,8244.0,1932,5,503.0,713.0,RM,Somerst,230430.0,136.6604,2687.0,249.6305,lot area verification is complete because documents are available.,0,,RM>Somerst,8244.0,207387.0,2024-01
485,2252.0,10263.0,1976,5,576.0,1107.0,RM,NAmes,300394.0,209.2176,3935.0,365.5735,lot area verification is complete because documents are available.,0,,RM>NAmes,10263.0,270355.0,2024-01
486,1702.0,18693.0,1935,8,371.0,709.0,RM,CollgCr,,158.121,2782.0,258.4563,sale condition was reviewed and valuation status is approved.,1,verified,RM>CollgCr,18693.0,260927.0,2024-01
487,1604.0,8178.0,1978,5,347.0,1241.0,RH,CollgCr,244156.0,149.0165,3192.0,296.5465,zoning verification is complete and neighborhood information is confirmed.,0,,RH>CollgCr,8178.0,219740.0,2024-01
488,2168.0,10998.0,1931,2,287.0,1015.0,RH,OldTown,264334.0,201.4138,3470.0,322.3735,lot area verification is complete because documents are available.,0,,RH>OldTown,10998.0,237901.0,2024-01
489,1458.0,17700.0,1938,5,589.0,1476.0,RM,Somerst,240148.0,135.4526,3523.0,327.2974,lot area verification is complete because documents are available.,0,,RM>Somerst,17700.0,216133.0,2024-01
490,1262.0,11017.0,1912,2,569.0,1361.0,FV,NridgHt,183782.0,117.2436,3192.0,296.5465,property inspection is complete and garage area is measured.,0,,FV>NridgHt,11017.0,165404.0,2024-01
491,1123.0,10272.0,1936,4,112.0,1107.0,RL,Somerst,167897.0,104.3301,2342.0,217.5789,property inspection is complete and garage area is measured.,0,,RL>Somerst,10272.0,151107.0,2024-01
492,1487.0,12607.0,1978,9,658.0,1498.0,RM,NAmes,285296.0,138.1468,3643.0,338.4458,property inspection is complete and garage area is measured.,1,verified,RM>NAmes,12607.0,256766.0,2024-01
493,1301.0,17613.0,1969,3,207.0,305.0,RH,NAmes,199881.0,120.8669,1813.0,168.4332,property inspection is complete and garage area is measured.,0,,RH>NAmes,17613.0,179893.0,2024-01
494,1217.0,12677.0,1972,8,576.0,1188.0,FV,Edwards,224290.0,113.063,2981.0,276.944,zoning verification is complete and neighborhood information is confirmed.,1,verified,FV>Edwards,1177.73,201861.0,2024-01
495,1719.0,13565.0,2006,8,191.0,1274.0,RH,CollgCr,254721.0,159.7003,3184.0,295.8033,zoning verification is complete and neighborhood information is confirmed.,1,verified,RH>CollgCr,13565.0,229249.0,2024-01
496,2204.0,10847.0,1950,9,76.0,1418.0,RM,Somerst,336377.0,204.7583,3698.0,343.5554,lot area verification is complete because documents are available.,1,verified,RM>Somerst,10847.0,302739.0,2024-01
497,1359.0,8646.0,1971,2,664.0,1002.0,RL,NridgHt,213126.0,126.2552,3025.0,281.0317,sale condition was reviewed and valuation status is approved.,0,,RL>NridgHt,8646.0,191813.0,2024-01
498,1283.0,12072.0,1897,4,958.0,915.0,RH,Edwards,214837.0,119.1946,3156.0,293.202,sale condition was reviewed and valuation status is approved.,0,,RH>Edwards,12072.0,193353.0,2024-01
499,1553.0,6999.0,1994,7,597.0,788.0,FV,OldTown,255719.0,144.2784,2938.0,272.9491,sale condition was reviewed and valuation status is approved.,0,,FV>OldTown,6999.0,230147.0,2024-01
500,1678.0,9694.0,1943,2,443.0,1253.0,RL,Edwards,252014.0,155.8913,3374.0,313.4549,sale condition was reviewed and valuation status is approved.,0,,RL>Edwards,9694.0,226813.0,2024-01
501,1492.0,9510.0,1891,6,465.0,1068.0,RL,Edwards,205036.0,138.6113,3025.0,281.0317,property inspection is complete and garage area is measured.,0,,RL>Edwards,9510.0,184532.0,2024-01
502,1463.0,15531.0,1904,8,574.0,486.0,RL,Edwards,262755.0,135.9171,2523.0,234.3944,lot area verification is complete because documents are available.,1,verified,RL>Edwards,15531.0,236480.0,2024-01
503,1905.0,8356.0,1909,2,,850.0,RL,CollgCr,223448.0,176.9803,3211.0,298.3117,lot area verification is complete because documents are available.,0,,RL>CollgCr,8356.0,201103.0,2024-01
504,1482.0,14929.0,2000,8,549.0,1146.0,RM,OldTown,244741.0,137.6823,3177.0,295.153,property inspection is complete and garage area is measured.,1,verified,RM>OldTown,14929.0,220267.0,2024-01
505,953.0,10523.0,1940,5,366.0,1056.0,RH,CollgCr,168976.0,88.5366,2375.0,220.6447,sale condition was reviewed and valuation status is approved.,0,,RH>CollgCr,977.62,152078.0,2024-01
506,1713.0,10463.0,1965,7,418.0,1310.0,RL,CollgCr,259200.0,159.1429,3441.0,319.6794,sale condition was reviewed and valuation status is approved.,0,,RL>CollgCr,10463.0,233280.0,2024-01
507,1743.0,15508.0,2004,4,146.0,1027.0,RM,NAmes,183589.0,161.93,2916.0,270.9053,zoning verification is complete and neighborhood information is confirmed.,0,,RM>NAmes,1440.74,165230.0,2024-01
508,1338.0,8423.0,1918,4,457.0,1066.0,FV,NAmes,206004.0,124.3043,2861.0,265.7956,property inspection is complete and garage area is measured.,0,,FV>NAmes,8423.0,185404.0,2024-01
509,1103.0,12845.0,1936,2,463.0,770.0,FV,Edwards,160394.0,102.4721,2336.0,217.0215,sale condition was reviewed and valuation status is approved.,0,,FV>Edwards,1193.34,144355.0,2024-01
510,865.0,,1917,3,,1309.0,RL,OldTown,180942.0,80.3611,2957.0,274.7143,sale condition was reviewed and valuation status is approved.,0,,RL>OldTown,710.06,162848.0,2024-01
511,2024.0,18272.0,1929,8,781.0,957.0,FV,NridgHt,333800.0,188.0358,3762.0,349.5012,lot area verification is complete because documents are available.,1,verified,FV>NridgHt,18272.0,300420.0,2024-01
512,1802.0,8876.0,1940,5,519.0,1075.0,RM,Somerst,228746.0,167.4113,3396.0,315.4987,property inspection is complete and garage area is measured.,0,,RM>Somerst,8876.0,205871.0,2024-01
513,1795.0,15331.0,1939,9,348.0,1334.0,FV,NAmes,,166.761,3477.0,323.0239,property inspection is complete and garage area is measured.,1,verified,FV>NAmes,15331.0,263519.0,2024-01
514,1956.0,7992.0,1932,3,587.0,593.0,FV,Somerst,298240.0,181.7183,3136.0,291.3439,sale condition was reviewed and valuation status is approved.,0,,FV>Somerst,7992.0,268416.0,2024-01
515,883.0,13711.0,1932,3,521.0,1380.0,FV,Edwards,142047.0,82.0334,2784.0,258.6421,property inspection is complete and garage area is measured.,0,,FV>Edwards,13711.0,127842.0,2024-01
516,1277.0,16304.0,1969,6,501.0,798.0,FV,NAmes,200782.0,118.6372,2576.0,239.3182,sale condition was reviewed and valuation status is approved.,0,,FV>NAmes,16304.0,180704.0,2024-01
517,1393.0,12503.0,1892,9,203.0,479.0,RH,Somerst,245726.0,129.4139,2075.0,192.7738,property inspection is complete and garage area is measured.,1,verified,RH>Somerst,12503.0,221153.0,2024-01
518,1330.0,12506.0,1898,2,,1521.0,RH,OldTown,170843.0,123.561,3437.0,319.3077,zoning verification is complete and neighborhood information is confirmed.,0,,RH>OldTown,12506.0,153759.0,2024-01
519,1491.0,7115.0,1965,9,750.0,589.0,FV,CollgCr,288411.0,138.5184,2830.0,262.9156,lot area verification is complete because documents are available.,1,verified,FV>CollgCr,7115.0,259570.0,2024-01
520,1200.0,5228.0,1990,4,440.0,1395.0,RL,NAmes,184279.0,111.4836,3035.0,281.9607,sale condition was reviewed and valuation status is approved.,0,,RL>NAmes,5228.0,165851.0,2024-01
521,1981.0,11388.0,1957,9,488.0,1165.0,RH,OldTown,,184.0409,3634.0,337.6096,lot area verification is complete because documents are available.,1,verified,RH>OldTown,11388.0,284321.0,2024-01
522,1065.0,15913.0,1945,6,474.0,363.0,RL,Somerst,191124.0,98.9417,1902.0,176.7016,property inspection is complete and garage area is measured.,0,,RL>Somerst,15913.0,172012.0,2024-01
523,1085.0,8293.0,1925,5,295.0,960.0,RL,OldTown,228810.0,100.7998,2340.0,217.3931,lot area verification is complete because documents are available.,0,,RL>OldTown,8293.0,205929.0,2024-01
524,1075.0,,1925,9,519.0,711.0,RM,OldTown,203163.0,99.8708,2305.0,214.1415,sale condition was reviewed and valuation status is approved.,1,verified,RM>OldTown,819.03,182847.0,2024-01
525,1764.0,,1890,2,640.0,1075.0,RM,CollgCr,224213.0,163.881,3479.0,323.2097,zoning verification is complete and neighborhood information is confirmed.,0,,RM>CollgCr,12254.0,201792.0,2024-01
526,1356.0,7406.0,1937,8,630.0,950.0,RM,Edwards,260917.0,125.9765,2936.0,272.7633,zoning verification is complete and neighborhood information is confirmed.,1,verified,RM>Edwards,7406.0,234825.0,2024-01
527,1037.0,11862.0,2001,3,480.0,1155.0,FV,Somerst,158898.0,96.3405,2672.0,248.2369,sale condition was reviewed and valuation status is approved.,0,,FV>Somerst,11862.0,143008.0,2024-01
528,993.0,12459.0,1984,3,304.0,1487.0,FV,NridgHt,166434.0,92.2527,2784.0,258.6421,lot area verification is complete because documents are available.,0,,FV>NridgHt,12459.0,149791.0,2024-01
529,1196.0,8931.0,1945,9,259.0,732.0,RM,Edwards,206762.0,111.112,2187.0,203.1789,property inspection is complete and garage area is measured.,1,verified,RM>Edwards,829.72,186086.0,2024-01
530,1256.0,4390.0,1931,2,520.0,992.0,RH,OldTown,179785.0,116.6862,2768.0,257.1556,sale condition was reviewed and valuation status is approved.,0,,RH>OldTown,4390.0,161806.0,2024-01
531,1324.0,12548.0,1973,4,406.0,201.0,RL,CollgCr,211856.0,123.0036,1931.0,179.3958,zoning verification is complete and neighborhood information is confirmed.,0,,RL>CollgCr,12548.0,190670.0,2024-01
532,1771.0,10145.0,1913,8,,617.0,RM,Edwards,282182.0,164.5313,2634.0,244.7066,lot area verification is complete because documents are available.,1,verified,RM>Edwards,10145.0,253964.0,2024-01
533,2404.0,9561.0,1984,8,469.0,917.0,RL,OldTown,329471.0,223.3389,3790.0,352.1025,property inspection is complete and garage area is measured.,1,verified,RL>OldTown,9561.0,296524.0,2024-01
534,1464.0,12267.0,1946,5,806.0,573.0,FV,Edwards,217171.0,136.0101,2843.0,264.1233,property inspection is complete and garage area is measured.,0,,FV>Edwards,12267.0,195454.0,2024-01
535,1180.0,11472.0,1962,3,270.0,1481.0,RL,Somerst,173639.0,109.6256,2931.0,272.2988,property inspection is complete and garage area is measured.,0,,RL>Somerst,11472.0,156275.0,2024-01
536,622.0,6218.0,1999,2,-301.0,1478.0,RM,NridgHt,96950.0,57.7857,2401.0,223.0602,sale condition was reviewed and valuation status is approved.,0,,RM>NridgHt,6218.0,87255.0,2024-01
537,931.0,10289.0,1895,3,,871.0,RL,Somerst,110467.0,86.4927,2339.0,217.3002,property inspection is complete and garage area is measured.,0,,RL>Somerst,10289.0,99420.0,2024-01
538,932.0,9118.0,1897,5,,1206.0,RH,NridgHt,160204.0,86.5856,2364.0,219.6228,lot area verification is complete because documents are available.,0,,RH>NridgHt,9118.0,144184.0,2024-01
539,1295.0,16710.0,2003,6,445.0,1304.0,RH,NridgHt,217755.0,120.3094,3044.0,282.7969,sale condition was reviewed and valuation status is approved.,0,,RH>NridgHt,1552.41,195980.0,2024-01
540,1315.0,9836.0,1995,8,388.0,1123.0,RM,CollgCr,234269.0,122.1675,2826.0,262.544,sale condition was reviewed and valuation status is approved.,1,verified,RM>CollgCr,913.79,210842.0,2024-01
541,1509.0,15339.0,1943,9,668.0,1214.0,FV,NAmes,,140.1907,3391.0,315.0342,lot area verification is complete because documents are available.,1,verified,FV>NAmes,15339.0,261499.0,2024-01
542,1948.0,17029.0,1922,4,574.0,967.0,RL,Edwards,,180.9751,3489.0,324.1387,lot area verification is complete because documents are available.,0,,RL>Edwards,17029.0,271512.0,2024-01
543,2343.0,11593.0,2005,8,351.0,723.0,FV,CollgCr,331954.0,217.6718,3417.0,317.4497,sale condition was reviewed and valuation status is approved.,1,verified,FV>CollgCr,11593.0,298759.0,2024-01
544,1409.0,4152.0,1998,2,520.0,1084.0,RM,Somerst,196168.0,130.9004,3013.0,279.9169,lot area verification is complete because documents are available.,0,,RM>Somerst,4152.0,176551.0,2024-01
545,1616.0,14327.0,2002,7,526.0,952.0,RM,Somerst,257340.0,150.1313,3094.0,287.442,lot area verification is complete because documents are available.,0,,RM>Somerst,14327.0,231606.0,2024-01
546,1943.0,3582.0,1891,8,433.0,875.0,FV,Somerst,,180.5106,3251.0,302.0278,lot area verification is complete because documents are available.,1,verified,FV>Somerst,3582.0,273892.0,2024-01
547,1172.0,11150.0,1908,8,888.0,1180.0,RH,CollgCr,242596.0,108.8824,3240.0,301.0058,lot area verification is complete because documents are available.,1,verified,RH>CollgCr,1035.87,218336.0,2024-01
548,1458.0,12900.0,1927,3,492.0,1134.0,RL,Somerst,210053.0,135.4526,3084.0,286.513,sale condition was reviewed and valuation status is approved.,0,,RL>Somerst,12900.0,189048.0,2024-01
549,1131.0,8262.0,1947,9,895.0,654.0,RH,NridgHt,249289.0,105.0733,2680.0,248.9801,property inspection is complete and garage area is measured.,1,verified,RH>NridgHt,8262.0,224360.0,2024-01
550,2021.0,16051.0,2005,6,558.0,533.0,FV,NAmes,277355.0,187.757,3112.0,289.1143,zoning verification is complete and neighborhood information is confirmed.,0,,FV>NAmes,16051.0,249620.0,2024-01
551,1398.0,18042.0,1930,6,574.0,561.0,FV,Somerst,222344.0,129.8784,2533.0,235.3234,property inspection is complete and garage area is measured.,0,,FV>Somerst,18042.0,200110.0,2024-01
552,1671.0,13600.0,1914,4,,1363.0,RM,Edwards,257626.0,155.241,4011.0,372.6341,property inspection is complete and garage area is measured.,0,,RM>Edwards,13600.0,231863.0,2024-01
553,2492.0,2509.0,1946,9,769.0,954.0,RL,NAmes,,231.5144,4215.0,391.5863,zoning verification is complete and neighborhood information is confirmed.,1,verified,RL>NAmes,2509.0,306302.0,2024-01
554,1375.0,10656.0,1929,3,321.0,666.0,RH,NAmes,190697.0,127.7417,2362.0,219.437,property inspection is complete and garage area is measured.,0,,RH>NAmes,10656.0,171627.0,2024-01
555,1540.0,4988.0,1984,3,504.0,1199.0,RH,NAmes,218274.0,143.0707,3243.0,301.2846,zoning verification is complete and neighborhood information is confirmed.,0,,RH>NAmes,4988.0,196447.0,2024-01
556,1861.0,12001.0,1925,5,336.0,1151.0,RM,Somerst,251580.0,172.8926,3348.0,311.0394,zoning verification is complete and neighborhood information is confirmed.,0,,RM>Somerst,12001.0,226422.0,2024-01
557,2033.0,13147.0,1949,5,349.0,842.0,RH,Somerst,,188.8719,3224.0,299.5194,property inspection is complete and garage area is measured.,0,,RH>Somerst,13147.0,253066.0,2024-01
558,1322.0,0.0,1910,7,582.0,760.0,RL,CollgCr,234807.0,122.8178,2664.0,247.4937,sale condition was reviewed and valuation status is approved.,0,,RL>CollgCr,12117.0,211326.0,2024-01
559,1686.0,3258.0,1976,9,337.0,1032.0,RM,CollgCr,,156.6345,3055.0,283.8188,property inspection is complete and garage area is measured.,1,verified,RM>CollgCr,302.68,248201.0,2024-01
560,1868.0,7495.0,1917,3,270.0,551.0,FV,Edwards,258420.0,173.5429,2689.0,249.8163,zoning verification are complete and neighborhood infromation is confirmed.,0,,FV>Edwards,7495.0,232578.0,2024-01
561,1793.0,9372.0,1891,6,,773.0,RM,NAmes,263586.0,166.5752,2980.0,276.8511,zoning verification is complete and neighborhood information is confirmed.,0,,RM>NAmes,870.69,237227.0,2024-01
562,1313.0,10103.0,1968,9,538.0,860.0,RH,Edwards,247705.0,121.9817,2711.0,251.8601,lot area verification is complete because documents are available.,1,verified,RH>Edwards,938.6,222934.0,2024-01
563,1386.0,11673.0,1940,7,993.0,0.0,RM,NridgHt,229901.0,128.7636,2379.0,221.0163,zoning verification is complete and neighborhood information is confirmed.,0,,RM>NridgHt,1084.46,206911.0,2024-01
564,1150.0,10122.0,1915,9,659.0,1067.0,RL,OldTown,257041.0,106.8385,2876.0,267.1891,zoning verification is complete and neighborhood information is confirmed.,1,verified,RL>OldTown,10122.0,231337.0,2024-01
565,1153.0,7337.0,2010,6,186.0,947.0,RM,CollgCr,223645.0,107.1172,2286.0,212.3763,sale condition was reviewed and valuation status is approved.,0,,RM>CollgCr,7337.0,201280.0,2024-01
566,1624.0,6626.0,1950,5,320.0,663.0,RM,NAmes,262881.0,150.8745,2607.0,242.1982,zoning verification is complete and neighborhood information is confirmed.,0,,RM>NAmes,6626.0,236593.0,2024-01
567,1582.0,7746.0,1901,8,432.0,684.0,RM,OldTown,281456.0,146.9726,2698.0,250.6524,lot area verification is complete because documents are available.,1,verified,RM>OldTown,719.63,253310.0,2024-01
568,748.0,10965.0,1929,8,639.0,1184.0,RM,OldTown,168797.0,69.4915,2571.0,238.8537,lot area verification is complete because documents are available.,1,verified,RM>OldTown,1018.68,151917.0,2024-01
569,1680.0,16363.0,1967,4,575.0,1028.0,RH,NAmes,225834.0,156.0771,3283.0,305.0007,property inspection is complete and garage area is measured.,0,,RH>NAmes,1520.17,203251.0,2024-01
570,1679.0,10201.0,1897,3,324.0,648.0,RL,Somerst,220479.0,155.9842,2651.0,246.286,sale condition was reviewed and valuation status is approved.,0,,RL>Somerst,10201.0,198431.0,2024-01
571,1789.0,5408.0,1896,5,650.0,1092.0,RH,OldTown,249043.0,166.2035,3531.0,328.0406,zoning verification is complete and neighborhood information is confirmed.,0,,RH>OldTown,5408.0,224139.0,2024-01
572,1260.0,20477.0,1939,3,519.0,1592.0,RH,CollgCr,203240.0,117.0578,3371.0,313.1761,lot area verification is complete because documents are available.,0,,RH>CollgCr,20477.0,182916.0,2024-01
573,637.0,11081.0,1915,8,108.0,894.0,RH,NAmes,168898.0,59.1792,1639.0,152.2681,property inspection is complete and garage area is measured.,1,verified,RH>NAmes,11081.0,152008.0,2024-01
574,2198.0,14582.0,2000,3,273.0,750.0,RH,Edwards,265679.0,204.2009,3221.0,299.2407,sale condition was reviewed and valuation status is approved.,0,,RH>Edwards,14582.0,239111.0,2024-01
575,1278.0,9185.0,1971,2,838.0,1360.0,RL,NAmes,180823.0,118.7301,3476.0,322.931,zoning verification are complete and neighborhood infromation is confirmed.,0,,RL>NAmes,853.31,162741.0,2024-01
576,450.0,,1977,9,520.0,939.0,RH,Somerst,185408.0,41.8064,1909.0,177.3519,zoning verification is complete and neighborhood information is confirmed.,1,verified,RH>Somerst,10897.0,166867.0,2024-01
577,1600.0,8247.0,1989,7,575.0,790.0,RH,Somerst,235187.0,148.6449,2965.0,275.4575,sale condition was reviewed and valuation status is approved.,0,,RH>Somerst,766.17,211668.0,2024-01
578,1822.0,15764.0,2006,3,660.0,1644.0,RM,NAmes,263358.0,169.2693,4126.0,383.3179,property inspection is complete and garage area is measured.,0,,RM>NAmes,1464.52,237022.0,2024-01
579,1057.0,9651.0,1987,4,437.0,1182.0,RL,Somerst,174967.0,98.1985,2676.0,248.6085,property inspection is complete and garage area is measured.,0,,RL>Somerst,9651.0,157470.0,2024-01
580,1714.0,5738.0,1933,6,443.0,798.0,RH,NridgHt,256553.0,159.2358,2955.0,274.5285,sale condition was reviewed and valuation status is approved.,0,,RH>NridgHt,533.08,230898.0,2024-01
581,1537.0,10239.0,1967,8,617.0,1099.0,FV,Somerst,265741.0,142.792,3253.0,302.2136,sale condition was reviewed and valuation status is approved.,1,verified,FV>Somerst,10239.0,239167.0,2024-01
582,1447.0,15023.0,1950,5,315.0,998.0,RL,NridgHt,219580.0,134.4307,2760.0,256.4124,sale condition was reviewed and valuation status is approved.,0,,RL>NridgHt,15023.0,197622.0,2024-01
583,1206.0,5936.0,1913,9,240.0,1067.0,RH,CollgCr,228076.0,112.0411,2513.0,233.4653,zoning verification is complete and neighborhood information is confirmed.,1,verified,RH>CollgCr,5936.0,205268.0,2024-01
584,2201.0,11802.0,1914,9,,956.0,RH,NridgHt,291234.0,204.4796,3457.0,321.1658,property inspection is complete and garage area is measured.,1,verified,RH>NridgHt,11802.0,262111.0,2024-01
585,1394.0,8913.0,1973,3,460.0,1482.0,RH,OldTown,219910.0,129.5068,3336.0,309.9245,zoning verification is complete and neighborhood information is confirmed.,0,,RH>OldTown,8913.0,197919.0,2024-01
586,1857.0,12465.0,1958,3,227.0,726.0,FV,NridgHt,222116.0,172.5209,2810.0,261.0575,lot area verification is complete because documents are available.,0,,FV>NridgHt,12465.0,199904.0,2024-01
587,1226.0,11894.0,1966,8,460.0,385.0,RL,CollgCr,258598.0,113.8991,2071.0,192.4022,zoning verification is complete and neighborhood information is confirmed.,1,verified,RL>CollgCr,11894.0,232738.0,2024-01
588,1909.0,12109.0,2008,2,542.0,858.0,FV,CollgCr,257053.0,177.3519,3309.0,307.4162,lot area verification is complete because documents are available.,0,,FV>CollgCr,12109.0,231348.0,2024-01
589,1566.0,4327.0,1995,4,630.0,313.0,RM,OldTown,233067.0,145.4862,2509.0,233.0937,lot area verification is complete because documents are available.,0,,RM>OldTown,4327.0,209760.0,2024-01
590,2221.0,9926.0,1956,5,604.0,1230.0,RL,Somerst,285796.0,206.3377,4055.0,376.7218,lot area verification is complete because documents are available.,0,,RL>Somerst,922.16,257216.0,2024-01
591,1229.0,22044.0,1925,4,918.0,1077.0,FV,Somerst,203182.0,114.1778,3224.0,299.5194,lot area verification is complete because documents are available.,0,,FV>Somerst,22044.0,182864.0,2024-01
592,1697.0,2169.0,1991,4,284.0,122.0,FV,CollgCr,239517.0,157.6565,2103.0,195.3751,lot area verification is complete because documents are available.,0,,FV>CollgCr,2169.0,215565.0,2024-01
593,1279.0,6933.0,1992,7,411.0,489.0,FV,NridgHt,219138.0,118.823,2179.0,202.4357,sale condition was reviewed and valuation status is approved.,0,,FV>NridgHt,6933.0,197224.0,2024-01
594,896.0,14365.0,1944,3,618.0,1276.0,RL,Somerst,173986.0,83.2411,2790.0,259.1995,zoning verification is complete and neighborhood information is confirmed.,0,,RL>Somerst,1334.55,156587.0,2024-01
595,1125.0,13264.0,2004,7,591.0,835.0,FV,Somerst,226619.0,104.5159,2551.0,236.9957,zoning verification is complete and neighborhood information is confirmed.,0,,FV>Somerst,13264.0,203957.0,2024-01
596,1210.0,11423.0,1944,6,256.0,1010.0,FV,CollgCr,214942.0,112.4127,2476.0,230.0279,sale condition was reviewed and valuation status is approved.,0,,FV>CollgCr,11423.0,193448.0,2024-01
597,2191.0,2449.0,1974,9,519.0,776.0,RH,Edwards,339322.0,203.5506,3486.0,323.86,zoning verification is complete and neighborhood information is confirmed.,1,verified,RH>Edwards,2449.0,305390.0,2024-01
598,1358.0,16203.0,1956,5,634.0,874.0,RM,OldTown,212931.0,126.1623,2866.0,266.2601,property inspection is complete and garage area is measured.,0,,RM>OldTown,16203.0,191638.0,2024-01
599,1309.0,,2001,6,796.0,1239.0,FV,CollgCr,216765.0,121.6101,3344.0,310.6678,sale condition was reviewed and valuation status is approved.,0,,FV>CollgCr,10356.0,195088.0,2024-01
600,1882.0,11898.0,1995,5,740.0,1206.0,RL,Edwards,288388.0,174.8435,3828.0,355.6328,zoning verification is complete and neighborhood information is confirmed.,0,,RL>Edwards,11898.0,259549.0,2024-01
601,2351.0,6876.0,1894,7,615.0,777.0,RH,Edwards,,218.415,3743.0,347.7361,sale condition was reviewed and valuation status is approved.,0,,RH>Edwards,6876.0,302414.0,2024-01
602,1884.0,13245.0,1948,9,668.0,551.0,RH,OldTown,293068.0,175.0293,3103.0,288.2781,lot area verification are complete because documments are available.,1,verified,RH>OldTown,13245.0,263761.0,2024-01
603,2048.0,8606.0,1931,9,359.0,562.0,FV,Edwards,,190.2654,2969.0,275.8291,property inspection is complete and garage area is measured.,1,verified,FV>Edwards,799.52,318902.0,2024-01
604,1112.0,7532.0,1928,9,683.0,875.0,RH,Edwards,233264.0,103.3082,2670.0,248.0511,lot area verification is complete because documents are available.,1,verified,RH>Edwards,7532.0,209938.0,2024-01
605,1524.0,14140.0,1923,9,812.0,985.0,RM,NridgHt,,141.5842,3321.0,308.531,sale condition was reviewed and valuation status is approved.,1,verified,RM>NridgHt,14140.0,254758.0,2024-01
606,469.0,12655.0,1946,6,442.0,1314.0,RM,NridgHt,152364.0,43.5715,2225.0,206.7093,zoning verification is complete and neighborhood information is confirmed.,0,,RM>NridgHt,12655.0,137128.0,2024-01
607,2159.0,10899.0,2002,9,387.0,1000.0,RM,NridgHt,313785.0,200.5777,3546.0,329.4342,property inspection are complete and garage area is measured.,1,verified,RM>NridgHt,10899.0,282406.0,2024-01
608,1627.0,13357.0,1960,2,399.0,995.0,FV,CollgCr,194089.0,151.1532,3021.0,280.6601,property inspection is complete and garage area is measured.,0,,FV>CollgCr,13357.0,174680.0,2024-01
609,1811.0,0.0,1960,4,433.0,963.0,RM,OldTown,259343.0,168.2474,3207.0,297.94,sale condition was reviewed and valuation status is approved.,0,,RM>OldTown,18437.0,233409.0,2024-01
610,2244.0,11659.0,1948,8,204.0,769.0,RH,NAmes,303273.0,208.4744,3217.0,298.8691,property inspection is complete and garage area is measured.,1,verified,RH>NAmes,11659.0,272946.0,2024-01
611,1169.0,6982.0,2008,4,237.0,618.0,RM,NridgHt,178848.0,108.6037,2024.0,188.0358,sale condition was reviewed and valuation status is approved.,0,,RM>NridgHt,6982.0,160963.0,2024-01
612,1480.0,13044.0,1979,3,190.0,909.0,FV,NridgHt,208033.0,137.4965,2579.0,239.5969,zoning verification is complete and neighborhood information is confirmed.,0,,FV>NridgHt,13044.0,187230.0,2024-01
613,1238.0,11197.0,1908,3,694.0,1062.0,FV,Edwards,214505.0,115.014,2994.0,278.1517,zoning verification is complete and neighborhood information is confirmed.,0,,FV>Edwards,11197.0,193054.0,2024-01
614,1868.0,12298.0,2004,5,571.0,917.0,RH,NAmes,257125.0,173.5429,3356.0,311.7826,lot area verification is complete because documents are available.,0,,RH>NAmes,1142.52,231412.0,2024-01
615,1828.0,8894.0,1940,2,247.0,583.0,RM,OldTown,223413.0,169.8268,2658.0,246.9363,zoning verification is complete and neighborhood information is confirmed.,0,,RM>OldTown,8894.0,201072.0,2024-01
616,1749.0,15868.0,1953,4,599.0,605.0,RM,NAmes,284806.0,162.4874,2953.0,274.3427,zoning verification is complete and neighborhood information is confirmed.,0,,RM>NAmes,1474.18,256325.0,2024-01
617,1497.0,14469.0,1932,7,491.0,530.0,RL,NAmes,255830.0,139.0759,2518.0,233.9299,lot area verification is complete because documents are available.,0,,RL>NAmes,14469.0,230247.0,2024-01
618,1662.0,9575.0,1913,5,,1560.0,RH,OldTown,245888.0,154.4049,3815.0,354.4251,property inspection are complete and garage area is measured.,0,,RH>OldTown,9575.0,221299.0,2024-01
619,1166.0,5004.0,1903,8,,1017.0,RH,Somerst,202979.0,108.3249,2879.0,267.4679,property inspection is complete and garage area is measured.,1,verified,RH>Somerst,464.89,182681.0,2024-01
620,1787.0,13142.0,1932,6,325.0,954.0,RL,Somerst,255936.0,166.0177,3066.0,284.8407,property inspection is complete and garage area is measured.,0,,RL>Somerst,13142.0,230342.0,2024-01
621,1920.0,11192.0,2001,5,587.0,953.0,RL,NAmes,272729.0,178.3738,3460.0,321.4445,lot area verfication are complete because documents are available.,0,,RL>NAmes,1039.77,245456.0,2024-01
622,1271.0,6231.0,1992,9,438.0,1316.0,RL,Edwards,267319.0,118.0798,3025.0,281.0317,property inspection is complete and garage area is measured.,1,verified,RL>Edwards,6231.0,240587.0,2024-01
623,902.0,9764.0,1905,6,233.0,1736.0,RH,CollgCr,161486.0,83.7985,2871.0,266.7246,sale condition was reviewed and valuation status is approved.,0,,RH>CollgCr,9764.0,145337.0,2024-01
624,2143.0,8201.0,1975,6,549.0,750.0,RL,CollgCr,317620.0,199.0912,3442.0,319.7723,property inspection is complete and garage area is measured.,0,,RL>CollgCr,8201.0,285858.0,2024-01
625,2118.0,13088.0,1958,9,368.0,1277.0,RH,NridgHt,355280.0,196.7686,3763.0,349.5941,zoning verification is complete and neighborhood information is confirmed.,1,verified,RH>NridgHt,13088.0,319752.0,2024-01
626,1630.0,6052.0,1899,9,322.0,877.0,RH,NAmes,249406.0,151.432,2829.0,262.8227,zoning verification is complete and neighborhood information is confirmed.,1,verified,RH>NAmes,6052.0,224465.0,2024-01
627,1650.0,14762.0,1944,7,615.0,1004.0,RH,CollgCr,257459.0,153.29,3269.0,303.7,lot area verification is complete because documents are available.,0,,RH>CollgCr,14762.0,231713.0,2024-01
628,1068.0,15544.0,2004,3,607.0,873.0,RH,NridgHt,197395.0,99.2204,2548.0,236.7169,sale condition was reviewed and valuation status is approved.,0,,RH>NridgHt,15544.0,177656.0,2024-01
629,1591.0,0.0,1913,3,256.0,1011.0,RH,CollgCr,216808.0,147.8087,2858.0,265.5169,property inspection is complete and garage area is measured.,0,,RH>CollgCr,7893.0,195127.0,2024-01
630,1202.0,10060.0,1963,4,193.0,1233.0,RM,OldTown,182750.0,111.6695,2628.0,244.1492,lot area verification is complete because documents are available.,0,,RM>OldTown,10060.0,164475.0,2024-01
631,1077.0,9619.0,1994,4,340.0,419.0,RM,Somerst,185875.0,100.0566,1836.0,170.57,property inspection is complete and garage area is measured.,0,,RM>Somerst,9619.0,167288.0,2024-01
632,1745.0,8683.0,1933,7,299.0,1194.0,RL,NAmes,235118.0,162.1158,3238.0,300.82,lot area verification is complete because documents are available.,0,,RL>NAmes,8683.0,211606.0,2024-01
633,2253.0,15662.0,1949,2,718.0,1222.0,RL,Somerst,291683.0,209.3105,4193.0,389.5424,zoning verification is complete and neighborhood information is confirmed.,0,,RL>Somerst,1455.05,262515.0,2024-01
634,1514.0,9828.0,1939,8,344.0,156.0,RL,Edwards,235328.0,140.6552,2014.0,187.1067,lot area verification is complete because documents are available.,1,verified,RL>Edwards,9828.0,211795.0,2024-01
635,984.0,9719.0,1957,3,454.0,862.0,RL,NAmes,162737.0,91.4166,2300.0,213.677,zoning verification is complete and neighborhood information is confirmed.,0,,RL>NAmes,9719.0,146463.0,2024-01
636,1325.0,9158.0,2010,7,503.0,899.0,RL,NAmes,226746.0,123.0965,2727.0,253.3466,sale condition was reviewed and valuation status is approved.,0,,RL>NAmes,9158.0,204071.0,2024-01
637,1759.0,5142.0,1999,7,597.0,846.0,FV,OldTown,256175.0,163.4164,3202.0,297.4755,zoning verification is complete and neighborhood information is confirmed.,0,,FV>OldTown,5142.0,230558.0,2024-01
638,2336.0,12583.0,1925,3,237.0,876.0,FV,Edwards,270547.0,217.0215,3449.0,320.4226,zoning verification is complete and neighborhood information is confirmed.,0,,FV>Edwards,12583.0,243492.0,2024-01
639,502.0,17957.0,1902,9,840.0,1084.0,RM,Somerst,204488.0,46.6373,2426.0,225.3828,zoning verification is complete and neighborhood information is confirmed.,1,verified,RM>Somerst,17957.0,184039.0,2024-01
640,1269.0,11786.0,1975,3,700.0,574.0,RH,Somerst,215375.0,117.894,2543.0,236.2524,sale condition was reviewed and valuation status is approved.,0,,RH>Somerst,11786.0,193838.0,2024-01
641,1349.0,7673.0,1989,3,-557.0,1179.0,RM,NAmes,166628.0,125.3262,3085.0,286.6059,zoning verification is complete and neighborhood information is confirmed.,0,,RM>NAmes,7673.0,149965.0,2024-01
642,1128.0,10436.0,1927,7,565.0,1021.0,RL,Somerst,214487.0,104.7946,2714.0,252.1389,property inspection is complete and garage area is measured.,0,,RL>Somerst,969.54,193038.0,2024-01
643,1561.0,13003.0,2009,7,159.0,1021.0,RM,Somerst,231332.0,145.0216,2741.0,254.6472,property inspection is complete and garage area is measured.,0,,RM>Somerst,1208.02,208199.0,2024-01
644,1058.0,13971.0,1893,7,491.0,949.0,RL,Somerst,220267.0,98.2914,2498.0,232.0718,sale condition was reviewed and valuation status is approved.,0,,RL>Somerst,13971.0,198240.0,2024-01
645,1505.0,9934.0,1895,7,471.0,1356.0,RH,OldTown,252116.0,139.8191,3332.0,309.5529,lot area verification is complete because documents are available.,0,,RH>OldTown,922.9,226904.0,2024-01
646,730.0,11922.0,2008,9,742.0,1223.0,RL,NAmes,202825.0,67.8192,2695.0,250.3737,property inspection are complete and garage area is measured.,1,verified,RL>NAmes,11922.0,182542.0,2024-01
647,1690.0,4407.0,1891,8,,1030.0,FV,Somerst,252943.0,157.0061,2915.0,270.8124,property inspection is complete and garage area is measured.,1,verified,FV>Somerst,4407.0,227649.0,2024-01
648,1643.0,7648.0,1977,3,236.0,1026.0,RL,OldTown,197782.0,152.6397,2905.0,269.8833,sale condition was reviewed and valuation status is approved.,0,,RL>OldTown,7648.0,178004.0,2024-01
649,1982.0,13531.0,1918,6,,1199.0,RL,Somerst,298857.0,184.1338,3692.0,342.998,lot area verification is complete because documents are available.,0,,RL>Somerst,13531.0,268971.0,2024-01
650,1578.0,8546.0,2010,9,362.0,782.0,RL,Somerst,238024.0,146.601,2722.0,252.8821,property inspection is complete and garage area is measured.,1,verified,RL>Somerst,8546.0,214222.0,2024-01
651,1219.0,6120.0,1897,2,930.0,469.0,RL,NAmes,213200.0,113.2488,2618.0,243.2202,lot area verification is complete because documents are available.,0,,RL>NAmes,6120.0,191880.0,2024-01
652,1210.0,10347.0,2009,3,308.0,1210.0,RL,CollgCr,158513.0,112.4127,2728.0,253.4395,property inspection is complete and garage area is measured.,0,,RL>CollgCr,10347.0,142662.0,2024-01
653,1764.0,9649.0,1943,5,753.0,595.0,RL,Somerst,238993.0,163.881,3112.0,289.1143,zoning verification is complete and neighborhood information is confirmed.,0,,RL>Somerst,9649.0,215094.0,2024-01
654,1741.0,12389.0,1953,2,46.0,924.0,FV,CollgCr,220566.0,161.7442,2711.0,251.8601,property inspection is complete and garage area is measured.,0,,FV>CollgCr,12389.0,198509.0,2024-01
655,1215.0,11207.0,2006,7,590.0,1303.0,RL,Somerst,202723.0,112.8772,3108.0,288.7426,lot area verification is complete because documents are available.,0,,RL>Somerst,11207.0,182451.0,2024-01
656,453.0,14609.0,1958,7,701.0,168.0,RL,NAmes,161156.0,42.0851,1322.0,122.8178,zoning verfication are complete and neighborhood information is confirmed.,0,,RL>NAmes,1357.22,145040.0,2024-01
657,1674.0,4993.0,1980,7,160.0,877.0,RM,CollgCr,252458.0,155.5197,2711.0,251.8601,lot area verification is complete because documents are available.,0,,RM>CollgCr,463.86,227212.0,2024-01
658,1113.0,14320.0,1930,9,29.0,573.0,RM,NAmes,218754.0,103.4011,1715.0,159.3287,zoning verification is complete and neighborhood information is confirmed.,1,verified,RM>NAmes,14320.0,196879.0,2024-01
659,1184.0,11477.0,1914,5,,890.0,RH,CollgCr,204831.0,109.9972,2074.0,192.6809,zoning verification is complete and neighborhood information is confirmed.,0,,RH>CollgCr,11477.0,184348.0,2024-01
660,2044.0,15220.0,1971,2,490.0,1209.0,RM,Somerst,232354.0,189.8938,3743.0,347.7361,lot area verification is complete because documents are available.,0,,RM>Somerst,15220.0,209119.0,2024-01
661,1477.0,14070.0,1940,8,394.0,1032.0,RM,OldTown,246714.0,137.2178,2903.0,269.6975,sale condition was reviewed and valuation status is approved.,1,verified,RM>OldTown,14070.0,222043.0,2024-01
662,1740.0,12194.0,2006,6,466.0,565.0,FV,CollgCr,,161.6513,2771.0,257.4343,sale condition was reviewed and valuation status is approved.,0,,FV>CollgCr,12194.0,254730.0,2024-01
663,2402.0,12849.0,1939,4,735.0,365.0,RM,OldTown,,223.1531,3502.0,325.3464,lot area verification are complete becuase documents are available.,0,,RM>OldTown,12849.0,319046.0,2024-01
664,1733.0,14164.0,1987,8,459.0,1026.0,FV,Somerst,278128.0,161.001,3218.0,298.962,lot area verification is complete because documents are available.,1,verified,FV>Somerst,14164.0,250315.0,2024-01
665,1903.0,7107.0,1958,3,417.0,377.0,FV,NridgHt,214783.0,176.7945,2697.0,250.5595,property inspection is complete and garage area is measured.,0,,FV>NridgHt,7107.0,193305.0,2024-01
666,2128.0,11277.0,1908,9,,1211.0,RH,CollgCr,340658.0,197.6977,3644.0,338.5387,zoning verification is complete and neighborhood information is confirmed.,1,verified,RH>CollgCr,11277.0,306592.0,2024-01
667,1791.0,7736.0,1943,6,676.0,1307.0,RH,NridgHt,242781.0,166.3893,3774.0,350.6161,lot area verification is complete because documents are available.,0,,RH>NridgHt,7736.0,218503.0,2024-01
668,2019.0,8173.0,1999,9,515.0,1342.0,FV,NridgHt,296639.0,187.5712,3876.0,360.0922,zoning verification is complete and neighborhood information is confirmed.,1,verified,FV>NridgHt,8173.0,266975.0,2024-01
669,1244.0,10563.0,1921,7,,685.0,FV,Somerst,234866.0,115.5714,2301.0,213.7699,sale condition was reviewed and valuation status is approved.,0,,FV>Somerst,981.33,211379.0,2024-01
670,1114.0,6794.0,1919,3,,450.0,RM,NridgHt,171065.0,103.494,2165.0,201.1351,sale condition was reviewed and valuation status is approved.,0,,RM>NridgHt,6794.0,153958.0,2024-01
671,1634.0,13583.0,1970,7,321.0,1387.0,RM,Edwards,264016.0,151.8036,3342.0,310.482,zoning verification is complete and neighborhood information is confirmed.,0,,RM>Edwards,1261.9,237614.0,2024-01
672,1012.0,9922.0,1971,4,340.0,1157.0,RL,NridgHt,194259.0,94.0179,2509.0,233.0937,zoning verification is complete and neighborhood information is confirmed.,0,,RL>NridgHt,9922.0,174833.0,2024-01
673,1821.0,13023.0,1921,2,517.0,1216.0,FV,Edwards,,169.1764,3554.0,330.1774,property inspection is complete and garage area is measured.,0,,FV>Edwards,13023.0,265396.0,2024-01
674,1850.0,10913.0,1903,2,223.0,1219.0,RM,Somerst,200797.0,171.8706,3292.0,305.8368,sale condition was reviewed and valuation status is approved.,0,,RM>Somerst,10913.0,180717.0,2024-01
675,664.0,9327.0,1932,3,217.0,938.0,RM,CollgCr,106558.0,61.6876,1819.0,168.9906,zoning verification is complete and neighborhood information is confirmed.,0,,RM>CollgCr,9327.0,95902.0,2024-01
676,1117.0,0.0,1994,8,431.0,565.0,RH,NAmes,204950.0,103.7727,2113.0,196.3041,sale condition was reviewed and valuation status is approved.,1,verified,RH>NAmes,16536.0,184455.0,2024-01
677,1396.0,,1932,9,490.0,1120.0,FV,OldTown,298476.0,129.6926,3006.0,279.2665,sale condition was reviewed and valuation status is approved.,1,verified,FV>OldTown,10445.0,268628.0,2024-01
678,1748.0,13183.0,1900,5,380.0,1003.0,FV,CollgCr,250314.0,162.3945,3131.0,290.8794,property inspection are complete and garage area is measured.,0,,FV>CollgCr,1224.74,225283.0,2024-01
679,1839.0,7627.0,1940,4,416.0,1046.0,RM,CollgCr,279047.0,170.8487,3301.0,306.6729,sale condition was reviewed and valuation status is approved.,0,,RM>CollgCr,7627.0,251142.0,2024-01
680,647.0,8197.0,1946,3,567.0,1809.0,RM,Edwards,130953.0,60.1083,3023.0,280.8459,sale condition was reviewed and valuation status is approved.,0,,RM>Edwards,8197.0,117858.0,2024-01
681,1759.0,8043.0,1977,4,302.0,609.0,RH,NridgHt,221689.0,163.4164,2670.0,248.0511,sale condition was reviewed and valuation status is approved.,0,,RH>NridgHt,8043.0,199520.0,2024-01
682,1965.0,2000.0,1926,7,29.0,846.0,RL,Edwards,274209.0,182.5545,2840.0,263.8446,lot area verification is complete because documents are available.,0,,RL>Edwards,185.81,246788.0,2024-01
683,1191.0,4534.0,1957,3,640.0,418.0,FV,CollgCr,159572.0,110.6475,2249.0,208.9389,sale condition was reviewed and valuation status is approved.,0,,FV>CollgCr,4534.0,143615.0,2024-01
684,1106.0,9697.0,1899,3,,1354.0,RL,Edwards,193476.0,102.7508,2641.0,245.3569,sale condition was reviewed and valuation status is approved.,0,,RL>Edwards,9697.0,174128.0,2024-01
685,1279.0,11749.0,1896,5,284.0,504.0,RL,OldTown,224515.0,118.823,2067.0,192.0306,sale condition was reviewed and valuation status is approved.,0,,RL>OldTown,11749.0,202064.0,2024-01
686,902.0,7460.0,1959,8,144.0,675.0,RH,Edwards,152507.0,83.7985,1721.0,159.8861,zoning verification is complete and neighborhood information is confirmed.,1,verified,RH>Edwards,7460.0,137256.0,2024-01
687,1684.0,9248.0,1965,6,508.0,919.0,RM,Somerst,251852.0,156.4487,3111.0,289.0214,zoning verification is complete and neighborhood information is confirmed.,0,,RM>Somerst,9248.0,226667.0,2024-01
688,1360.0,11987.0,1972,8,566.0,1115.0,FV,NAmes,240043.0,126.3481,3041.0,282.5181,lot area verification is complete because documents are available.,1,verified,FV>NAmes,11987.0,216039.0,2024-01
689,1647.0,4573.0,1911,7,742.0,975.0,FV,NridgHt,268228.0,153.0113,3364.0,312.5258,sale condition was reviewed and valuation status is approved.,0,,FV>NridgHt,424.85,241405.0,2024-01
690,2444.0,9462.0,1922,4,753.0,1251.0,RM,Edwards,298839.0,227.055,4448.0,413.2327,sale condition was reviewed and valuation status is approved.,0,,RM>Edwards,9462.0,268955.0,2024-01
691,1416.0,11782.0,1912,3,690.0,1334.0,RM,Edwards,230317.0,131.5507,3440.0,319.5865,zoning verification is complete and neighborhood information is confirmed.,0,,RM>Edwards,11782.0,207285.0,2024-01
692,1993.0,14960.0,1953,8,475.0,1193.0,RH,CollgCr,281744.0,185.1558,3661.0,340.118,zoning verification is complete and neighborhood information is confirmed.,1,verified,RH>CollgCr,14960.0,253570.0,2024-01
693,1543.0,2693.0,1996,6,518.0,1141.0,RM,NAmes,209068.0,143.3494,3202.0,297.4755,lot area verification is complete because documents are available.,0,,RM>NAmes,250.19,188161.0,2024-01
694,1102.0,10298.0,1933,7,498.0,462.0,FV,OldTown,211549.0,102.3792,2062.0,191.5661,property inspection is complete and garage area is measured.,0,,FV>OldTown,10298.0,190394.0,2024-01
695,1422.0,8504.0,1902,3,400.0,1551.0,RH,NridgHt,205304.0,132.1081,3373.0,313.362,sale condition was reviewed and valuation status is approved.,0,,RH>NridgHt,8504.0,184774.0,2024-01
696,1791.0,9750.0,1957,8,590.0,1029.0,RH,CollgCr,275092.0,166.3893,3410.0,316.7994,zoning verification is complete and neighborhood information is confirmed.,1,verified,RH>CollgCr,9750.0,247583.0,2024-01
697,1988.0,4753.0,1956,4,503.0,1538.0,RH,Somerst,261662.0,184.6912,4029.0,374.3063,sale condition was reviewed and valuation status is approved.,0,,RH>Somerst,4753.0,235496.0,2024-01
698,1536.0,8114.0,1964,4,377.0,1093.0,RL,OldTown,242663.0,142.6991,3006.0,279.2665,zoning verification is complete and neighborhood information is confirmed.,0,,RL>OldTown,8114.0,218397.0,2024-01
699,1538.0,18227.0,1963,7,608.0,847.0,FV,NridgHt,260754.0,142.8849,2993.0,278.0588,zoning verification is complete and neighborhood information is confirmed.,0,,FV>NridgHt,18227.0,234679.0,2024-01
700,1788.0,15000.0,1894,6,476.0,921.0,FV,CollgCr,247809.0,166.1106,3185.0,295.8962,zoning verification is complete and neighborhood information is confirmed.,0,,FV>CollgCr,1393.54,223028.0,2024-01
701,624.0,16267.0,1890,7,538.0,953.0,RL,Edwards,144473.0,57.9715,2115.0,196.4899,lot area verification is complete because documents are available.,0,,RL>Edwards,16267.0,130026.0,2024-01
702,2026.0,12335.0,1904,8,,1120.0,RM,NridgHt,,188.2216,3466.0,322.0019,zoning verification is complete and neighborhood information is confirmed.,1,verified,RM>NridgHt,1145.96,278105.0,2024-01
703,1629.0,8997.0,1915,2,0.0,967.0,RL,NridgHt,179590.0,151.3391,2596.0,241.1763,lot area verification is complete because documents are available.,0,,RL>NridgHt,8997.0,161631.0,2024-01
704,1245.0,5404.0,1960,3,494.0,1045.0,FV,NAmes,187468.0,115.6643,2784.0,258.6421,sale condition was reviewed and valuation status is approved.,0,,FV>NAmes,5404.0,168721.0,2024-01
705,1593.0,10506.0,1980,6,179.0,936.0,FV,NAmes,246952.0,147.9945,2708.0,251.5814,lot area verification is complete because documents are available.,0,,FV>NAmes,976.04,222257.0,2024-01
706,1238.0,13300.0,1893,9,675.0,691.0,FV,NridgHt,266645.0,115.014,2604.0,241.9195,property inspection is complete and garage area is measured.,1,verified,FV>NridgHt,1235.61,239980.0,2024-01
707,1215.0,22793.0,1920,8,382.0,893.0,FV,NridgHt,240540.0,112.8772,2490.0,231.3286,property inspection is complete and garage area is measured.,1,verified,FV>NridgHt,22793.0,216486.0,2024-01
708,1465.0,10051.0,1919,6,,888.0,FV,Somerst,219858.0,136.103,2566.0,238.3892,sale condition was reviewed and valuation status is approved.,0,,FV>Somerst,933.77,197872.0,2024-01
709,1623.0,16007.0,1891,8,,1155.0,FV,CollgCr,287428.0,150.7816,3115.0,289.393,sale condition was reviewed and valuation status is approved.,1,verified,FV>CollgCr,16007.0,258685.0,2024-01
710,1384.0,6783.0,1920,7,437.0,1033.0,FV,CollgCr,217634.0,128.5778,2854.0,265.1453,property inspection is complete and garage area is measured.,0,,FV>CollgCr,6783.0,195871.0,2024-01
711,2105.0,11573.0,1992,5,664.0,466.0,FV,NAmes,,195.5609,3235.0,300.5413,lot area verification is complete because documents are available.,0,,FV>NAmes,1075.17,259911.0,2024-01
712,749.0,7507.0,1987,8,696.0,846.0,RL,Somerst,198291.0,69.5844,2291.0,212.8409,lot area verification is complete because documents are available.,1,verified,RL>Somerst,7507.0,178462.0,2024-01
713,1046.0,11862.0,1892,7,467.0,928.0,FV,Somerst,206217.0,97.1766,2441.0,226.7763,property inspection is complete and garage area is measured.,0,,FV>Somerst,11862.0,185595.0,2024-01
714,910.0,15922.0,1895,7,,1250.0,RM,Edwards,204370.0,84.5418,2499.0,232.1647,sale condition was reviewed and valuation status is approved.,0,,RM>Edwards,15922.0,183933.0,2024-01
715,1746.0,16420.0,1917,4,,920.0,FV,NridgHt,219516.0,162.2087,3214.0,298.5904,sale condition was reviewed and valuation status is approved.,0,,FV>NridgHt,16420.0,197564.0,2024-01
716,1286.0,14444.0,1915,8,371.0,1119.0,FV,Somerst,288320.0,119.4733,2776.0,257.8988,zoning verification is complete and neighborhood information is confirmed.,1,verified,FV>Somerst,1341.89,259488.0,2024-01
717,1127.0,5535.0,1923,8,690.0,954.0,RM,NAmes,220639.0,104.7017,2771.0,257.4343,property inspection is complete and garage area is measured.,1,verified,RM>NAmes,5535.0,198575.0,2024-01
718,1263.0,12006.0,1939,8,280.0,764.0,RH,OldTown,219004.0,117.3365,2307.0,214.3273,zoning verification is complete and neighborhood information is confirmed.,1,verified,RH>OldTown,12006.0,197104.0,2024-01
719,1086.0,15576.0,1937,9,833.0,1397.0,RH,OldTown,245532.0,100.8927,3316.0,308.0665,lot area verification is complete because documents are available.,1,verified,RH>OldTown,1447.06,220979.0,2024-01
720,1429.0,7107.0,1946,7,523.0,603.0,RL,NAmes,249207.0,132.7584,2555.0,237.3673,sale condition was reviewed and valuation status is approved.,0,,RL>NAmes,7107.0,224286.0,2024-01
721,1070.0,10017.0,1974,7,387.0,676.0,RH,Edwards,198029.0,99.4063,2133.0,198.1622,zoning verification is complete and neighborhood information is confirmed.,0,,RH>Edwards,10017.0,178226.0,2024-01
722,1745.0,14406.0,2008,6,639.0,682.0,RM,CollgCr,252328.0,162.1158,3066.0,284.8407,sale condition was reviewed and valuation status is approved.,0,,RM>CollgCr,14406.0,227095.0,2024-01
723,1410.0,2000.0,1973,2,566.0,876.0,RM,Edwards,199727.0,130.9933,2852.0,264.9595,property inspection is complete and garage area is measured.,0,,RM>Edwards,2000.0,179754.0,2024-01
724,1402.0,8039.0,1923,9,591.0,1421.0,RH,CollgCr,286534.0,130.2501,3414.0,317.171,zoning verification is complete and neighborhood information is confirmed.,1,verified,RH>CollgCr,8039.0,257881.0,2024-01
725,1063.0,18372.0,1907,9,-539.0,1171.0,RM,Edwards,214986.0,98.7559,2773.0,257.6201,lot area verification is complete because documents are available.,1,verified,RM>Edwards,18372.0,193487.0,2024-01
726,995.0,20102.0,1935,4,522.0,841.0,RL,OldTown,202667.0,92.4385,2358.0,219.0654,sale condition was reviewed and valuation status is approved.,0,,RL>OldTown,20102.0,182400.0,2024-01
727,1284.0,16044.0,1957,8,680.0,756.0,FV,CollgCr,217614.0,119.2875,2720.0,252.6963,sale condition was reviewed and valuation status is approved.,1,verified,FV>CollgCr,16044.0,195853.0,2024-01
728,1609.0,2000.0,1937,3,349.0,1062.0,RH,Somerst,200275.0,149.481,3020.0,280.5672,zoning verification is complete and neighborhood information is confirmed.,0,,RH>Somerst,2000.0,180248.0,2024-01
729,1403.0,14205.0,1951,2,663.0,17.0,RL,NAmes,206127.0,130.343,2083.0,193.517,sale condition was reviewed and valuation status is approved.,0,,RL>NAmes,14205.0,185514.0,2024-01
730,1132.0,14617.0,2009,6,378.0,1292.0,RL,Edwards,230903.0,105.1662,2802.0,260.3143,sale condition was reviewed and valuation status is approved.,0,,RL>Edwards,14617.0,207813.0,2024-01
731,1360.0,9405.0,1947,2,585.0,859.0,RH,NridgHt,174988.0,126.3481,2804.0,260.5001,property inspection are complete and garage area is measured.,0,,RH>NridgHt,9405.0,157489.0,2024-01
732,1707.0,20380.0,1911,7,751.0,714.0,RL,Edwards,286671.0,158.5855,3172.0,294.6884,property inspection is complete and garage area is measured.,0,,RL>Edwards,20380.0,258004.0,2024-01
733,1824.0,5612.0,1890,4,,1041.0,FV,CollgCr,253647.0,169.4551,3553.0,330.0845,zoning verification is complete and neighborhood information is confirmed.,0,,FV>CollgCr,521.37,228282.0,2024-01
734,1243.0,14759.0,1956,7,436.0,898.0,RH,OldTown,203492.0,115.4785,2577.0,239.4111,zoning verification is complete and neighborhood information is confirmed.,0,,RH>OldTown,14759.0,183143.0,2024-01
735,1868.0,7773.0,1917,7,146.0,1060.0,RL,NAmes,312505.0,173.5429,3074.0,285.5839,lot area verification is complete because documents are available.,0,,RL>NAmes,7773.0,281254.0,2024-01
736,1947.0,15137.0,1993,9,627.0,998.0,FV,Somerst,352249.0,180.8822,3572.0,331.8497,property inspection is complete and garage area is measured.,1,verified,FV>Somerst,15137.0,317024.0,2024-01
737,1602.0,15554.0,1892,7,265.0,1191.0,FV,OldTown,230294.0,148.8307,3058.0,284.0975,sale condition were reviewed and valuation status is aproved.,0,,FV>OldTown,15554.0,207265.0,2024-01
738,957.0,12430.0,1985,7,504.0,753.0,FV,NAmes,188975.0,88.9082,2214.0,205.6873,lot area verification is complete because documents are available.,0,,FV>NAmes,12430.0,170078.0,2024-01
739,1674.0,2740.0,1913,4,386.0,838.0,RH,NridgHt,251943.0,155.5197,2898.0,269.233,lot area verification is complete because documents are available.,0,,RH>NridgHt,2740.0,226749.0,2024-01
740,1083.0,8890.0,1925,3,617.0,608.0,FV,Somerst,168701.0,100.614,2308.0,214.4202,property inspection is complete and garage area is measured.,0,,FV>Somerst,8890.0,151831.0,2024-01
741,1219.0,15051.0,1905,7,316.0,626.0,RH,NAmes,268219.0,113.2488,2161.0,200.7635,property inspection is complete and garage area is measured.,0,,RH>NAmes,15051.0,241397.0,2024-01
742,1907.0,7885.0,1927,3,235.0,1376.0,RL,NridgHt,224496.0,177.1661,3518.0,326.8329,zoning verification is complete and neighborhood information is confirmed.,0,,RL>NridgHt,7885.0,202046.0,2024-01
743,1707.0,6291.0,1913,2,61.0,1370.0,RM,Edwards,197467.0,158.5855,3138.0,291.5297,sale condition was reviewed and valuation status is approved.,0,,RM>Edwards,6291.0,177720.0,2024-01
744,1758.0,11903.0,1936,2,507.0,628.0,RL,CollgCr,229379.0,163.3235,2893.0,268.7685,lot area verification is complete because documents are available.,0,,RL>CollgCr,11903.0,206441.0,2024-01
745,2029.0,9198.0,1894,6,389.0,789.0,RH,OldTown,,188.5003,3207.0,297.94,property inspection is complete and garage area is measured.,0,,RH>OldTown,9198.0,259780.0,2024-01
746,1207.0,6429.0,1963,4,323.0,557.0,FV,NridgHt,198687.0,112.134,2087.0,193.8886,sale condition was reviewed and valuation status is approved.,0,,FV>NridgHt,597.27,178818.0,2024-01
747,1322.0,7226.0,1944,4,437.0,892.0,RL,CollgCr,196423.0,122.8178,2651.0,246.286,lot area verification is complete because documents are available.,0,,RL>CollgCr,7226.0,176781.0,2024-01
748,2174.0,11274.0,1914,5,,1163.0,FV,Somerst,269282.0,201.9712,3856.0,358.2341,zoning verification is complete and neighborhood information is confirmed.,0,,FV>Somerst,1047.39,242354.0,2024-01
749,1304.0,12972.0,1918,3,558.0,716.0,RM,Edwards,229935.0,121.1456,2578.0,239.504,zoning verification is complete and neighborhood information is confirmed.,0,,RM>Edwards,12972.0,206942.0,2024-01
750,1906.0,5997.0,1927,7,197.0,822.0,RH,CollgCr,,177.0732,2925.0,271.7414,lot area verification is complete because documents are available.,0,,RH>CollgCr,5997.0,274233.0,2024-01
751,1905.0,13111.0,1990,7,593.0,531.0,RM,NAmes,338487.0,176.9803,3029.0,281.4033,sale condition was reviewed and valuation status is approved.,0,,RM>NAmes,13111.0,304638.0,2024-01
752,1785.0,8251.0,1992,2,611.0,436.0,RL,Somerst,214905.0,165.8319,2832.0,263.1014,sale condition was reviewed and valuation status is approved.,0,,RL>Somerst,8251.0,193414.0,2024-01
753,1593.0,15222.0,1940,6,0.0,1810.0,RH,NridgHt,240449.0,147.9945,3403.0,316.149,lot area verification is complete because documments are available.,0,,RH>NridgHt,15222.0,216404.0,2024-01
754,2174.0,13957.0,1990,2,561.0,1127.0,RH,Somerst,,201.9712,3862.0,358.7915,property inspection is complete and garage area is measured.,0,,RH>Somerst,1296.65,254636.0,2024-01
755,1677.0,11565.0,1924,2,597.0,911.0,RH,NAmes,201798.0,155.7984,3185.0,295.8962,sale condition was reviewed and valuation status is approved.,0,,RH>NAmes,1074.42,181618.0,2024-01
756,1084.0,11036.0,1984,8,361.0,759.0,RH,NridgHt,224288.0,100.7069,2204.0,204.7583,property inspection is complete and garage area is measured.,1,verified,RH>NridgHt,11036.0,201859.0,2024-01
757,1818.0,18053.0,2004,2,236.0,1132.0,FV,OldTown,245562.0,168.8977,3186.0,295.9891,sale condition was reviewed and valuation status is approved.,0,,FV>OldTown,18053.0,221006.0,2024-01
758,1677.0,11898.0,1963,8,489.0,1418.0,RM,Somerst,237638.0,155.7984,3584.0,332.9645,property inspection is complete and garage area is measured.,1,verified,RM>Somerst,11898.0,213874.0,2024-01
759,1605.0,13130.0,1901,6,213.0,1376.0,RM,NAmes,248640.0,149.1094,3194.0,296.7323,lot area verification is complete because documents are available.,0,,RM>NAmes,1219.82,223776.0,2024-01
760,1348.0,19344.0,1929,2,655.0,928.0,RM,NridgHt,166580.0,125.2333,2931.0,272.2988,zoning verification is complete and neighborhood information is confirmed.,0,,RM>NridgHt,19344.0,149922.0,2024-01
761,1495.0,12048.0,1904,8,467.0,529.0,RM,Edwards,264508.0,138.89,2491.0,231.4215,zoning verification is complete and neighborhood information is confirmed.,1,verified,RM>Edwards,12048.0,238057.0,2024-01
762,1311.0,12291.0,1905,9,754.0,683.0,RH,Edwards,235071.0,121.7959,2748.0,255.2976,zoning verification is complete and neighborhood information is confirmed.,1,verified,RH>Edwards,12291.0,211564.0,2024-01
763,1282.0,8940.0,1972,6,344.0,289.0,RH,Somerst,204454.0,119.1017,1915.0,177.9093,sale condition was reviewed and valuation status is approved.,0,,RH>Somerst,8940.0,184009.0,2024-01
764,1230.0,4172.0,2009,6,593.0,1362.0,FV,OldTown,181044.0,114.2707,3185.0,295.8962,property inspection is complete and garage area is measured.,0,,FV>OldTown,4172.0,162940.0,2024-01
765,1060.0,10492.0,1972,5,488.0,989.0,RH,Edwards,178107.0,98.4772,2537.0,235.695,sale condition was reviewed and valuation status is approved.,0,,RH>Edwards,10492.0,160296.0,2024-01
766,1286.0,8444.0,1974,8,325.0,549.0,RM,NAmes,189213.0,119.4733,2160.0,200.6706,zoning verification is complete and neighborhood information is confirmed.,1,verified,RM>NAmes,8444.0,170292.0,2024-01
767,1318.0,10316.0,1891,8,,1284.0,RM,NridgHt,243603.0,122.4462,2900.0,269.4188,sale condition was reviewed and valuation status is approved.,1,verified,RM>NridgHt,10316.0,219243.0,2024-01
768,1251.0,15651.0,2000,5,592.0,861.0,FV,CollgCr,234393.0,116.2217,2704.0,251.2098,property inspection is complete and garage area is measured.,0,,FV>CollgCr,15651.0,210954.0,2024-01
769,2248.0,7341.0,1921,3,630.0,1012.0,RH,NAmes,262258.0,208.846,3890.0,361.3928,sale condition was reviewed and valuation status is approved.,0,,RH>NAmes,7341.0,236032.0,2024-01
770,1756.0,3282.0,1999,3,616.0,953.0,RH,NridgHt,215749.0,163.1377,3325.0,308.9026,sale condition was reviewed and valuation status is approved.,0,,RH>NridgHt,3282.0,194174.0,2024-01
771,2209.0,4020.0,1994,7,365.0,1258.0,FV,Edwards,,205.2228,3832.0,356.0044,lot area verification is complete because documents are available.,0,,FV>Edwards,4020.0,256451.0,2024-01
772,1249.0,6863.0,1947,4,363.0,739.0,RM,Somerst,203556.0,116.0359,2351.0,218.415,sale condition was reviewed and valuation status is approved.,0,,RM>Somerst,637.59,183200.0,2024-01
773,1222.0,5318.0,1985,8,988.0,807.0,RH,NridgHt,266616.0,113.5275,3017.0,280.2885,sale condition was reviewed and valuation status is approved.,1,verified,RH>NridgHt,5318.0,239954.0,2024-01
774,796.0,,2007,2,556.0,785.0,RM,OldTown,158135.0,73.9508,2137.0,198.5338,zoning verification is complete and neighborhood information is confirmed.,0,,RM>OldTown,938.04,142322.0,2024-01
775,1608.0,3598.0,1967,8,582.0,1205.0,RL,CollgCr,273017.0,149.3881,3395.0,315.4058,sale condition was reviewed and valuation status is approved.,1,verified,RL>CollgCr,334.26,245715.0,2024-01
776,1307.0,7970.0,1916,4,,962.0,RM,NAmes,216045.0,121.4243,2803.0,260.4072,zoning verification is complete and neighborhood information is confirmed.,0,,RM>NAmes,7970.0,194440.0,2024-01
777,2150.0,6278.0,1991,5,630.0,873.0,RH,Edwards,291396.0,199.7415,3653.0,339.3748,property inspection is complete and garage area is measured.,0,,RH>Edwards,6278.0,262256.0,2024-01
778,1182.0,8113.0,1970,6,490.0,1579.0,RH,CollgCr,216185.0,109.8114,3251.0,302.0278,zoning verification is complete and neighborhood information is confirmed.,0,,RH>CollgCr,8113.0,194566.0,2024-01
779,1380.0,17025.0,1942,5,394.0,494.0,RL,CollgCr,252727.0,128.2062,2268.0,210.7041,lot area verification is complete because documents are available.,0,,RL>CollgCr,17025.0,227454.0,2024-01
780,2367.0,12660.0,1908,3,192.0,988.0,FV,OldTown,315351.0,219.9015,3547.0,329.5271,property inspection is complete and garage area is measured.,0,,FV>OldTown,12660.0,283816.0,2024-01
781,1430.0,16485.0,1927,5,80.0,1059.0,RM,NridgHt,229163.0,132.8513,2569.0,238.6679,sale condition was reviewed and valuation status is approved.,0,,RM>NridgHt,16485.0,206247.0,2024-01
782,1255.0,13293.0,1961,7,302.0,1374.0,RH,CollgCr,237405.0,116.5933,2931.0,272.2988,zoning verification is complete and neighborhood information is confirmed.,0,,RH>CollgCr,13293.0,213664.0,2024-01
783,1944.0,15037.0,1975,5,79.0,722.0,FV,CollgCr,264394.0,180.6035,2745.0,255.0188,sale condition was reviewed and valuation status is approved.,0,,FV>CollgCr,15037.0,237955.0,2024-01
784,1625.0,7010.0,1946,2,265.0,909.0,RL,Edwards,203588.0,150.9674,2799.0,260.0356,property inspection is complete and garage area is measured.,0,,RL>Edwards,7010.0,183229.0,2024-01
785,1724.0,9057.0,2003,3,470.0,1345.0,RH,NAmes,267209.0,160.1648,3539.0,328.7839,lot area verification is complete because documents are available.,0,,RH>NAmes,841.42,240488.0,2024-01
786,1793.0,12437.0,1930,2,337.0,1607.0,RH,NridgHt,216658.0,166.5752,3737.0,347.1787,zoning verification is complete and neighborhood information is confirmed.,0,,RH>NridgHt,12437.0,194992.0,2024-01
787,2186.0,8641.0,1973,6,562.0,1416.0,RL,NAmes,328648.0,203.086,4164.0,386.8483,zoning verification is complete and neighborhood information is confirmed.,0,,RL>NAmes,8641.0,295783.0,2024-01
788,923.0,7647.0,1920,4,321.0,1155.0,RH,CollgCr,159177.0,85.7495,2399.0,222.8744,lot area verification is complete because documents are available.,0,,RH>CollgCr,7647.0,143259.0,2024-01
789,1007.0,15029.0,1947,3,536.0,1656.0,RL,NAmes,165978.0,93.5534,3199.0,297.1968,zoning verification is complete and neighborhood information is confirmed.,0,,RL>NAmes,15029.0,149380.0,2024-01
790,1452.0,11551.0,1947,4,370.0,558.0,RM,Somerst,216443.0,134.8952,2380.0,221.1092,lot area verification is complete because documents are available.,0,,RM>Somerst,1073.12,194799.0,2024-01
791,2022.0,12560.0,1991,7,0.0,1560.0,FV,NridgHt,274776.0,187.8499,3582.0,332.7787,property inspection is complete and garage area is measured.,0,,FV>NridgHt,12560.0,247298.0,2024-01
792,1648.0,4113.0,1896,2,809.0,578.0,RH,CollgCr,230534.0,153.1042,3035.0,281.9607,lot area verification is complete because documents are available.,0,,RH>CollgCr,4113.0,207481.0,2024-01
793,705.0,6339.0,1901,6,,1415.0,RM,Somerst,169654.0,65.4966,2509.0,233.0937,lot area verification is complete because documents are available.,0,,RM>Somerst,6339.0,152689.0,2024-01
794,1561.0,9491.0,1993,2,339.0,229.0,RH,Edwards,230478.0,145.0216,2129.0,197.7906,zoning verification is complete and neighborhood information is confirmed.,0,,RH>Edwards,9491.0,207430.0,2024-01
795,2144.0,8612.0,1935,4,164.0,1486.0,FV,NAmes,291830.0,199.1841,3794.0,352.4741,property inspection are complete and garage area is measured.,0,,FV>NAmes,800.08,262647.0,2024-01
796,2660.0,7795.0,1998,7,559.0,771.0,FV,CollgCr,371170.0,247.1221,3990.0,370.6831,zoning verification is complete and neighborhood information is confirmed.,0,,FV>CollgCr,7795.0,334053.0,2024-01
797,1811.0,7125.0,1994,7,648.0,951.0,RM,Edwards,296977.0,168.2474,3410.0,316.7994,lot area verification is complete because documents are available.,0,,RM>Edwards,7125.0,267279.0,2024-01
798,1130.0,,1905,3,346.0,1236.0,RL,Somerst,167625.0,104.9804,2712.0,251.953,sale condition was reviewed and valuation status is approved.,0,,RL>Somerst,10568.0,150862.0,2024-01
799,1615.0,11147.0,1949,8,377.0,658.0,RM,OldTown,255535.0,150.0384,2650.0,246.1931,property inspection is complete and garage area is measured.,1,verified,RM>OldTown,11147.0,229982.0,2024-01
800,1949.0,3859.0,1931,3,597.0,1289.0,RH,Somerst,213806.0,181.068,3835.0,356.2832,zoning verification is complete and neighborhood information is confirmed.,0,,RH>Somerst,3859.0,192425.0,2024-01
801,1267.0,9458.0,1948,9,316.0,706.0,FV,NAmes,243414.0,117.7082,2289.0,212.6551,lot area verification is complete because documents are available.,1,verified,FV>NAmes,878.68,219073.0,2024-01
802,1257.0,14095.0,1923,2,730.0,897.0,RH,Somerst,217251.0,116.7791,2884.0,267.9324,property inspection is complete and garage area is measured.,0,,RH>Somerst,14095.0,195526.0,2024-01
803,2453.0,11412.0,1896,5,612.0,1666.0,RL,NAmes,309568.0,227.8912,4731.0,439.5243,lot area verification is complete because documents are available.,0,,RL>NAmes,11412.0,278611.0,2024-01
804,1844.0,14569.0,1996,2,506.0,1005.0,RH,NridgHt,232377.0,171.3132,3355.0,311.6897,sale condition was reviewed and valuation status is approved.,0,,RH>NridgHt,14569.0,209139.0,2024-01
805,2056.0,7978.0,1962,9,253.0,782.0,RM,NridgHt,298560.0,191.0087,3091.0,287.1633,lot area verification are complete because documments are available.,1,verified,RM>NridgHt,7978.0,268704.0,2024-01
806,623.0,9656.0,1905,4,563.0,658.0,RM,OldTown,158421.0,57.8786,1844.0,171.3132,lot area verification is complete because documents are available.,0,,RM>OldTown,9656.0,142579.0,2024-01
807,1034.0,,1939,6,202.0,755.0,FV,NAmes,183996.0,96.0617,1991.0,184.97,lot area verification is complete because documents are available.,0,,FV>NAmes,4765.0,165596.0,2024-01
808,450.0,9968.0,1930,3,513.0,341.0,RH,OldTown,121800.0,41.8064,1304.0,121.1456,lot area verification is complete because documents are available.,0,,RH>OldTown,9968.0,109620.0,2024-01
809,1447.0,8572.0,1971,2,106.0,0.0,RL,Edwards,198970.0,134.4307,1553.0,144.2784,sale condition was reviewed and valuation status is approved.,0,,RL>Edwards,8572.0,179073.0,2024-01
810,1234.0,8931.0,1953,5,652.0,1224.0,RM,NAmes,176257.0,114.6424,3110.0,288.9285,zoning verification is complete and neighborhood information is confirmed.,0,,RM>NAmes,8931.0,158631.0,2024-01
811,1723.0,6349.0,1951,7,731.0,282.0,FV,NAmes,288404.0,160.0719,2736.0,254.1827,property inspection is complete and garage area is measured.,0,,FV>NAmes,6349.0,259564.0,2024-01
812,1714.0,12295.0,1897,2,320.0,1218.0,RH,NAmes,236339.0,159.2358,3252.0,302.1207,zoning verification is complete and neighborhood information is confirmed.,0,,RH>NAmes,12295.0,212705.0,2024-01
813,2026.0,,1978,2,675.0,453.0,RH,Somerst,248915.0,188.2216,3154.0,293.0162,property inspection is complete and garage area is measured.,0,,RH>Somerst,959.6,224024.0,2024-01
814,1933.0,13692.0,1919,4,202.0,466.0,FV,CollgCr,252952.0,179.5816,2601.0,241.6408,property inspection is complete and garage area is measured.,0,,FV>CollgCr,13692.0,227657.0,2024-01
815,1449.0,4933.0,1942,4,409.0,705.0,RL,OldTown,192322.0,134.6165,2563.0,238.1105,sale condition was reviewed and valuation status is approved.,0,,RL>OldTown,4933.0,173090.0,2024-01
816,2005.0,12818.0,1971,4,537.0,1091.0,RH,Somerst,288992.0,186.2706,3633.0,337.5167,sale condition was reviewed and valuation status is approved.,0,,RH>Somerst,12818.0,260093.0,2024-01
817,1131.0,12315.0,1997,7,490.0,1818.0,RM,Somerst,256767.0,105.0733,3439.0,319.4936,zoning verification are complete and neighborhood infromation is confirmed.,0,,RM>Somerst,12315.0,231090.0,2024-01
818,1597.0,3397.0,1997,2,420.0,1001.0,FV,NAmes,199898.0,148.3662,3018.0,280.3814,property inspection is complete and garage area is measured.,0,,FV>NAmes,3397.0,179908.0,2024-01
819,1035.0,14982.0,1999,6,570.0,1118.0,RH,OldTown,198063.0,96.1546,2723.0,252.975,lot area verification is complete because documents are available.,0,,RH>OldTown,14982.0,178257.0,2024-01
820,1486.0,13979.0,2003,8,609.0,1124.0,RM,Somerst,265678.0,138.0539,3219.0,299.0549,zoning verification is complete and neighborhood information is confirmed.,1,verified,RM>Somerst,13979.0,239110.0,2024-01
821,1322.0,15075.0,1970,4,460.0,1435.0,FV,Somerst,202105.0,122.8178,3217.0,298.8691,property inspection is complete and garage area is measured.,0,,FV>Somerst,15075.0,181894.0,2024-01
822,2161.0,11868.0,2008,4,411.0,1136.0,RM,Somerst,263577.0,200.7635,3708.0,344.4845,lot area verification is complete because documents are available.,0,,RM>Somerst,11868.0,237219.0,2024-01
823,1846.0,9146.0,1975,8,269.0,885.0,RL,Somerst,281385.0,171.499,3000.0,278.7091,zoning verification is complete and neighborhood information is confirmed.,1,verified,RL>Somerst,849.69,253246.0,2024-01
824,1325.0,12268.0,1911,8,411.0,559.0,FV,CollgCr,230061.0,123.0965,2295.0,213.2125,sale condition was reviewed and valuation status is approved.,1,verified,FV>CollgCr,12268.0,207055.0,2024-01
825,1428.0,7422.0,1964,7,358.0,717.0,FV,Edwards,270677.0,132.6655,2503.0,232.5363,sale condition was reviewed and valuation stauts are approved.,0,,FV>Edwards,7422.0,243609.0,2024-01
826,1529.0,15224.0,2000,4,623.0,488.0,RM,Edwards,232941.0,142.0487,2640.0,245.264,sale condition was reviewed and valuation status is approved.,0,,RM>Edwards,15224.0,209647.0,2024-01
827,1384.0,7010.0,1993,3,465.0,1815.0,RL,NAmes,218300.0,128.5778,3664.0,340.3967,zoning verification is complete and neighborhood information is confirmed.,0,,RL>NAmes,651.25,196470.0,2024-01
828,1494.0,12621.0,1959,9,676.0,1227.0,RL,OldTown,255269.0,138.7971,3397.0,315.5916,property inspection is complete and garage area is measured.,1,verified,RL>OldTown,12621.0,229742.0,2024-01
829,1768.0,8265.0,1965,5,128.0,930.0,RL,CollgCr,252067.0,164.2526,2826.0,262.544,lot area verification is complete because documents are available.,0,,RL>CollgCr,8265.0,226860.0,2024-01
830,1252.0,7997.0,1998,4,725.0,669.0,RL,CollgCr,220318.0,116.3146,2646.0,245.8214,property inspection is complete and garage area is measured.,0,,RL>CollgCr,7997.0,198286.0,2024-01
831,1399.0,12379.0,1948,9,352.0,927.0,RM,OldTown,299288.0,129.9714,2678.0,248.7943,property inspection is complete and garage area is measured.,1,verified,RM>OldTown,1150.05,269359.0,2024-01
832,1670.0,15093.0,1935,9,630.0,1310.0,RM,NridgHt,315899.0,155.1481,3610.0,335.38,sale condition was reviewed and valuation status is approved.,1,verified,RM>NridgHt,15093.0,284309.0,2024-01
833,2309.0,7564.0,1948,5,389.0,1403.0,FV,NridgHt,,214.5131,4101.0,380.9954,lot area verification is complete because documents are available.,0,,FV>NridgHt,702.72,280370.0,2024-01
834,1687.0,12619.0,1915,4,,1042.0,RL,Edwards,246815.0,156.7274,3289.0,305.5581,lot area verification is complete because documents are available.,0,,RL>Edwards,12619.0,222134.0,2024-01
835,1671.0,15283.0,1979,7,441.0,674.0,FV,Edwards,275454.0,155.241,2786.0,258.8279,zoning verification is complete and neighborhood information is confirmed.,0,,FV>Edwards,15283.0,247909.0,2024-01
836,1718.0,11721.0,1927,4,535.0,712.0,RM,Somerst,237141.0,159.6074,2965.0,275.4575,zoning verification is complete and neighborhood information is confirmed.,0,,RM>Somerst,11721.0,213427.0,2024-01
837,1073.0,14453.0,1945,8,477.0,973.0,RH,Somerst,254570.0,99.685,2523.0,234.3944,property inspection is complete and garage area is measured.,1,verified,RH>Somerst,14453.0,229113.0,2024-01
838,1518.0,9133.0,1950,2,768.0,1182.0,RL,Somerst,226311.0,141.0268,3468.0,322.1877,zoning verification is complete and neighborhood information is confirmed.,0,,RL>Somerst,9133.0,203680.0,2024-01
839,1038.0,11561.0,1942,3,422.0,330.0,RM,NridgHt,178723.0,96.4334,1790.0,166.2964,sale condition was reviewed and valuation status is approved.,0,,RM>NridgHt,11561.0,160851.0,2024-01
840,1523.0,10840.0,2053,9,620.0,1648.0,RM,OldTown,272631.0,141.4913,3791.0,352.1954,zoning verification is complete and neighborhood information is confirmed.,1,verified,RM>OldTown,10840.0,245368.0,2024-01
841,925.0,14942.0,1971,6,518.0,720.0,RM,OldTown,175508.0,85.9353,2163.0,200.9493,lot area verification is complete because documents are available.,0,,RM>OldTown,14942.0,157957.0,2024-01
842,1314.0,8164.0,1988,9,216.0,1181.0,FV,Edwards,252319.0,122.0746,2711.0,251.8601,zoning verification is complete and neighborhood information is confirmed.,1,verified,FV>Edwards,758.46,227087.0,2024-01
843,2211.0,11552.0,1981,2,583.0,921.0,RL,Edwards,265915.0,205.4086,3715.0,345.1348,sale condition was reviewed and valuation status is approved.,0,,RL>Edwards,11552.0,239324.0,2024-01
844,1809.0,6085.0,2007,6,550.0,775.0,RL,CollgCr,,168.0616,3134.0,291.1581,property inspection is complete and garage area is measured.,0,,RL>CollgCr,6085.0,262704.0,2024-01
845,1825.0,7995.0,2007,9,261.0,967.0,RH,CollgCr,264398.0,169.548,3053.0,283.633,property inspection is complete and garage area is measured.,1,verified,RH>CollgCr,7995.0,237958.0,2024-01
846,1671.0,16833.0,1914,4,118.0,1142.0,FV,OldTown,249396.0,155.241,2931.0,272.2988,sale condition was reviewed and valuation status is approved.,0,,FV>OldTown,16833.0,224456.0,2024-01
847,2097.0,18448.0,1946,3,580.0,1015.0,RM,Edwards,,194.8177,3692.0,342.998,zoning verification is complete and neighborhood information is confirmed.,0,,RM>Edwards,18448.0,260483.0,2024-01
848,2259.0,9371.0,2007,8,480.0,1596.0,FV,Edwards,350400.0,209.868,4335.0,402.7347,property inspection is complete and garage area is measured.,1,verified,FV>Edwards,9371.0,315360.0,2024-01
849,1390.0,7792.0,2005,8,377.0,578.0,RL,NAmes,284322.0,129.1352,2345.0,217.8576,sale condition was reviewed and valuation status is approved.,1,verified,RL>NAmes,7792.0,255890.0,2024-01
850,1909.0,16578.0,1907,5,433.0,1348.0,RL,Somerst,275367.0,177.3519,3690.0,342.8122,zoning verification is complete and neighborhood information is confirmed.,0,,RL>Somerst,16578.0,247830.0,2024-01
851,1730.0,7248.0,1940,4,617.0,1205.0,RM,OldTown,239050.0,160.7223,3552.0,329.9916,zoning verification is complete and neighborhood information is confirmed.,0,,RM>OldTown,7248.0,215145.0,2024-01
852,450.0,10844.0,1966,6,295.0,1158.0,RM,OldTown,115585.0,41.8064,1903.0,176.7945,zoning verification is complete and neighborhood information is confirmed.,0,,RM>OldTown,10844.0,104026.0,2024-01
853,1050.0,12912.0,1966,3,362.0,570.0,FV,Somerst,164063.0,97.5482,1982.0,184.1338,zoning verification is complete and neighborhood information is confirmed.,0,,FV>Somerst,12912.0,147657.0,2024-01
854,2278.0,16564.0,1921,2,,1014.0,RL,NridgHt,266232.0,211.6331,3791.0,352.1954,property inspection is complete and garage area is measured.,0,,RL>NridgHt,16564.0,239609.0,2024-01
855,2370.0,6048.0,1977,8,558.0,876.0,RL,Somerst,,220.1802,3804.0,353.4032,lot area verification is complete because documents are available.,1,verified,RL>Somerst,6048.0,296510.0,2024-01
856,1052.0,7830.0,1932,6,532.0,1392.0,RL,OldTown,189836.0,97.734,2976.0,276.4794,sale condition was reviewed and valuation status is approved.,0,,RL>OldTown,727.43,170852.0,2024-01
857,1413.0,,1957,5,900.0,985.0,RH,CollgCr,219488.0,131.272,3298.0,306.3942,lot area verification is complete because documents are available.,0,,RH>CollgCr,9579.0,197539.0,2024-01
858,2393.0,8579.0,1941,7,547.0,948.0,RH,NridgHt,301806.0,222.317,3888.0,361.207,zoning verification is complete and neighborhood information is confirmed.,0,,RH>NridgHt,797.01,271625.0,2024-01
859,1525.0,16275.0,1942,9,651.0,818.0,FV,OldTown,275911.0,141.6771,2994.0,278.1517,property inspection are complete and garage area is measured.,1,verified,FV>OldTown,16275.0,248320.0,2024-01
860,1803.0,8477.0,1965,5,0.0,920.0,RM,NAmes,227758.0,167.5042,2723.0,252.975,property inspection is complete and garage area is measured.,0,,RM>NAmes,8477.0,204982.0,2024-01
861,2245.0,7095.0,1954,8,828.0,1164.0,FV,Somerst,353339.0,208.5673,4237.0,393.6302,zoning verification is complete and neighborhood information is confirmed.,1,verified,FV>Somerst,7095.0,318005.0,2024-01
862,1323.0,5607.0,1957,8,689.0,533.0,FV,Somerst,207857.0,122.9107,2545.0,236.4382,sale condition was reviewed and valuation status is approved.,1,verified,FV>Somerst,5607.0,187071.0,2024-01
863,2216.0,4989.0,1892,5,142.0,919.0,RH,Edwards,299374.0,205.8731,3277.0,304.4433,zoning verification is complete and neighborhood information is confirmed.,0,,RH>Edwards,4989.0,269437.0,2024-01
864,1990.0,10049.0,2004,9,208.0,450.0,RM,Somerst,320520.0,184.877,2648.0,246.0072,zoning verification is complete and neighborhood information is confirmed.,1,verified,RM>Somerst,10049.0,288468.0,2024-01
865,1428.0,11979.0,1976,2,429.0,1250.0,RL,CollgCr,214310.0,132.6655,3107.0,288.6497,lot area verification is complete because documents are available.,0,,RL>CollgCr,1112.89,192879.0,2024-01
866,1768.0,3171.0,1992,2,516.0,1362.0,FV,Edwards,240057.0,164.2526,3646.0,338.7245,sale condition was reviewed and valuation status is approved.,0,,FV>Edwards,3171.0,216051.0,2024-01
867,1283.0,9855.0,1955,3,605.0,743.0,RH,OldTown,199120.0,119.1946,2631.0,244.4279,property inspection is complete and garage area is measured.,0,,RH>OldTown,9855.0,179208.0,2024-01
868,1963.0,7470.0,2010,6,567.0,1346.0,RL,NAmes,272715.0,182.3687,3876.0,360.0922,lot area verification is complete because documents are available.,0,,RL>NAmes,7470.0,245444.0,2024-01
869,1876.0,9199.0,1980,4,229.0,1560.0,RL,Somerst,236057.0,174.2861,3665.0,340.4896,zoning verification is complete and neighborhood information is confirmed.,0,,RL>Somerst,854.61,212451.0,2024-01
870,1246.0,7654.0,1910,8,,1089.0,RL,OldTown,219822.0,115.7572,2835.0,263.3801,property inspection is complete and garage area is measured.,1,verified,RL>OldTown,7654.0,197840.0,2024-01
871,2163.0,9941.0,2002,4,613.0,993.0,RM,CollgCr,,200.9493,3769.0,350.1516,zoning verification is complete and neighborhood information is confirmed.,0,,RM>CollgCr,9941.0,248403.0,2024-01
872,1423.0,5038.0,1953,3,418.0,1585.0,RL,NridgHt,231378.0,132.201,3426.0,318.2858,sale condition was reviewed and valuation status is approved.,0,,RL>NridgHt,5038.0,208240.0,2024-01
873,954.0,11800.0,1936,9,420.0,1104.0,RH,OldTown,209099.0,88.6295,2478.0,230.2137,zoning verification is complete and neighborhood information is confirmed.,1,verified,RH>OldTown,11800.0,188189.0,2024-01
874,1094.0,9083.0,1969,5,647.0,1183.0,RH,Edwards,207674.0,101.6359,2924.0,271.6485,property inspection is complete and garage area is measured.,0,,RH>Edwards,843.84,186907.0,2024-01
875,1455.0,14446.0,1902,6,330.0,1192.0,RH,Somerst,228770.0,135.1739,2977.0,276.5724,property inspection is complete and garage area is measured.,0,,RH>Somerst,14446.0,205893.0,2024-01
876,1653.0,11605.0,1970,9,327.0,1073.0,RL,Edwards,223774.0,153.5687,3053.0,283.633,zoning verification is complete and neighborhood information is confirmed.,1,verified,RL>Edwards,1078.14,201397.0,2024-01
877,1616.0,7488.0,1927,4,598.0,812.0,RM,NAmes,218296.0,150.1313,3026.0,281.1246,lot area verification is complete because documents are available.,0,,RM>NAmes,7488.0,196466.0,2024-01
878,948.0,11781.0,2010,8,395.0,0.0,RM,NAmes,212387.0,88.0721,1343.0,124.7688,property inspection is complete and garage area is measured.,1,verified,RM>NAmes,11781.0,191148.0,2024-01
879,1606.0,14493.0,1966,6,631.0,961.0,RL,CollgCr,269105.0,149.2023,3198.0,297.1039,lot area verification is complete because documents are available.,0,,RL>CollgCr,14493.0,242194.0,2024-01
880,1252.0,9302.0,1939,2,260.0,1139.0,RL,NridgHt,164214.0,116.3146,2651.0,246.286,lot area verification is complete because documents are available.,0,,RL>NridgHt,9302.0,147793.0,2024-01
881,1293.0,11867.0,1937,3,405.0,1000.0,RL,Edwards,151846.0,120.1236,2698.0,250.6524,zoning verification is complete and neighborhood information is confirmed.,0,,RL>Edwards,11867.0,136661.0,2024-01
882,1452.0,11375.0,1940,6,386.0,269.0,RM,CollgCr,219724.0,134.8952,2107.0,195.7467,property inspection is complete and garage area is measured.,0,,RM>CollgCr,11375.0,197752.0,2024-01
883,1437.0,11759.0,1998,7,737.0,416.0,RH,NridgHt,260923.0,133.5017,2590.0,240.6189,zoning verification is complete and neighborhood information is confirmed.,0,,RH>NridgHt,11759.0,234831.0,2024-01
884,1995.0,11213.0,1960,6,333.0,803.0,FV,OldTown,292014.0,185.3416,3131.0,290.8794,property inspection is complete and garage area is measured.,0,,FV>OldTown,11213.0,262813.0,2024-01
885,2139.0,5144.0,1923,5,540.0,641.0,RH,NAmes,,198.7196,3320.0,308.4381,lot area verification is complete because documents are available.,0,,RH>NAmes,477.89,276849.0,2024-01
886,1755.0,5739.0,1935,6,457.0,998.0,RL,Edwards,258417.0,163.0448,3210.0,298.2188,sale condition was reviewed and valuation stauts are approved.,0,,RL>Edwards,533.17,232575.0,2024-01
887,1133.0,4264.0,1942,6,390.0,1388.0,RL,Edwards,166417.0,105.2591,2911.0,270.4407,sale condition was reviewed and valuation status is approved.,0,,RL>Edwards,396.14,149775.0,2024-01
888,1146.0,5935.0,1973,8,679.0,1474.0,RM,NridgHt,220729.0,106.4669,3299.0,306.4871,sale condition was reviewed and valuation status is approved.,1,verified,RM>NridgHt,5935.0,198656.0,2024-01
889,1509.0,11091.0,1980,3,593.0,970.0,RH,OldTown,225423.0,140.1907,3072.0,285.3981,sale condition was reviewed and valuation status is approved.,0,,RH>OldTown,11091.0,202881.0,2024-01
890,1283.0,12246.0,1908,7,,1197.0,RM,Somerst,197853.0,119.1946,3073.0,285.491,lot area verification is complete because documents are available.,0,,RM>Somerst,12246.0,178068.0,2024-01
891,1862.0,6767.0,1934,7,438.0,979.0,RH,OldTown,269996.0,172.9855,3279.0,304.6291,zoning verification is complete and neighborhood information is confirmed.,0,,RH>OldTown,6767.0,242996.0,2024-01
892,1287.0,5934.0,2004,7,443.0,917.0,RH,Somerst,229078.0,119.5662,2647.0,245.9143,lot area verification is complete because documents are available.,0,,RH>Somerst,5934.0,206170.0,2024-01
893,1581.0,12074.0,2009,5,661.0,889.0,FV,NAmes,248049.0,146.8797,3131.0,290.8794,sale condition was reviewed and valuation status is approved.,0,,FV>NAmes,12074.0,223244.0,2024-01
894,2183.0,9254.0,1937,4,725.0,992.0,RH,NridgHt,298119.0,202.8073,3900.0,362.3219,property inspection is complete and garage area is measured.,0,,RH>NridgHt,9254.0,268307.0,2024-01
895,2010.0,4858.0,1922,4,409.0,981.0,RM,Somerst,245616.0,186.7351,3400.0,315.8703,zoning verification is complete and neighborhood information is confirmed.,0,,RM>Somerst,4858.0,221054.0,2024-01
896,1042.0,18759.0,1905,6,,559.0,RL,NAmes,207128.0,96.805,1983.0,184.2267,lot area verification is complete because documents are available.,0,,RL>NAmes,18759.0,186415.0,2024-01
897,1383.0,11394.0,1913,6,,714.0,RH,Edwards,232057.0,128.4849,2310.0,214.606,lot area verification is complete because documents are available.,0,,RH>Edwards,11394.0,208851.0,2024-01
898,1622.0,11645.0,1930,6,264.0,1014.0,FV,Edwards,244411.0,150.6887,2900.0,269.4188,lot area verification is complete because documents are available.,0,,FV>Edwards,11645.0,219970.0,2024-01
899,1532.0,7270.0,1940,8,579.0,534.0,RL,Somerst,253531.0,142.3275,2645.0,245.7285,zoning verification is complete and neighborhood information is confirmed.,1,verified,RL>Somerst,7270.0,228178.0,2024-01
900,1552.0,15577.0,1999,4,134.0,1010.0,RL,OldTown,234223.0,144.1855,2696.0,250.4666,sale condition was reviewed and valuation status is approved.,0,,RL>OldTown,15577.0,210801.0,2024-01
901,1155.0,12234.0,1932,5,577.0,1148.0,FV,Somerst,240420.0,107.303,2880.0,267.5608,property inspection is complete and garage area is measured.,0,,FV>Somerst,12234.0,216378.0,2024-01
902,1532.0,16507.0,1974,5,405.0,1151.0,RH,Edwards,261326.0,142.3275,3088.0,286.8846,property inspection is complete and garage area is measured.,0,,RH>Edwards,16507.0,235193.0,2024-01
903,1694.0,7182.0,1893,9,288.0,353.0,FV,OldTown,286532.0,157.3777,2335.0,216.9286,sale condition was reviewed and valuation status is approved.,1,verified,FV>OldTown,7182.0,257879.0,2024-01
904,2117.0,9630.0,1974,7,437.0,815.0,RM,Edwards,278231.0,196.6757,3369.0,312.9903,sale condition was reviewed and valuation status is approved.,0,,RM>Edwards,9630.0,250408.0,2024-01
905,2412.0,2001.0,1940,6,292.0,1527.0,FV,Edwards,332663.0,224.0821,4231.0,393.0728,zoning verification is complete and neighborhood information is confirmed.,0,,FV>Edwards,2001.0,299397.0,2024-01
906,2508.0,13488.0,1976,4,196.0,998.0,RM,Somerst,301065.0,233.0008,3702.0,343.9271,lot area verification is complete because documents are available.,0,,RM>Somerst,13488.0,270958.0,2024-01
907,1327.0,12018.0,1938,5,421.0,824.0,RL,NridgHt,220657.0,123.2823,2572.0,238.9466,property inspection is complete and garage area is measured.,0,,RL>NridgHt,12018.0,198591.0,2024-01
908,2031.0,15947.0,1918,6,,649.0,RM,NAmes,,188.6861,3291.0,305.7439,sale condition was reviewed and valuation status is approved.,0,,RM>NAmes,15947.0,257810.0,2024-01
909,1374.0,7867.0,1969,3,400.0,651.0,RH,OldTown,192059.0,127.6488,2425.0,225.2899,sale condition was reviewed and valuation status is approved.,0,,RH>OldTown,7867.0,172853.0,2024-01
910,1893.0,12134.0,1917,5,194.0,304.0,RM,NridgHt,257890.0,175.8655,2391.0,222.1312,property inspection is complete and garage area is measured.,0,,RM>NridgHt,12134.0,232101.0,2024-01
911,1857.0,9994.0,1921,7,,1541.0,RL,Somerst,297626.0,172.5209,4068.0,377.9296,sale condition was reviewed and valuation status is approved.,0,,RL>Somerst,9994.0,267863.0,2024-01
912,1037.0,11283.0,1990,4,265.0,336.0,RH,NridgHt,193072.0,96.3405,1638.0,152.1752,zoning verification is complete and neighborhood information is confirmed.,0,,RH>NridgHt,11283.0,173765.0,2024-01
913,2234.0,9206.0,2003,9,544.0,1315.0,RL,NAmes,,207.5454,4093.0,380.2521,zoning verification is complete and neighborhood information is confirmed.,1,verified,RL>NAmes,855.27,303726.0,2024-01
914,2467.0,3561.0,2002,6,782.0,1320.0,RH,CollgCr,335947.0,229.1918,4569.0,424.474,sale condition was reviewed and valuation status is approved.,0,,RH>CollgCr,3561.0,302352.0,2024-01
915,1360.0,10942.0,1966,6,69.0,1316.0,RL,Somerst,232353.0,126.3481,2745.0,255.0188,sale condition was reviewed and valuation status is approved.,0,,RL>Somerst,1016.54,209118.0,2024-01
916,1700.0,10684.0,1916,6,81.0,558.0,RM,CollgCr,253535.0,157.9352,2339.0,217.3002,property inspection is complete and garage area is measured.,0,,RM>CollgCr,10684.0,228182.0,2024-01
917,2466.0,14528.0,1983,2,640.0,513.0,RH,NridgHt,284168.0,229.0989,3619.0,336.2161,property inspection is complete and garage area is measured.,0,,RH>NridgHt,14528.0,255751.0,2024-01
918,1893.0,9091.0,1940,2,766.0,1392.0,RL,OldTown,250431.0,175.8655,4051.0,376.3502,sale condition was reviewed and valuation status is approved.,0,,RL>OldTown,9091.0,225388.0,2024-01
919,1629.0,13194.0,1989,8,621.0,1001.0,RL,OldTown,292947.0,151.3391,3251.0,302.0278,property inspection is complete and garage area is measured.,1,verified,RL>OldTown,13194.0,263652.0,2024-01
920,1775.0,7637.0,2001,8,517.0,928.0,RL,CollgCr,,164.9029,3220.0,299.1478,property inspection is complete and garage area is measured.,1,verified,RL>CollgCr,7637.0,254325.0,2024-01
921,1647.0,6813.0,1927,5,810.0,1245.0,FV,Somerst,219932.0,153.0113,3702.0,343.9271,lot area verification is complete because documents are available.,0,,FV>Somerst,632.95,197939.0,2024-01
922,2147.0,11550.0,1938,4,583.0,578.0,FV,OldTown,299789.0,199.4628,3308.0,307.3233,zoning verification is complete and neighborhood information is confirmed.,0,,FV>OldTown,11550.0,269810.0,2024-01
923,2269.0,7894.0,1896,4,323.0,1355.0,RL,NAmes,,210.797,3947.0,366.6883,zoning verification is complete and neighborhood information is confirmed.,0,,RL>NAmes,7894.0,273059.0,2024-01
924,1164.0,18414.0,1942,7,865.0,960.0,RM,NridgHt,240433.0,108.1391,2989.0,277.6872,sale condition was reviewed and valuation status is approved.,0,,RM>NridgHt,18414.0,216390.0,2024-01
925,704.0,6015.0,1900,3,539.0,879.0,FV,OldTown,144127.0,65.4037,2122.0,197.1403,property inspection is complete and garage area is measured.,0,,FV>OldTown,6015.0,129714.0,2024-01
926,1144.0,15832.0,1925,4,485.0,598.0,RH,NAmes,197376.0,106.2811,2227.0,206.8951,sale condition was reviewed and valuation status is approved.,0,,RH>NAmes,15832.0,177638.0,2024-01
927,918.0,4226.0,2008,4,162.0,842.0,RL,Edwards,153261.0,85.285,1922.0,178.5596,zoning verification is complete and neighborhood information is confirmed.,0,,RL>Edwards,392.61,137935.0,2024-01
928,1629.0,13316.0,1974,8,692.0,900.0,RL,CollgCr,254027.0,151.3391,3221.0,299.2407,lot area verification is complete because documents are available.,1,verified,RL>CollgCr,13316.0,228624.0,2024-01
929,1718.0,14968.0,1950,3,311.0,815.0,RL,OldTown,232252.0,159.6074,2844.0,264.2162,sale condition was reviewed and valuation status is approved.,0,,RL>OldTown,14968.0,209027.0,2024-01
930,1723.0,12079.0,1958,8,279.0,907.0,RH,NAmes,251913.0,160.0719,2909.0,270.2549,zoning verification is complete and neighborhood information is confirmed.,1,verified,RH>NAmes,12079.0,226722.0,2024-01
931,790.0,14030.0,1933,7,187.0,749.0,FV,OldTown,210102.0,73.3934,1726.0,160.3506,zoning verification is complete and neighborhood information is confirmed.,0,,FV>OldTown,14030.0,189092.0,2024-01
932,2301.0,11960.0,1928,7,473.0,623.0,FV,NridgHt,326407.0,213.7699,3397.0,315.5916,zoning verification is complete and neighborhood information is confirmed.,0,,FV>NridgHt,11960.0,293766.0,2024-01
933,1236.0,11289.0,1966,8,317.0,1334.0,RL,Edwards,211455.0,114.8282,2887.0,268.2111,zoning verification is complete and neighborhood information is confirmed.,1,verified,RL>Edwards,11289.0,190310.0,2024-01
934,1358.0,11317.0,1940,6,300.0,1719.0,RM,NridgHt,219919.0,126.1623,3377.0,313.7336,zoning verification is complete and neighborhood information is confirmed.,0,,RM>NridgHt,11317.0,197927.0,2024-01
935,1650.0,7822.0,1946,5,283.0,1559.0,RL,Edwards,228421.0,153.29,3492.0,324.4174,lot area verification is complete because documents are available.,0,,RL>Edwards,7822.0,205579.0,2024-01
936,1807.0,9672.0,1969,9,393.0,758.0,RL,Edwards,269277.0,167.8758,2958.0,274.8072,sale condition was reviewed and valuation status is approved.,1,verified,RL>Edwards,9672.0,242349.0,2024-01
937,1610.0,10419.0,2009,8,209.0,640.0,RM,OldTown,272204.0,149.5739,2459.0,228.4486,property inspection is complete and garage area is measured.,1,verified,RM>OldTown,967.96,244984.0,2024-01
938,1811.0,2867.0,1946,9,544.0,1231.0,RH,CollgCr,270090.0,168.2474,3586.0,333.1503,lot area verification is complete because documents are available.,1,verified,RH>CollgCr,266.35,243081.0,2024-01
939,1521.0,10690.0,1923,8,307.0,584.0,RL,Edwards,231083.0,141.3055,2412.0,224.0821,sale condition was reviewed and valuation status is approved.,1,verified,RL>Edwards,10690.0,207975.0,2024-01
940,2276.0,14359.0,1990,9,286.0,1053.0,FV,NAmes,343227.0,211.4473,3615.0,335.8445,lot area verification is complete because documents are available.,1,verified,FV>NAmes,1333.99,308904.0,2024-01
941,782.0,14199.0,1967,7,163.0,549.0,RL,NAmes,174035.0,72.6502,1494.0,138.7971,lot area verification is complete because documents are available.,0,,RL>NAmes,1319.13,156632.0,2024-01
942,1507.0,4122.0,1979,5,804.0,696.0,RH,NAmes,237313.0,140.0049,3007.0,279.3594,property inspection is complete and garage area is measured.,0,,RH>NAmes,4122.0,213582.0,2024-01
943,2424.0,8159.0,1988,3,416.0,959.0,RM,NAmes,,225.197,3799.0,352.9386,property inspection is complete and garage area is measured.,0,,RM>NAmes,758.0,278150.0,2024-01
944,1401.0,14282.0,1955,9,371.0,488.0,RH,Somerst,261175.0,130.1572,2260.0,209.9609,property inspection is complete and garage area is measured.,1,verified,RH>Somerst,14282.0,235058.0,2024-01
945,1306.0,5655.0,1928,5,282.0,819.0,RH,NAmes,190770.0,121.3314,2407.0,223.6176,property inspection is complete and garage area is measured.,0,,RH>NAmes,5655.0,171693.0,2024-01
946,1407.0,14402.0,1918,6,,1471.0,RH,NridgHt,263655.0,130.7146,3596.0,334.0793,sale condition was reviewed and valuation status is approved.,0,,RH>NridgHt,14402.0,237290.0,2024-01
947,2025.0,6765.0,1983,8,522.0,1017.0,RL,OldTown,,188.1287,3564.0,331.1064,zoning verification is complete and neighborhood information is confirmed.,1,verified,RL>OldTown,6765.0,268865.0,2024-01
948,2215.0,10515.0,2002,5,622.0,1067.0,RM,CollgCr,307798.0,205.7802,3904.0,362.6935,zoning verification is complete and neighborhood information is confirmed.,0,,RM>CollgCr,976.88,277018.0,2024-01
949,1710.0,3749.0,1991,4,567.0,1776.0,RM,Somerst,235207.0,158.8642,4053.0,376.536,zoning verification is complete and neighborhood information is confirmed.,0,,RM>Somerst,3749.0,211686.0,2024-01
950,1251.0,16599.0,1976,2,592.0,1038.0,FV,OldTown,197803.0,116.2217,2881.0,267.6537,sale condition was reviewed and valuation status is approved.,0,,FV>OldTown,16599.0,178023.0,2024-01
951,1008.0,4077.0,1983,5,386.0,856.0,RL,NridgHt,172672.0,93.6463,2250.0,209.0318,sale condition was reviewed and valuation status is approved.,0,,RL>NridgHt,4077.0,155405.0,2024-01
952,1266.0,8643.0,2002,7,585.0,670.0,RH,NAmes,204749.0,117.6152,2521.0,234.2086,sale condition was reviewed and valuation status is approved.,0,,RH>NAmes,8643.0,184274.0,2024-01
953,1214.0,10157.0,1942,2,639.0,1633.0,RM,CollgCr,207767.0,112.7843,3486.0,323.86,sale condition was reviewed and valuation status is approved.,0,,RM>CollgCr,10157.0,186990.0,2024-01
954,2375.0,5295.0,1958,4,608.0,782.0,RH,OldTown,300291.0,220.6447,3765.0,349.7799,sale condition was reviewed and valuation status is approved.,0,,RH>OldTown,5295.0,270262.0,2024-01
955,1423.0,11132.0,1925,3,600.0,1025.0,RL,Edwards,202783.0,132.201,3048.0,283.1685,sale condition was reviewed and valuation status is approved.,0,,RL>Edwards,11132.0,182505.0,2024-01
956,1054.0,12227.0,1949,6,458.0,1380.0,RL,NridgHt,182159.0,97.9198,2892.0,268.6756,property inspection is complete and garage area is measured.,0,,RL>NridgHt,12227.0,163943.0,2024-01
957,776.0,8304.0,1955,7,422.0,561.0,RM,Edwards,160262.0,72.0928,1759.0,163.4164,lot area verification is complete because documents are available.,0,,RM>Edwards,8304.0,144236.0,2024-01
958,1698.0,13817.0,1910,8,569.0,1213.0,FV,OldTown,275219.0,157.7494,3480.0,323.3026,sale condition was reviewed and valuation status is approved.,1,verified,FV>OldTown,1283.64,247697.0,2024-01
959,1496.0,7008.0,1974,7,546.0,804.0,RM,Somerst,268927.0,138.9829,2846.0,264.4021,property inspection is complete and garage area is measured.,0,,RM>Somerst,7008.0,242034.0,2024-01
960,1959.0,8582.0,1950,4,480.0,313.0,FV,OldTown,281814.0,181.9971,2752.0,255.6692,sale condition was reviewed and valuation status is approved.,0,,FV>OldTown,8582.0,253633.0,2024-01
961,1539.0,5600.0,1999,7,638.0,603.0,FV,OldTown,249124.0,142.9778,2780.0,258.2705,property inspection is complete and garage area is measured.,0,,FV>OldTown,5600.0,224212.0,2024-01
962,1645.0,8836.0,1979,4,510.0,1460.0,RH,OldTown,223876.0,152.8255,3615.0,335.8445,zoning verification is complete and neighborhood information is confirmed.,0,,RH>OldTown,8836.0,201488.0,2024-01
963,2001.0,13809.0,1919,2,,1040.0,FV,OldTown,289173.0,185.899,3326.0,308.9955,sale condition was reviewed and valuation status is approved.,0,,FV>OldTown,13809.0,260256.0,2024-01
964,1662.0,9500.0,1907,9,,763.0,RM,OldTown,284702.0,154.4049,2697.0,250.5595,zoning verification is complete and neighborhood information is confirmed.,1,verified,RM>OldTown,882.58,256232.0,2024-01
965,1459.0,7309.0,1910,7,552.0,860.0,RH,CollgCr,,135.5455,2871.0,266.7246,property inspection is complete and garage area is measured.,0,,RH>CollgCr,7309.0,249745.0,2024-01
966,1693.0,,1979,9,357.0,418.0,RL,CollgCr,295017.0,157.2848,2468.0,229.2847,lot area verification is complete because documents are available.,1,verified,RL>CollgCr,6793.0,265515.0,2024-01
967,2000.0,10145.0,1945,2,787.0,1012.0,RL,Edwards,258400.0,185.8061,3799.0,352.9386,sale condition was reviewed and valuation status is approved.,0,,RL>Edwards,10145.0,232560.0,2024-01
968,1655.0,12163.0,1978,2,491.0,590.0,RL,OldTown,230921.0,153.7545,2736.0,254.1827,zoning verification is complete and neighborhood information is confirmed.,0,,RL>OldTown,12163.0,207829.0,2024-01
969,1801.0,13561.0,1918,9,,1111.0,FV,NridgHt,280607.0,167.3184,3233.0,300.3555,lot area verfication are complete because documents are available.,1,verified,FV>NridgHt,1259.86,252546.0,2024-01
970,999.0,15077.0,1943,9,231.0,869.0,RH,Somerst,251779.0,92.8101,2099.0,195.0035,lot area verification is complete because documents are available.,1,verified,RH>Somerst,15077.0,226601.0,2024-01
971,1044.0,14875.0,1992,4,713.0,853.0,RH,NAmes,188049.0,96.9908,2610.0,242.4769,sale condition were reviewed and valuation stauts is approved.,0,,RH>NAmes,14875.0,169244.0,2024-01
972,1721.0,14279.0,1904,5,158.0,1365.0,RL,Somerst,222245.0,159.8861,3244.0,301.3775,property inspection is complete and garage area is measured.,0,,RL>Somerst,14279.0,200020.0,2024-01
973,1039.0,9668.0,1913,5,474.0,1247.0,RL,NAmes,202047.0,96.5263,2760.0,256.4124,zoning verification is complete and neighborhood information is confirmed.,0,,RL>NAmes,9668.0,181842.0,2024-01
974,1552.0,10446.0,1913,2,,1037.0,RL,NridgHt,209041.0,144.1855,3146.0,292.273,lot area verification is complete because documents are available.,0,,RL>NridgHt,970.46,188137.0,2024-01
975,1503.0,12952.0,1939,6,135.0,940.0,RM,Somerst,244293.0,139.6333,2578.0,239.504,zoning verification is complete and neighborhood information is confirmed.,0,,RM>Somerst,1203.28,219864.0,2024-01
976,1737.0,12079.0,1946,4,239.0,997.0,RM,Somerst,241768.0,161.3726,2973.0,276.2007,lot area verification is complete because documents are available.,0,,RM>Somerst,1122.18,217591.0,2024-01
977,2010.0,13538.0,1920,8,,794.0,RM,OldTown,,186.7351,3104.0,288.371,sale condition was reviewed and valuation status is approved.,1,verified,RM>OldTown,13538.0,258742.0,2024-01
978,1472.0,2000.0,1995,9,858.0,2074.0,RM,Somerst,258966.0,136.7533,4404.0,409.145,sale condition was reviewed and valuation status is approved.,1,verified,RM>Somerst,2000.0,233069.0,2024-01
979,1136.0,11421.0,2005,2,454.0,966.0,FV,Edwards,172374.0,105.5379,2556.0,237.4602,zoning verification is complete and neighborhood information is confirmed.,0,,FV>Edwards,1061.05,155137.0,2024-01
980,1371.0,7629.0,1993,4,528.0,868.0,RM,OldTown,205421.0,127.3701,2767.0,257.0627,property inspection is complete and garage area is measured.,0,,RM>OldTown,7629.0,184879.0,2024-01
981,1876.0,10589.0,2004,9,779.0,827.0,RL,CollgCr,320549.0,174.2861,3482.0,323.4884,sale condition was reviewed and valuation status is approved.,1,verified,RL>CollgCr,10589.0,288494.0,2024-01
982,1485.0,13417.0,2009,7,399.0,810.0,RL,Edwards,241740.0,137.961,2694.0,250.2808,zoning verification is complete and neighborhood information is confirmed.,0,,RL>Edwards,13417.0,217566.0,2024-01
983,1421.0,4133.0,1941,9,34.0,883.0,RM,NAmes,246750.0,132.0152,2338.0,217.2073,zoning verification are complete and neighborhood infromation is confirmed.,1,verified,RM>NAmes,4133.0,222075.0,2024-01
984,1957.0,14706.0,1908,6,0.0,1179.0,RM,NridgHt,272269.0,181.8112,3136.0,291.3439,sale condition was reviewed and valuation status is approved.,0,,RM>NridgHt,14706.0,245042.0,2024-01
985,2117.0,9000.0,1916,8,,882.0,RH,NAmes,317164.0,196.6757,3265.0,303.3284,zoning verification is complete and neighborhood information is confirmed.,1,verified,RH>NAmes,9000.0,285448.0,2024-01
986,1298.0,5728.0,1980,2,583.0,1091.0,RH,Somerst,215910.0,120.5881,2972.0,276.1078,zoning verification is complete and neighborhood information is confirmed.,0,,RH>Somerst,5728.0,194319.0,2024-01
987,1620.0,3314.0,1938,7,768.0,641.0,RH,OldTown,269581.0,150.5029,3029.0,281.4033,sale condition was reviewed and valuation status is approved.,0,,RH>OldTown,3314.0,242623.0,2024-01
988,952.0,17303.0,2007,3,569.0,923.0,RH,OldTown,154701.0,88.4437,2444.0,227.055,property inspection is complete and garage area is measured.,0,,RH>OldTown,17303.0,139231.0,2024-01
989,1123.0,7246.0,1968,3,338.0,1000.0,RL,CollgCr,163487.0,104.3301,2461.0,228.6344,sale condition was reviewed and valuation status is approved.,0,,RL>CollgCr,7246.0,147138.0,2024-01
990,1169.0,10355.0,1975,9,287.0,911.0,FV,CollgCr,232831.0,108.6037,2367.0,219.9015,sale condition was reviewed and valuation status is approved.,1,verified,FV>CollgCr,962.01,209548.0,2024-01
991,1202.0,11443.0,1918,5,825.0,987.0,RL,NAmes,192694.0,111.6695,3014.0,280.0098,property inspection is complete and garage area is measured.,0,,RL>NAmes,11443.0,173425.0,2024-01
992,1837.0,8758.0,1958,9,973.0,1455.0,FV,Somerst,,170.6629,4265.0,396.2315,zoning verification is complete and neighborhood information is confirmed.,1,verified,FV>Somerst,8758.0,294556.0,2024-01
993,1580.0,3145.0,1949,4,477.0,953.0,RM,Edwards,225269.0,146.7868,3010.0,279.6382,zoning verification is complete and neighborhood information is confirmed.,0,,RM>Edwards,3145.0,202742.0,2024-01
994,1362.0,11140.0,1947,2,586.0,31.0,RL,OldTown,194353.0,126.5339,1979.0,183.8551,property inspection is complete and garage area is measured.,0,,RL>OldTown,11140.0,174918.0,2024-01
995,510.0,15149.0,1956,4,492.0,991.0,RL,Edwards,136561.0,47.3806,1993.0,185.1558,sale condition was reviewed and valuation status is approved.,0,,RL>Edwards,15149.0,122905.0,2024-01
996,2036.0,8927.0,1951,6,409.0,1196.0,RL,NAmes,297611.0,189.1506,3641.0,338.26,zoning verification is complete and neighborhood information is confirmed.,0,,RL>NAmes,8927.0,267850.0,2024-01
997,2588.0,13842.0,1943,6,461.0,1758.0,RM,Edwards,345924.0,240.4331,4807.0,446.5849,sale condition was reviewed and valuation status is approved.,0,,RM>Edwards,13842.0,311332.0,2024-01
998,1348.0,16295.0,1920,6,183.0,588.0,RH,Edwards,208638.0,125.2333,2119.0,196.8615,sale condition was reviewed and valuation status is approved.,0,,RH>Edwards,16295.0,187774.0,2024-01
999,1341.0,2870.0,1940,6,301.0,791.0,RL,Somerst,216927.0,124.583,2433.0,226.0331,zoning verification is complete and neighborhood information is confirmed.,0,,RL>Somerst,2870.0,195234.0,2024-01
1000,1163.0,15738.0,2000,4,521.0,1316.0,FV,NAmes,175557.0,108.0462,3000.0,278.7091,zoning verification is complete and neighborhood information is confirmed.,0,,FV>NAmes,15738.0,158001.0,2024-01
1001,971.0,16836.0,1905,6,,627.0,FV,NAmes,187096.0,90.2089,2310.0,214.606,property inspection is complete and garage area is measured.,0,,FV>NAmes,16836.0,168386.0,2024-01
1002,2026.0,12022.0,2008,4,469.0,984.0,RH,OldTown,215994.0,188.2216,3479.0,323.2097,lot area verification is complete because documents are available.,0,,RH>OldTown,12022.0,194395.0,2024-01
1003,2233.0,12417.0,1969,6,982.0,845.0,RM,OldTown,298751.0,207.4525,4060.0,377.1863,lot area verification is complete because documents are available.,0,,RM>OldTown,12417.0,268876.0,2024-01
1004,1887.0,18589.0,1948,6,296.0,1286.0,RL,Somerst,266124.0,175.308,3469.0,322.2806,sale condition was reviewed and valuation status is approved.,0,,RL>Somerst,18589.0,239512.0,2024-01
1005,1197.0,11583.0,1991,2,508.0,937.0,RM,NridgHt,177812.0,111.2049,2642.0,245.4498,property inspection is complete and garage area is measured.,0,,RM>NridgHt,11583.0,160031.0,2024-01
1006,1708.0,18412.0,2009,4,638.0,1372.0,RH,NAmes,275340.0,158.6784,3718.0,345.4135,property inspection is complete and garage area is measured.,0,,RH>NAmes,18412.0,247806.0,2024-01
1007,1357.0,14191.0,1985,9,370.0,1460.0,RL,NridgHt,224871.0,126.0694,3187.0,296.082,sale condition was reviewed and valuation status is approved.,1,verified,RL>NridgHt,14191.0,202384.0,2024-01
1008,2067.0,,1915,7,,1092.0,FV,Edwards,311880.0,192.0306,3845.0,357.2122,sale condition was reviewed and valuation status is approved.,0,,FV>Edwards,6848.0,280692.0,2024-01
1009,2102.0,8125.0,1928,2,880.0,749.0,RL,NridgHt,242053.0,195.2822,3731.0,346.6212,lot area verification is complete because documents are available.,0,,RL>NridgHt,8125.0,217848.0,2024-01
1010,903.0,13421.0,2006,6,230.0,1375.0,RL,NridgHt,152200.0,83.8914,2508.0,233.0008,sale condition was reviewed and valuation status is approved.,0,,RL>NridgHt,13421.0,136980.0,2024-01
1011,1579.0,6264.0,1911,8,401.0,687.0,RM,NridgHt,,146.6939,2667.0,247.7724,property inspection is complete and garage area is measured.,1,verified,RM>NridgHt,6264.0,255333.0,2024-01
1012,2161.0,15223.0,1969,7,194.0,848.0,RH,NAmes,,200.7635,3203.0,297.5684,lot area verification is complete because documents are available.,0,,RH>NAmes,15223.0,285756.0,2024-01
1013,1224.0,13248.0,1960,4,189.0,848.0,RL,Somerst,213869.0,113.7133,2261.0,210.0538,lot area verification is complete because documents are available.,0,,RL>Somerst,13248.0,192482.0,2024-01
1014,1884.0,12289.0,1941,4,703.0,1253.0,RL,NridgHt,,175.0293,3840.0,356.7477,sale condition was reviewed and valuation status is approved.,0,,RL>NridgHt,12289.0,254740.0,2024-01
1015,1728.0,3881.0,1964,6,612.0,444.0,FV,NAmes,231421.0,160.5365,2784.0,258.6421,property inspection is complete and garage area is measured.,0,,FV>NAmes,3881.0,208279.0,2024-01
1016,1989.0,11964.0,1985,2,310.0,1125.0,FV,Edwards,254609.0,184.7841,3424.0,318.1,lot area verification is complete because documents are available.,0,,FV>Edwards,11964.0,229148.0,2024-01
1017,692.0,9484.0,1957,2,610.0,989.0,RH,Somerst,138750.0,64.2889,2291.0,212.8409,lot area verification is complete because documents are available.,0,,RH>Somerst,881.09,124875.0,2024-01
1018,1383.0,11541.0,1983,4,145.0,1250.0,RL,CollgCr,189698.0,128.4849,2778.0,258.0846,property inspection is complete and garage area is measured.,0,,RL>CollgCr,11541.0,170728.0,2024-01
1019,1547.0,9023.0,1955,6,481.0,610.0,FV,NridgHt,244057.0,143.721,2638.0,245.0782,sale condition was reviewed and valuation status is approved.,0,,FV>NridgHt,9023.0,219651.0,2024-01
1020,2303.0,5655.0,1922,5,395.0,453.0,RL,Edwards,315978.0,213.9557,3151.0,292.7375,zoning verification is complete and neighborhood information is confirmed.,0,,RL>Edwards,525.37,284380.0,2024-01
1021,1283.0,9994.0,1915,9,485.0,128.0,FV,Somerst,270335.0,119.1946,1896.0,176.1442,sale condition was reviewed and valuation status is approved.,1,verified,FV>Somerst,9994.0,243302.0,2024-01
1022,2060.0,8254.0,1922,9,384.0,1418.0,RL,CollgCr,321916.0,191.3803,3862.0,358.7915,sale condition was reviewed and valuation status is approved.,1,verified,RL>CollgCr,8254.0,289724.0,2024-01
1023,2045.0,3553.0,1907,9,-345.0,1426.0,RH,Edwards,302273.0,189.9867,3816.0,354.518,sale condition was reviewed and valuation status is approved.,1,verified,RH>Edwards,3553.0,272046.0,2024-01
1024,1368.0,17595.0,1914,4,,1626.0,RL,CollgCr,213868.0,127.0914,3639.0,338.0742,property inspection is complete and garage area is measured.,0,,RL>CollgCr,1634.63,192481.0,2024-01
1025,1520.0,8231.0,1982,9,443.0,918.0,RH,CollgCr,269183.0,141.2126,2881.0,267.6537,zoning verification is complete and neighborhood information is confirmed.,1,verified,RH>CollgCr,8231.0,242265.0,2024-01
1026,1236.0,7667.0,1896,8,543.0,888.0,RL,CollgCr,203592.0,114.8282,2667.0,247.7724,zoning verification is complete and neighborhood information is confirmed.,1,verified,RL>CollgCr,712.29,183233.0,2024-01
1027,2053.0,7742.0,1953,4,310.0,1198.0,RH,NAmes,269927.0,190.7299,3561.0,330.8277,zoning verification is complete and neighborhood information is confirmed.,0,,RH>NAmes,719.26,242934.0,2024-01
1028,867.0,11169.0,2008,5,117.0,1212.0,RL,NAmes,145709.0,80.5469,2196.0,204.0151,sale condition was reviewed and valuation status are aproved.,0,,RL>NAmes,11169.0,131138.0,2024-01
1029,628.0,11048.0,1966,4,394.0,433.0,RL,CollgCr,144397.0,58.3431,1455.0,135.1739,property inspection is complete and garage area is measured.,0,,RL>CollgCr,11048.0,129957.0,2024-01
1030,2614.0,6752.0,1982,8,207.0,918.0,RL,Somerst,,242.8485,3739.0,347.3645,lot area verification is complete because documents are available.,1,verified,RL>Somerst,6752.0,299228.0,2024-01
1031,1290.0,5045.0,1973,4,412.0,1009.0,RH,NridgHt,187159.0,119.8449,2711.0,251.8601,zoning verification is complete and neighborhood information is confirmed.,0,,RH>NridgHt,5045.0,168443.0,2024-01
1032,887.0,15250.0,1935,8,639.0,1134.0,RM,CollgCr,194898.0,82.405,2660.0,247.1221,lot area verification is complete because documents are available.,1,verified,RM>CollgCr,15250.0,175408.0,2024-01
1033,2214.0,,1916,4,319.0,1011.0,RH,Edwards,242088.0,205.6873,3544.0,329.2484,property inspection is complete and garage area is measured.,0,,RH>Edwards,5098.0,217879.0,2024-01
1034,921.0,9274.0,1990,5,731.0,422.0,FV,Edwards,169910.0,85.5637,2074.0,192.6809,zoning verification is complete and neighborhood information is confirmed.,0,,FV>Edwards,9274.0,152919.0,2024-01
1035,2167.0,13330.0,1937,8,502.0,1183.0,RL,Edwards,,201.3209,3852.0,357.8625,lot area verification is complete because documents are available.,1,verified,RL>Edwards,13330.0,293815.0,2024-01
1036,1942.0,6383.0,1924,4,891.0,693.0,FV,NridgHt,272741.0,180.4177,3526.0,327.5761,zoning verification is complete and neighborhood information is confirmed.,0,,FV>NridgHt,6383.0,245467.0,2024-01
1037,1566.0,11436.0,1912,3,,843.0,RL,NAmes,207673.0,145.4862,2881.0,267.6537,lot area verification is complete because documents are available.,0,,RL>NAmes,11436.0,186906.0,2024-01
1038,1107.0,8223.0,1943,3,552.0,403.0,RM,Somerst,153396.0,102.8437,2062.0,191.5661,sale condition was reviewed and valuation status is approved.,0,,RM>Somerst,8223.0,138056.0,2024-01
1039,1464.0,8377.0,1942,8,54.0,667.0,RL,CollgCr,243419.0,136.0101,2185.0,202.9931,zoning verification is complete and neighborhood information is confirmed.,1,verified,RL>CollgCr,8377.0,219077.0,2024-01
1040,1141.0,9880.0,1964,8,327.0,949.0,RM,OldTown,196653.0,106.0024,2417.0,224.5466,lot area verification is complete because documents are available.,1,verified,RM>OldTown,9880.0,176988.0,2024-01
1041,1526.0,15366.0,1943,7,371.0,876.0,RH,NridgHt,243591.0,141.77,2773.0,257.6201,sale condition was reviewed and valuation status is approved.,0,,RH>NridgHt,1427.55,219232.0,2024-01
1042,1610.0,3844.0,1891,2,,671.0,RH,Somerst,192000.0,149.5739,3063.0,284.562,zoning verification is complete and neighborhood information is confirmed.,0,,RH>Somerst,3844.0,172800.0,2024-01
1043,750.0,13492.0,1936,6,312.0,1339.0,RH,NridgHt,163300.0,69.6773,2401.0,223.0602,zoning verification is complete and neighborhood information is confirmed.,0,,RH>NridgHt,13492.0,146970.0,2024-01
1044,1436.0,17534.0,1982,3,686.0,1639.0,FV,Edwards,245898.0,133.4088,3761.0,349.4083,sale condition was reviewed and valuation status is approved.,0,,FV>Edwards,17534.0,221308.0,2024-01
1045,1295.0,12039.0,1972,3,721.0,1019.0,RL,NAmes,189390.0,120.3094,3035.0,281.9607,property inspection is complete and garage area is measured.,0,,RL>NAmes,1118.46,170451.0,2024-01
1046,1955.0,11273.0,1980,8,263.0,150.0,RH,OldTown,308321.0,181.6254,2368.0,219.9944,property inspection is complete and garage area is measured.,1,verified,RH>OldTown,1047.3,277489.0,2024-01
1047,1932.0,13831.0,2002,4,578.0,683.0,RH,Somerst,254174.0,179.4887,3193.0,296.6394,lot area verification is complete because documents are available.,0,,RH>Somerst,13831.0,228757.0,2024-01
1048,1764.0,9735.0,2050,5,467.0,1201.0,RH,Somerst,268481.0,163.881,3432.0,318.8432,property inspection is complete and garage area is measured.,0,,RH>Somerst,9735.0,241633.0,2024-01
1049,1060.0,2000.0,1960,2,577.0,1005.0,RL,NridgHt,161164.0,98.4772,2642.0,245.4498,sale condition was reviewed and valuation stauts are approved.,0,,RL>NridgHt,2000.0,145048.0,2024-01
1050,2116.0,18298.0,1917,7,481.0,887.0,RM,Edwards,322435.0,196.5828,3484.0,323.6742,property inspection is complete and garage area is measured.,0,,RM>Edwards,18298.0,290192.0,2024-01
1051,1654.0,5589.0,1935,3,391.0,1199.0,RL,Somerst,239454.0,153.6616,3244.0,301.3775,sale condition was reviewed and valuation status is approved.,0,,RL>Somerst,5589.0,215509.0,2024-01
1052,1234.0,,1963,7,241.0,1034.0,RL,Somerst,199039.0,114.6424,2509.0,233.0937,zoning verification is complete and neighborhood information is confirmed.,0,,RL>Somerst,11600.0,179135.0,2024-01
1053,1781.0,9164.0,1950,7,645.0,1403.0,RM,NAmes,274789.0,165.4603,3829.0,355.7257,property inspection is complete and garage area is measured.,0,,RM>NAmes,9164.0,247310.0,2024-01
1054,1521.0,9590.0,1994,2,210.0,725.0,RL,NAmes,184372.0,141.3055,2456.0,228.1699,zoning verification is complete and neighborhood information is confirmed.,0,,RL>NAmes,9590.0,165935.0,2024-01
1055,1560.0,9089.0,1975,9,637.0,1095.0,RL,OldTown,281969.0,144.9287,3292.0,305.8368,property inspection is complete and garage area is measured.,1,verified,RL>OldTown,9089.0,253772.0,2024-01
1056,1608.0,14934.0,2008,3,357.0,628.0,RM,NAmes,235358.0,149.3881,2593.0,240.8976,sale condition was reviewed and valuation status is approved.,0,,RM>NAmes,1387.41,211822.0,2024-01
1057,1128.0,11215.0,1945,9,750.0,412.0,RM,CollgCr,221796.0,104.7946,2290.0,212.748,zoning verification is complete and neighborhood information is confirmed.,1,verified,RM>CollgCr,11215.0,199616.0,2024-01
1058,652.0,10710.0,1894,2,,398.0,RL,NAmes,127442.0,60.5728,1704.0,158.3068,sale condition was reviewed and valuation status is approved.,0,,RL>NAmes,10710.0,114698.0,2024-01
1059,1363.0,9417.0,1904,8,635.0,590.0,RH,Somerst,235187.0,126.6268,2588.0,240.4331,property inspection is complete and garage area is measured.,1,verified,RH>Somerst,874.87,211668.0,2024-01
1060,734.0,9343.0,1928,7,476.0,1368.0,RM,NridgHt,138798.0,68.1908,2578.0,239.504,lot area verification is complete because documents are available.,0,,RM>NridgHt,9343.0,124918.0,2024-01
1061,1422.0,13992.0,1893,5,575.0,47.0,RL,OldTown,221980.0,132.1081,2044.0,189.8938,zoning verification is complete and neighborhood information is confirmed.,0,,RL>OldTown,13992.0,199782.0,2024-01
1062,1977.0,9320.0,1932,8,477.0,309.0,RL,OldTown,314728.0,183.6693,2763.0,256.6911,sale condition was reviewed and valuation status is approved.,1,verified,RL>OldTown,865.86,283255.0,2024-01
1063,713.0,7163.0,1992,2,461.0,871.0,RM,Somerst,103900.0,66.2399,2045.0,189.9867,sale condition was reviewed and valuation status is approved.,0,,RM>Somerst,7163.0,93510.0,2024-01
1064,1872.0,9099.0,1991,6,667.0,1022.0,RL,NAmes,234821.0,173.9145,3561.0,330.8277,sale condition was reviewed and valuation status is approved.,0,,RL>NAmes,9099.0,211339.0,2024-01
1065,1972.0,8658.0,2008,2,476.0,999.0,RL,Edwards,243508.0,183.2048,3447.0,320.2368,zoning verification is complete and neighborhood information is confirmed.,0,,RL>Edwards,8658.0,219157.0,2024-01
1066,1436.0,6725.0,1976,2,501.0,926.0,RL,Somerst,181137.0,133.4088,2863.0,265.9814,zoning verification is complete and neighborhood information is confirmed.,0,,RL>Somerst,6725.0,163023.0,2024-01
1067,1486.0,0.0,1920,9,771.0,694.0,FV,OldTown,267040.0,138.0539,2951.0,274.1569,sale condition was reviewed and valuation status is approved.,1,verified,FV>OldTown,16934.0,240336.0,2024-01
1068,1651.0,0.0,2000,8,772.0,1253.0,RM,OldTown,258141.0,153.3829,3676.0,341.5116,zoning verification is complete and neighborhood information is confirmed.,1,verified,RM>OldTown,8683.0,232327.0,2024-01
1069,1349.0,9460.0,1958,6,120.0,1072.0,RM,CollgCr,241903.0,125.3262,2541.0,236.0666,property inspection is complete and garage area is measured.,0,,RM>CollgCr,9460.0,217713.0,2024-01
1070,1404.0,7294.0,1993,2,0.0,1379.0,RL,NridgHt,169483.0,130.4359,2783.0,258.5492,zoning verification is complete and neighborhood information is confirmed.,0,,RL>NridgHt,7294.0,152535.0,2024-01
1071,1970.0,9142.0,1995,5,664.0,1043.0,RH,OldTown,,183.019,3677.0,341.6045,property inspection is complete and garage area is measured.,0,,RH>OldTown,9142.0,264413.0,2024-01
1072,1040.0,13477.0,1955,8,701.0,1394.0,RM,Somerst,227858.0,96.6192,3135.0,291.251,zoning verification is complete and neighborhood information is confirmed.,1,verified,RM>Somerst,13477.0,205072.0,2024-01
1073,1410.0,11465.0,1932,4,363.0,871.0,RH,NAmes,208348.0,130.9933,2644.0,245.6356,sale condition was reviewed and valuation status is approved.,0,,RH>NAmes,11465.0,187513.0,2024-01
1074,1210.0,9728.0,1983,9,728.0,666.0,RM,NridgHt,264061.0,112.4127,2604.0,241.9195,lot area verification is complete because documents are available.,1,verified,RM>NridgHt,9728.0,237655.0,2024-01
1075,1646.0,8657.0,1955,4,332.0,844.0,FV,NridgHt,234879.0,152.9184,2822.0,262.1724,lot area verification are complete becuase documents are available.,0,,FV>NridgHt,8657.0,211391.0,2024-01
1076,923.0,12442.0,1918,4,376.0,734.0,FV,NridgHt,153722.0,85.7495,2033.0,188.8719,zoning verification is complete and neighborhood information is confirmed.,0,,FV>NridgHt,12442.0,138350.0,2024-01
1077,1813.0,7140.0,1960,2,748.0,1420.0,FV,NridgHt,208200.0,168.4332,3981.0,369.847,zoning verification is complete and neighborhood information is confirmed.,0,,FV>NridgHt,7140.0,187380.0,2024-01
1078,1106.0,8449.0,1934,2,303.0,1430.0,RM,NAmes,116117.0,102.7508,2839.0,263.7517,property inspection is complete and garage area is measured.,0,,RM>NAmes,8449.0,104505.0,2024-01
1079,1556.0,9948.0,1896,7,418.0,605.0,RH,NridgHt,,144.5571,2579.0,239.5969,sale condition was reviewed and valuation status is approved.,0,,RH>NridgHt,9948.0,253821.0,2024-01
1080,1088.0,11338.0,1900,6,456.0,896.0,RL,NridgHt,217106.0,101.0785,2440.0,226.6834,property inspection is complete and garage area is measured.,0,,RL>NridgHt,11338.0,195395.0,2024-01
1081,1230.0,16626.0,1988,2,647.0,1111.0,RL,NAmes,192879.0,114.2707,2988.0,277.5943,lot area verification is complete because documents are available.,0,,RL>NAmes,16626.0,173591.0,2024-01
1082,1079.0,6756.0,1975,3,282.0,615.0,RH,Somerst,167657.0,100.2424,1976.0,183.5764,property inspection are complete and garage area is measured.,0,,RH>Somerst,6756.0,150891.0,2024-01
1083,1228.0,8608.0,1968,3,266.0,628.0,RM,Edwards,167240.0,114.0849,2122.0,197.1403,property inspection is complete and garage area is measured.,0,,RM>Edwards,799.71,150516.0,2024-01
1084,1618.0,14609.0,1956,6,383.0,1472.0,RL,NAmes,252571.0,150.3171,3473.0,322.6523,sale condition was reviewed and valuation status are aproved.,0,,RL>NAmes,14609.0,227314.0,2024-01
1085,2069.0,12374.0,1915,5,,1322.0,RH,Edwards,277742.0,192.2164,3781.0,351.2664,lot area verification is complete because documents are available.,0,,RH>Edwards,12374.0,249968.0,2024-01
1086,774.0,,2003,8,526.0,492.0,RM,Edwards,191285.0,71.907,1792.0,166.4822,property inspection is complete and garage area is measured.,1,verified,RM>Edwards,10429.0,172156.0,2024-01
1087,1620.0,11150.0,1954,4,280.0,541.0,FV,Edwards,217463.0,150.5029,2441.0,226.7763,lot area verification is complete because documents are available.,0,,FV>Edwards,11150.0,195717.0,2024-01
1088,1287.0,10790.0,1947,3,466.0,1114.0,FV,OldTown,142735.0,119.5662,2867.0,266.353,lot area verification is complete because documents are available.,0,,FV>OldTown,10790.0,128462.0,2024-01
1089,1699.0,11813.0,2003,5,369.0,1442.0,RH,Somerst,274039.0,157.8423,3510.0,326.0897,sale condition was reviewed and valuation status is approved.,0,,RH>Somerst,11813.0,246635.0,2024-01
1090,1755.0,11008.0,1961,3,446.0,1206.0,RH,CollgCr,222978.0,163.0448,3407.0,316.5207,zoning verification is complete and neighborhood information is confirmed.,0,,RH>CollgCr,11008.0,200680.0,2024-01
1091,1046.0,12561.0,1999,6,631.0,689.0,RL,NridgHt,206656.0,97.1766,2366.0,219.8086,zoning verification is complete and neighborhood information is confirmed.,0,,RL>NridgHt,12561.0,185990.0,2024-01
1092,1553.0,15888.0,1958,8,716.0,779.0,FV,NridgHt,266022.0,144.2784,3048.0,283.1685,property inspection is complete and garage area is measured.,1,verified,FV>NridgHt,15888.0,239420.0,2024-01
1093,1171.0,17051.0,1924,6,484.0,361.0,RL,NridgHt,195084.0,108.7895,2016.0,187.2925,lot area verification is complete because documents are available.,0,,RL>NridgHt,17051.0,175576.0,2024-01
1094,1415.0,0.0,1907,7,729.0,1553.0,RM,OldTown,209057.0,131.4578,3697.0,343.4625,zoning verification is complete and neighborhood information is confirmed.,0,,RM>OldTown,5963.0,188151.0,2024-01
1095,1888.0,17097.0,2002,8,184.0,369.0,RM,Somerst,259747.0,175.4009,2441.0,226.7763,lot area verification is complete because documents are available.,1,verified,RM>Somerst,1588.36,233772.0,2024-01
1096,1797.0,14966.0,1903,2,536.0,1013.0,FV,CollgCr,256697.0,166.9468,3346.0,310.8536,zoning verification is complete and neighborhood information is confirmed.,0,,FV>CollgCr,14966.0,231027.0,2024-01
1097,1423.0,8860.0,1967,7,755.0,815.0,RM,NridgHt,248645.0,132.201,2993.0,278.0588,zoning verification is complete and neighborhood information is confirmed.,0,,RM>NridgHt,8860.0,223780.0,2024-01
1098,1831.0,13466.0,1962,2,430.0,1486.0,RL,Edwards,215734.0,170.1055,3747.0,348.1077,lot area verification is complete because documents are available.,0,,RL>Edwards,13466.0,194161.0,2024-01
1099,1533.0,17376.0,1971,4,680.0,1424.0,FV,OldTown,206202.0,142.4204,3637.0,337.8884,zoning verification is complete and neighborhood information is confirmed.,0,,FV>OldTown,17376.0,185582.0,2024-01
1100,1063.0,7652.0,1909,7,,487.0,FV,NridgHt,187494.0,98.7559,1996.0,185.4345,lot area verification is complete because documents are available.,0,,FV>NridgHt,7652.0,168745.0,2024-01
1101,1594.0,9208.0,1976,3,528.0,785.0,RM,NAmes,198536.0,148.0874,2907.0,270.0691,lot area verification is complete because documents are available.,0,,RM>NAmes,855.45,178682.0,2024-01
1102,1300.0,13258.0,1919,5,430.0,1014.0,RM,OldTown,222714.0,120.774,2744.0,254.9259,property inspection are complete and garage area is measured.,0,,RM>OldTown,13258.0,200443.0,2024-01
1103,1761.0,12540.0,1985,6,180.0,1056.0,RH,NAmes,259704.0,163.6023,2997.0,278.4304,lot area verification is complete because documents are available.,0,,RH>NAmes,12540.0,233734.0,2024-01
1104,1651.0,11088.0,1899,3,490.0,679.0,FV,Edwards,227990.0,153.3829,2820.0,261.9866,lot area verification is complete because documents are available.,0,,FV>Edwards,11088.0,205191.0,2024-01
1105,1249.0,10693.0,1964,3,565.0,1432.0,FV,NAmes,199247.0,116.0359,3246.0,301.5633,property inspection is complete and garage area is measured.,0,,FV>NAmes,993.41,179322.0,2024-01
1106,897.0,10001.0,1976,4,319.0,775.0,RL,OldTown,181650.0,83.334,1991.0,184.97,lot area verification is complete because documents are available.,0,,RL>OldTown,929.12,163485.0,2024-01
1107,1706.0,14363.0,1907,2,424.0,1193.0,RM,NAmes,203210.0,158.4926,3323.0,308.7168,sale condition were reviewed and valuation stauts is approved.,0,,RM>NAmes,14363.0,182889.0,2024-01
1108,1672.0,10508.0,1962,9,378.0,988.0,RM,CollgCr,256436.0,155.3339,3038.0,282.2394,zoning verification is complete and neighborhood information is confirmed.,1,verified,RM>CollgCr,976.22,230792.0,2024-01
1109,1733.0,9228.0,1931,3,596.0,149.0,RM,Somerst,247276.0,161.001,2478.0,230.2137,zoning verification is complete and neighborhood information is confirmed.,0,,RM>Somerst,9228.0,222548.0,2024-01
1110,1394.0,13222.0,2001,8,620.0,1686.0,FV,NridgHt,250329.0,129.5068,3700.0,343.7412,property inspection is complete and garage area is measured.,1,verified,FV>NridgHt,13222.0,225296.0,2024-01
1111,1359.0,9382.0,1952,2,404.0,1493.0,RH,OldTown,216383.0,126.2552,3256.0,302.4923,sale condition was reviewed and valuation status is approved.,0,,RH>OldTown,9382.0,194745.0,2024-01
1112,1258.0,15102.0,1948,6,321.0,1508.0,FV,NridgHt,204869.0,116.872,3087.0,286.7917,zoning verification is complete and neighborhood information is confirmed.,0,,FV>NridgHt,15102.0,184382.0,2024-01
1113,2255.0,14912.0,1900,6,,1194.0,RL,NridgHt,,209.4964,4118.0,382.5747,zoning verification is complete and neighborhood information is confirmed.,0,,RL>NridgHt,14912.0,300017.0,2024-01
1114,1153.0,17948.0,1913,5,439.0,1849.0,FV,CollgCr,195489.0,107.1172,3441.0,319.6794,lot area verification is complete because documents are available.,0,,FV>CollgCr,17948.0,175940.0,2024-01
1115,1367.0,11926.0,1973,9,719.0,680.0,RH,NridgHt,254614.0,126.9985,2766.0,256.9698,property inspection is complete and garage area is measured.,1,verified,RH>NridgHt,11926.0,229153.0,2024-01
1116,1873.0,12926.0,1900,8,283.0,611.0,RM,NridgHt,269418.0,174.0074,2767.0,257.0627,lot area verification is complete because documents are available.,1,verified,RM>NridgHt,12926.0,242476.0,2024-01
1117,2322.0,12079.0,1949,9,531.0,723.0,RH,NAmes,375558.0,215.7209,3576.0,332.2213,lot area verification is complete because documents are available.,1,verified,RH>NAmes,12079.0,338002.0,2024-01
1118,1711.0,13162.0,1987,8,295.0,688.0,FV,NridgHt,258056.0,158.9571,2694.0,250.2808,sale condition was reviewed and valuation status is approved.,1,verified,FV>NridgHt,13162.0,232250.0,2024-01
1119,500.0,8885.0,1945,5,326.0,1181.0,FV,Somerst,103040.0,46.4515,2007.0,186.4564,lot area verification is complete because documents are available.,0,,FV>Somerst,8885.0,92736.0,2024-01
1120,1021.0,10279.0,1956,7,629.0,1187.0,RM,Edwards,193360.0,94.854,2837.0,263.5659,sale condition was reviewed and valuation status is approved.,0,,RM>Edwards,10279.0,174024.0,2024-01
1121,1445.0,15317.0,2001,5,225.0,934.0,RM,Edwards,203250.0,134.2449,2604.0,241.9195,property inspection is complete and garage area is measured.,0,,RM>Edwards,15317.0,182925.0,2024-01
1122,1954.0,15489.0,1956,6,545.0,831.0,RH,CollgCr,293979.0,181.5325,3330.0,309.3671,zoning verification is complete and neighborhood information is confirmed.,0,,RH>CollgCr,15489.0,264581.0,2024-01
1123,2456.0,6997.0,1893,9,631.0,779.0,RL,NridgHt,335466.0,228.1699,3866.0,359.1632,property inspection is complete and garage area is measured.,1,verified,RL>NridgHt,6997.0,301919.0,2024-01
1124,1274.0,11613.0,1974,7,480.0,828.0,RL,NAmes,229127.0,118.3585,2582.0,239.8756,lot area verification is complete because documents are available.,0,,RL>NAmes,11613.0,206214.0,2024-01
1125,775.0,14598.0,1907,5,,1052.0,FV,OldTown,192429.0,71.9999,2274.0,211.2615,zoning verification is complete and neighborhood information is confirmed.,0,,FV>OldTown,14598.0,173186.0,2024-01
1126,1246.0,16333.0,1924,7,603.0,774.0,RH,NridgHt,241771.0,115.7572,2623.0,243.6847,lot area verification is complete because documents are available.,0,,RH>NridgHt,16333.0,217594.0,2024-01
1127,1499.0,14157.0,1983,6,95.0,1275.0,RM,NAmes,240811.0,139.2617,2869.0,266.5388,sale condition was reviewed and valuation status is approved.,0,,RM>NAmes,14157.0,216730.0,2024-01
1128,1014.0,9238.0,2009,6,740.0,808.0,RM,Edwards,196809.0,94.2037,2562.0,238.0176,property inspection is complete and garage area is measured.,0,,RM>Edwards,858.24,177128.0,2024-01
1129,2066.0,12270.0,1994,6,547.0,1140.0,FV,Edwards,307610.0,191.9377,3753.0,348.6651,lot area verification is complete because documents are available.,0,,FV>Edwards,12270.0,276849.0,2024-01
1130,1293.0,10159.0,1907,6,499.0,1410.0,FV,Edwards,243155.0,120.1236,3202.0,297.4755,lot area verification is complete because documents are available.,0,,FV>Edwards,10159.0,218840.0,2024-01
1131,1587.0,3235.0,1911,2,397.0,1203.0,FV,OldTown,164608.0,147.4371,3187.0,296.082,sale condition was reviewed and valuation status is approved.,0,,FV>OldTown,3235.0,148147.0,2024-01
1132,1454.0,10101.0,1956,6,514.0,884.0,FV,CollgCr,212464.0,135.081,2852.0,264.9595,zoning verification is complete and neighborhood information is confirmed.,0,,FV>CollgCr,10101.0,191218.0,2024-01
1133,1932.0,0.0,1950,3,782.0,1718.0,FV,NAmes,268431.0,179.4887,4432.0,411.7463,lot area verification is complete because documents are available.,0,,FV>NAmes,996.57,241588.0,2024-01
1134,1688.0,10566.0,1914,4,642.0,1323.0,RM,NridgHt,266550.0,156.8203,3653.0,339.3748,lot area verification is complete because documents are available.,0,,RM>NridgHt,10566.0,239895.0,2024-01
1135,1249.0,14802.0,1912,7,235.0,1108.0,RM,Somerst,239331.0,116.0359,2592.0,240.8047,property inspection is complete and garage area is measured.,0,,RM>Somerst,14802.0,215398.0,2024-01
1136,1646.0,9688.0,1946,8,277.0,1266.0,RM,NAmes,296577.0,152.9184,3189.0,296.2678,lot area verification is complete because documents are available.,1,verified,RM>NAmes,9688.0,266919.0,2024-01
1137,1727.0,12091.0,1896,7,,1099.0,FV,CollgCr,277033.0,160.4436,3321.0,308.531,zoning verification is complete and neighborhood information is confirmed.,0,,FV>CollgCr,12091.0,249330.0,2024-01
1138,1760.0,12903.0,2006,2,263.0,559.0,RL,CollgCr,225242.0,163.5094,2582.0,239.8756,zoning verification is complete and neighborhood information is confirmed.,0,,RL>CollgCr,1198.73,202718.0,2024-01
1139,1810.0,9594.0,1922,8,276.0,1313.0,FV,CollgCr,300657.0,168.1545,3399.0,315.7774,lot area verification is complete because documents are available.,1,verified,FV>CollgCr,9594.0,270591.0,2024-01
1140,1403.0,10878.0,1979,7,497.0,425.0,RM,OldTown,254203.0,130.343,2325.0,215.9996,lot area verification are complete because documments are available.,0,,RM>OldTown,10878.0,228783.0,2024-01
1141,834.0,4421.0,1963,4,485.0,853.0,RM,OldTown,172933.0,77.4811,2172.0,201.7854,lot area verification is complete because documents are available.,0,,RM>OldTown,410.72,155640.0,2024-01
1142,1341.0,8974.0,1904,8,,1116.0,RL,OldTown,206267.0,124.583,2953.0,274.3427,sale condition was reviewed and valuation status is approved.,1,verified,RL>OldTown,833.71,185640.0,2024-01
1143,1755.0,10308.0,2010,7,540.0,418.0,RL,OldTown,263142.0,163.0448,2713.0,252.0459,property inspection is complete and garage area is measured.,0,,RL>OldTown,10308.0,236828.0,2024-01
1144,1593.0,7466.0,1900,3,324.0,811.0,RH,Somerst,214220.0,147.9945,2728.0,253.4395,sale condition was reviewed and valuation status is approved.,0,,RH>Somerst,7466.0,192798.0,2024-01
1145,1465.0,5599.0,1973,4,326.0,793.0,RL,NAmes,200813.0,136.103,2584.0,240.0615,zoning verification is complete and neighborhood information is confirmed.,0,,RL>NAmes,5599.0,180732.0,2024-01
1146,1665.0,15922.0,1901,2,341.0,1145.0,RM,Somerst,245579.0,154.6836,3151.0,292.7375,lot area verification is complete because documents are available.,0,,RM>Somerst,15922.0,221021.0,2024-01
1147,1172.0,9208.0,1929,7,812.0,902.0,FV,NAmes,204564.0,108.8824,2886.0,268.1182,property inspection is complete and garage area is measured.,0,,FV>NAmes,9208.0,184108.0,2024-01
1148,1173.0,6078.0,1950,2,305.0,544.0,RM,Edwards,191886.0,108.9753,2022.0,187.8499,lot area verification is complete because documents are available.,0,,RM>Edwards,564.66,172697.0,2024-01
1149,1325.0,11303.0,1929,9,303.0,1751.0,RL,Somerst,215953.0,123.0965,3379.0,313.9194,sale condition was reviewed and valuation status is approved.,1,verified,RL>Somerst,11303.0,194358.0,2024-01
1150,538.0,10927.0,1965,6,0.0,1669.0,RH,CollgCr,122345.0,49.9818,2207.0,205.037,sale condition was reviewed and valuation status is approved.,0,,RH>CollgCr,1015.15,110110.0,2024-01
1151,1220.0,5057.0,1901,6,456.0,242.0,RH,Somerst,206129.0,113.3417,1918.0,178.188,lot area verification is complete because documents are available.,0,,RH>Somerst,5057.0,185516.0,2024-01
1152,1420.0,10129.0,1956,2,341.0,980.0,FV,NAmes,209641.0,131.9223,2741.0,254.6472,lot area verification is complete because documents are available.,0,,FV>NAmes,941.01,188677.0,2024-01
1153,1389.0,13543.0,1932,2,635.0,1100.0,RM,OldTown,183099.0,129.0423,3124.0,290.2291,lot area verification is complete because documents are available.,0,,RM>OldTown,13543.0,164789.0,2024-01
1154,452.0,16318.0,1936,4,424.0,1322.0,FV,OldTown,97063.0,41.9922,2198.0,204.2009,zoning verification is complete and neighborhood information is confirmed.,0,,FV>OldTown,16318.0,87357.0,2024-01
1155,1136.0,7392.0,1922,5,396.0,893.0,FV,Somerst,191201.0,105.5379,2425.0,225.2899,lot area verification is complete because documents are available.,0,,FV>Somerst,7392.0,172081.0,2024-01
1156,1527.0,7394.0,1973,3,461.0,1196.0,RH,OldTown,207533.0,141.8629,3184.0,295.8033,property inspection is complete and garage area is measured.,0,,RH>OldTown,7394.0,186780.0,2024-01
1157,1333.0,10815.0,1981,3,257.0,674.0,RM,NridgHt,194002.0,123.8398,2264.0,210.3325,zoning verification is complete and neighborhood information is confirmed.,0,,RM>NridgHt,10815.0,174602.0,2024-01
1158,855.0,10295.0,2009,5,274.0,1219.0,RL,CollgCr,151735.0,79.4321,2348.0,218.1363,property inspection is complete and garage area is measured.,0,,RL>CollgCr,956.44,136562.0,2024-01
1159,1633.0,10199.0,1939,3,590.0,1138.0,RH,CollgCr,209612.0,151.7107,3361.0,312.2471,lot area verification is complete because documents are available.,0,,RH>CollgCr,10199.0,188651.0,2024-01
1160,683.0,10148.0,1981,9,323.0,1030.0,RH,CollgCr,176118.0,63.4528,2036.0,189.1506,property inspection is complete and garage area is measured.,1,verified,RH>CollgCr,10148.0,158506.0,2024-01
1161,1420.0,15464.0,1936,2,324.0,997.0,RL,OldTown,185507.0,131.9223,2741.0,254.6472,lot area verification is complete because documents are available.,0,,RL>OldTown,15464.0,166956.0,2024-01
1162,885.0,10990.0,1965,4,560.0,1301.0,RL,NridgHt,151464.0,82.2192,2746.0,255.1117,lot area verification is complete because documents are available.,0,,RL>NridgHt,10990.0,136318.0,2024-01
1163,557.0,15189.0,1993,6,713.0,1038.0,RH,OldTown,151849.0,51.747,2308.0,214.4202,zoning verfication are complete and neighborhood information is confirmed.,0,,RH>OldTown,15189.0,136664.0,2024-01
1164,1277.0,11709.0,1999,6,430.0,1140.0,RH,CollgCr,211937.0,118.6372,2847.0,264.495,sale condition was reviewed and valuation status is approved.,0,,RH>CollgCr,11709.0,190743.0,2024-01
1165,1594.0,13815.0,1937,5,633.0,881.0,RM,OldTown,214637.0,148.0874,3108.0,288.7426,sale condition was reviewed and valuation status is approved.,0,,RM>OldTown,13815.0,193173.0,2024-01
1166,1013.0,12500.0,1911,6,,771.0,RH,NridgHt,181924.0,94.1108,1944.0,180.6035,property inspection is complete and garage area is measured.,0,,RH>NridgHt,1161.29,163732.0,2024-01
1167,1712.0,7414.0,1958,2,501.0,1215.0,RM,NAmes,193182.0,159.05,3428.0,318.4716,property inspection is complete and garage area is measured.,0,,RM>NAmes,688.78,173864.0,2024-01
1168,1868.0,9141.0,1917,3,877.0,709.0,RL,CollgCr,271785.0,173.5429,3454.0,320.8871,zoning verification is complete and neighborhood information is confirmed.,0,,RL>CollgCr,9141.0,244606.0,2024-01
1169,805.0,15536.0,1969,5,468.0,1692.0,FV,CollgCr,154210.0,74.7869,2965.0,275.4575,lot area verification is complete because documents are available.,0,,FV>CollgCr,15536.0,138789.0,2024-01
1170,1366.0,11642.0,1998,6,511.0,1392.0,FV,Somerst,235008.0,126.9056,3269.0,303.7,zoning verification is complete and neighborhood information is confirmed.,0,,FV>Somerst,1081.58,211507.0,2024-01
1171,1608.0,8139.0,2009,4,194.0,776.0,RM,NAmes,220870.0,149.3881,2578.0,239.504,property inspection is complete and garage area is measured.,0,,RM>NAmes,8139.0,198783.0,2024-01
1172,1570.0,7646.0,1982,7,291.0,710.0,FV,NridgHt,245545.0,145.8578,2571.0,238.8537,zoning verification is complete and neighborhood information is confirmed.,0,,FV>NridgHt,7646.0,220990.0,2024-01
1173,1337.0,4752.0,2009,4,468.0,842.0,FV,NridgHt,185994.0,124.2114,2647.0,245.9143,sale condition was reviewed and valuation status is approved.,0,,FV>NridgHt,4752.0,167395.0,2024-01
1174,1615.0,2547.0,1954,2,188.0,1056.0,RL,NridgHt,199942.0,150.0384,2859.0,265.6098,sale condition was reviewed and valuation status is approved.,0,,RL>NridgHt,2547.0,179948.0,2024-01
1175,1787.0,3404.0,1924,2,483.0,1318.0,RL,Edwards,236679.0,166.0177,3588.0,333.3361,property inspection is complete and garage area is measured.,0,,RL>Edwards,3404.0,213011.0,2024-01
1176,1029.0,14072.0,1992,2,600.0,1319.0,RH,CollgCr,157910.0,95.5972,2948.0,273.8782,lot area verification is complete because documents are available.,0,,RH>CollgCr,14072.0,142119.0,2024-01
1177,1857.0,8379.0,1999,8,247.0,1632.0,RH,NAmes,283298.0,172.5209,3736.0,347.0858,lot area verification is complete because documents are available.,1,verified,RH>NAmes,8379.0,254968.0,2024-01
1178,1930.0,11630.0,1952,4,377.0,981.0,RH,NAmes,270983.0,179.3029,3288.0,305.4652,property inspection is complete and garage area is measured.,0,,RH>NAmes,11630.0,243885.0,2024-01
1179,1505.0,13770.0,2007,9,357.0,890.0,RH,OldTown,264622.0,139.8191,2752.0,255.6692,property inspection is complete and garage area is measured.,1,verified,RH>OldTown,13770.0,238160.0,2024-01
1180,1043.0,2000.0,1989,6,260.0,970.0,RL,Edwards,161950.0,96.8979,2273.0,211.1686,property inspection is complete and garage area is measured.,0,,RL>Edwards,2000.0,145755.0,2024-01
1181,2339.0,11773.0,1972,9,425.0,856.0,RH,Edwards,367112.0,217.3002,3620.0,336.309,sale condition was reviewed and valuation status is approved.,1,verified,RH>Edwards,11773.0,330401.0,2024-01
1182,1162.0,7656.0,1984,4,411.0,708.0,RH,CollgCr,216180.0,107.9533,2281.0,211.9118,zoning verification is complete and neighborhood information is confirmed.,0,,RH>CollgCr,7656.0,194562.0,2024-01
1183,2002.0,14381.0,2005,8,994.0,1242.0,RL,NridgHt,,185.9919,4238.0,393.7231,sale condition was reviewed and valuation status is approved.,1,verified,RL>NridgHt,14381.0,295058.0,2024-01
1184,2102.0,12449.0,1996,6,156.0,806.0,RM,Somerst,,195.2822,3064.0,284.6549,property inspection is complete and garage area is measured.,0,,RM>Somerst,12449.0,262857.0,2024-01
1185,1049.0,9790.0,1924,2,279.0,962.0,FV,NridgHt,136007.0,97.4553,2290.0,212.748,zoning verification is complete and neighborhood information is confirmed.,0,,FV>NridgHt,9790.0,122406.0,2024-01
1186,1650.0,11578.0,1971,8,136.0,762.0,RL,OldTown,255737.0,153.29,2548.0,236.7169,lot area verification is complete because documents are available.,1,verified,RL>OldTown,11578.0,230163.0,2024-01
1187,1183.0,10639.0,1957,4,-458.0,364.0,RL,CollgCr,178071.0,109.9043,2005.0,186.2706,zoning verification is complete and neighborhood information is confirmed.,0,,RL>CollgCr,10639.0,160264.0,2024-01
1188,1967.0,9443.0,1982,5,438.0,1178.0,RL,Somerst,305913.0,182.7403,3583.0,332.8716,lot area verfication are complete because documents are available.,0,,RL>Somerst,9443.0,275322.0,2024-01
1189,1373.0,10504.0,1907,2,508.0,499.0,RH,Somerst,194844.0,127.5559,2380.0,221.1092,lot area verification is complete because documents are available.,0,,RH>Somerst,10504.0,175360.0,2024-01
1190,1051.0,11190.0,2010,9,402.0,1054.0,FV,Edwards,217294.0,97.6411,2507.0,232.9079,lot area verification is complete because documents are available.,1,verified,FV>Edwards,11190.0,195565.0,2024-01
1191,1466.0,13650.0,1908,3,,368.0,RM,Edwards,183196.0,136.1959,2540.0,235.9737,zoning verification is complete and neighborhood information is confirmed.,0,,RM>Edwards,13650.0,164876.0,2024-01
1192,1369.0,10981.0,1955,8,516.0,1745.0,RH,CollgCr,230724.0,127.1843,3630.0,337.238,property inspection is complete and garage area is measured.,1,verified,RH>CollgCr,10981.0,207652.0,2024-01
1193,891.0,9959.0,1899,8,,1636.0,FV,Edwards,228628.0,82.7766,3263.0,303.1426,zoning verification is complete and neighborhood information is confirmed.,1,verified,FV>Edwards,9959.0,205765.0,2024-01
1194,2085.0,11204.0,1931,2,690.0,406.0,FV,NAmes,257493.0,193.7028,3181.0,295.5246,lot area verification is complete because documents are available.,0,,FV>NAmes,11204.0,231744.0,2024-01
1195,1158.0,6309.0,2000,6,350.0,860.0,RM,CollgCr,180911.0,107.5817,2368.0,219.9944,lot area verification is complete because documents are available.,0,,RM>CollgCr,6309.0,162820.0,2024-01
1196,1072.0,17437.0,2007,2,183.0,467.0,RM,CollgCr,156082.0,99.5921,1722.0,159.979,zoning verification is complete and neighborhood information is confirmed.,0,,RM>CollgCr,17437.0,140474.0,2024-01
1197,1575.0,12040.0,1953,2,595.0,571.0,FV,NAmes,238505.0,146.3223,2741.0,254.6472,sale condition was reviewed and valuation stauts is approved.,0,,FV>NAmes,12040.0,214654.0,2024-01
1198,1987.0,8630.0,1945,3,411.0,1148.0,RM,OldTown,257514.0,184.5983,3546.0,329.4342,zoning verification is complete and neighborhood information is confirmed.,0,,RM>OldTown,8630.0,231763.0,2024-01
1199,1180.0,11552.0,1951,6,541.0,412.0,RL,NridgHt,218177.0,109.6256,2133.0,198.1622,lot area verification is complete because documents are available.,0,,RL>NridgHt,11552.0,196359.0,2024-01
1200,1713.0,10413.0,1985,8,415.0,1262.0,FV,Edwards,268514.0,159.1429,3390.0,314.9413,zoning verification is complete and neighborhood information is confirmed.,1,verified,FV>Edwards,10413.0,241663.0,2024-01
1201,1238.0,14127.0,1971,2,582.0,858.0,RL,Edwards,180378.0,115.014,2678.0,248.7943,sale condition was reviewed and valuation status is approved.,0,,RL>Edwards,14127.0,162340.0,2024-01
1202,1317.0,5952.0,1969,2,183.0,1031.0,FV,Somerst,191274.0,122.3533,2531.0,235.1376,property inspection is complete and garage area is measured.,0,,FV>Somerst,552.96,172147.0,2024-01
1203,1372.0,16039.0,1995,7,653.0,756.0,RM,Somerst,249132.0,127.463,2781.0,258.3634,lot area verification is complete because documents are available.,0,,RM>Somerst,16039.0,224219.0,2024-01
1204,1208.0,14691.0,2003,3,482.0,446.0,RM,NridgHt,167323.0,112.2269,2136.0,198.4409,property inspection is complete and garage area is measured.,0,,RM>NridgHt,14691.0,150591.0,2024-01
1205,1007.0,13500.0,1954,9,428.0,1301.0,RM,Somerst,217412.0,93.5534,2736.0,254.1827,sale condition was reviewed and valuation status is approved.,1,verified,RM>Somerst,13500.0,195671.0,2024-01
1206,1810.0,9738.0,1924,8,691.0,1119.0,FV,CollgCr,308644.0,168.1545,3620.0,336.309,property inspection is complete and garage area is measured.,1,verified,FV>CollgCr,9738.0,277780.0,2024-01
1207,1600.0,7466.0,1908,5,,1024.0,RL,Edwards,213265.0,148.6449,2851.0,264.8666,property inspection is complete and garage area is measured.,0,,RL>Edwards,7466.0,191938.0,2024-01
1208,1558.0,18934.0,1894,2,0.0,545.0,RM,Somerst,209131.0,144.7429,2103.0,195.3751,property inspection is complete and garage area is measured.,0,,RM>Somerst,18934.0,188218.0,2024-01
1209,1575.0,2983.0,2000,2,333.0,1202.0,RH,NAmes,160961.0,146.3223,3110.0,288.9285,zoning verification is complete and neighborhood information is confirmed.,0,,RH>NAmes,2983.0,144865.0,2024-01
1210,723.0,9608.0,1936,8,489.0,914.0,RM,Edwards,170017.0,67.1689,2126.0,197.5119,property inspection is complete and garage area is measured.,1,verified,RM>Edwards,9608.0,153015.0,2024-01
1211,1133.0,15103.0,1952,8,564.0,1029.0,RH,NAmes,202485.0,105.2591,2726.0,253.2537,property inspection is complete and garage area is measured.,1,verified,RH>NAmes,1403.11,182236.0,2024-01
1212,1259.0,10993.0,1937,7,687.0,1261.0,FV,Edwards,237641.0,116.9649,3207.0,297.94,zoning verification is complete and neighborhood information is confirmed.,0,,FV>Edwards,1021.28,213877.0,2024-01
1213,1573.0,10813.0,1996,8,708.0,1396.0,RL,NridgHt,275634.0,146.1365,3677.0,341.6045,lot area verification is complete because documents are available.,1,verified,RL>NridgHt,10813.0,248071.0,2024-01
1214,1889.0,15686.0,1915,6,,1435.0,RH,NridgHt,,175.4938,3853.0,357.9554,property inspection is complete and garage area is measured.,0,,RH>NridgHt,15686.0,260090.0,2024-01
1215,1370.0,7399.0,1999,6,581.0,942.0,RM,NridgHt,211696.0,127.2772,2893.0,268.7685,sale condition was reviewed and valuation status is approved.,0,,RM>NridgHt,7399.0,190526.0,2024-01
1216,1384.0,3177.0,1941,6,218.0,833.0,RL,NAmes,212386.0,128.5778,2435.0,226.2189,lot area verification is complete because documents are available.,0,,RL>NAmes,295.15,191147.0,2024-01
1217,1477.0,15912.0,1937,5,572.0,1391.0,FV,OldTown,242844.0,137.2178,3440.0,319.5865,property inspection is complete and garage area is measured.,0,,FV>OldTown,15912.0,218560.0,2024-01
1218,2097.0,9499.0,1953,7,577.0,927.0,FV,OldTown,284137.0,194.8177,3601.0,334.5438,lot area verification is complete because documents are available.,0,,FV>OldTown,9499.0,255723.0,2024-01
1219,2039.0,0.0,1974,4,590.0,196.0,FV,Somerst,299897.0,189.4293,2825.0,262.4511,sale condition was reviewed and valuation status is approved.,0,,FV>Somerst,12635.0,269907.0,2024-01
1220,2005.0,10135.0,2002,9,145.0,750.0,RL,NAmes,298339.0,186.2706,2900.0,269.4188,sale condition was reviewed and valuation status is approved.,1,verified,RL>NAmes,10135.0,268505.0,2024-01
1221,1676.0,8173.0,1935,7,436.0,819.0,FV,Somerst,252680.0,155.7055,2931.0,272.2988,property inspection is complete and garage area is measured.,0,,FV>Somerst,8173.0,227412.0,2024-01
1222,2205.0,2000.0,1979,4,596.0,1477.0,FV,CollgCr,270856.0,204.8512,4278.0,397.4392,sale condition was reviewed and valuation status is approved.,0,,FV>CollgCr,2000.0,243770.0,2024-01
1223,450.0,7520.0,1912,8,52.0,1481.0,FV,CollgCr,147348.0,41.8064,1983.0,184.2267,zoning verfication are complete and neighborhood information is confirmed.,1,verified,FV>CollgCr,7520.0,132613.0,2024-01
1224,973.0,11541.0,1997,2,419.0,364.0,FV,NridgHt,146361.0,90.3947,1756.0,163.1377,zoning verification is complete and neighborhood information is confirmed.,0,,FV>NridgHt,1072.19,131725.0,2024-01
1225,1180.0,7853.0,1967,9,350.0,1034.0,RL,NridgHt,222503.0,109.6256,2564.0,238.2034,zoning verification is complete and neighborhood information is confirmed.,1,verified,RL>NridgHt,729.57,200253.0,2024-01
1226,1733.0,17574.0,1941,9,519.0,912.0,RL,Somerst,,161.001,3164.0,293.9452,lot area verification is complete because documents are available.,1,verified,RL>Somerst,17574.0,285503.0,2024-01
1227,2298.0,9165.0,1982,4,450.0,783.0,FV,Somerst,,213.4912,3531.0,328.0406,lot area verification is complete because documents are available.,0,,FV>Somerst,9165.0,276474.0,2024-01
1228,1956.0,13700.0,1946,5,346.0,936.0,RL,NAmes,285514.0,181.7183,3238.0,300.82,zoning verification is complete and neighborhood information is confirmed.,0,,RL>NAmes,13700.0,256963.0,2024-01
1229,1195.0,13892.0,1957,2,317.0,1170.0,RM,OldTown,155968.0,111.0191,2682.0,249.166,property inspection are complete and garage area is measured.,0,,RM>OldTown,1290.61,140371.0,2024-01
1230,1234.0,10237.0,1999,5,504.0,897.0,RH,Edwards,186687.0,114.6424,2635.0,244.7995,property inspection is complete and garage area is measured.,0,,RH>Edwards,10237.0,168018.0,2024-01
1231,1369.0,14647.0,1995,9,249.0,851.0,FV,Edwards,261836.0,127.1843,2469.0,229.3776,zoning verification is complete and neighborhood information is confirmed.,1,verified,FV>Edwards,14647.0,235652.0,2024-01
1232,1989.0,9226.0,1978,5,423.0,645.0,RL,Somerst,255989.0,184.7841,3057.0,284.0046,property inspection is complete and garage area is measured.,0,,RL>Somerst,857.12,230390.0,2024-01
1233,2030.0,12800.0,1982,4,325.0,1576.0,FV,Somerst,275267.0,188.5932,3931.0,365.2019,lot area verification are complete because documments are available.,0,,FV>Somerst,12800.0,247740.0,2024-01
1234,1841.0,8671.0,1983,5,466.0,1032.0,FV,OldTown,272698.0,171.0345,3339.0,310.2033,zoning verification is complete and neighborhood information is confirmed.,0,,FV>OldTown,8671.0,245428.0,2024-01
1235,1545.0,5527.0,1965,5,232.0,971.0,RH,Somerst,217255.0,143.5352,2748.0,255.2976,lot area verification is complete because documents are available.,0,,RH>Somerst,5527.0,195530.0,2024-01
1236,1628.0,11403.0,1948,2,409.0,940.0,RL,NAmes,241384.0,151.2461,2977.0,276.5724,property inspection is complete and garage area is measured.,0,,RL>NAmes,11403.0,217246.0,2024-01
1237,1777.0,11786.0,1988,7,422.0,991.0,RL,OldTown,274813.0,165.0887,3190.0,296.3607,zoning verification is complete and neighborhood information is confirmed.,0,,RL>OldTown,11786.0,247332.0,2024-01
1238,1628.0,4086.0,1992,9,653.0,915.0,RM,Somerst,253817.0,151.2461,3196.0,296.9181,zoning verification is complete and neighborhood information is confirmed.,1,verified,RM>Somerst,379.6,228435.0,2024-01
1239,920.0,13191.0,1952,3,574.0,820.0,RM,NridgHt,156287.0,85.4708,2314.0,214.9776,zoning verification is complete and neighborhood information is confirmed.,0,,RM>NridgHt,13191.0,140658.0,2024-01
1240,1920.0,12574.0,1927,2,818.0,1333.0,RH,Edwards,256493.0,178.3738,4071.0,378.2083,sale condition was reviewed and valuation status is approved.,0,,RH>Edwards,12574.0,230844.0,2024-01
1241,1834.0,12717.0,1912,9,474.0,720.0,RM,OldTown,,170.3842,3028.0,281.3104,zoning verification is complete and neighborhood information is confirmed.,1,verified,RM>OldTown,12717.0,248718.0,2024-01
1242,1478.0,17966.0,1948,5,566.0,1497.0,FV,NridgHt,240262.0,137.3107,3541.0,328.9697,zoning verification is complete and neighborhood information is confirmed.,0,,FV>NridgHt,17966.0,216236.0,2024-01
1243,1887.0,9695.0,1989,2,267.0,466.0,FV,NAmes,248942.0,175.308,2620.0,243.406,sale condition was reviewed and valuation status are aproved.,0,,FV>NAmes,9695.0,224048.0,2024-01
1244,1548.0,12843.0,1956,7,758.0,468.0,RH,Somerst,245153.0,143.8139,2774.0,257.713,property inspection is complete and garage area is measured.,0,,RH>Somerst,12843.0,220638.0,2024-01
1245,1561.0,7947.0,1932,3,759.0,887.0,RH,Somerst,217680.0,145.0216,3207.0,297.94,lot area verification is complete because documents are available.,0,,RH>Somerst,7947.0,195912.0,2024-01
1246,2344.0,15391.0,1998,5,466.0,947.0,RL,CollgCr,,217.7647,3757.0,349.0367,zoning verification is complete and neighborhood information is confirmed.,0,,RL>CollgCr,15391.0,301687.0,2024-01
1247,1558.0,7833.0,1994,8,625.0,1220.0,RM,Somerst,260697.0,144.7429,3403.0,316.149,sale condition was reviewed and valuation status is approved.,1,verified,RM>Somerst,727.71,234627.0,2024-01
1248,1746.0,5998.0,1926,7,417.0,1072.0,RM,NridgHt,259542.0,162.2087,3235.0,300.5413,zoning verification is complete and neighborhood information is confirmed.,0,,RM>NridgHt,5998.0,233588.0,2024-01
1249,1467.0,7081.0,1900,8,,592.0,RL,Somerst,254929.0,136.2888,2375.0,220.6447,sale condition was reviewed and valuation status is approved.,1,verified,RL>Somerst,7081.0,229436.0,2024-01
1250,907.0,10608.0,1987,3,455.0,1088.0,RM,CollgCr,133892.0,84.2631,2450.0,227.6124,zoning verification is complete and neighborhood information is confirmed.,0,,RM>CollgCr,10608.0,120503.0,2024-01
1251,1554.0,10463.0,1937,5,624.0,1473.0,FV,OldTown,225691.0,144.3713,3651.0,339.189,zoning verification is complete and neighborhood information is confirmed.,0,,FV>OldTown,972.04,203122.0,2024-01
1252,1366.0,9153.0,2004,4,537.0,723.0,RM,Edwards,238681.0,126.9056,2626.0,243.9634,lot area verification is complete because documents are available.,0,,RM>Edwards,9153.0,214813.0,2024-01
1253,1089.0,15725.0,1933,3,493.0,138.0,FV,NridgHt,176996.0,101.1714,1720.0,159.7932,lot area verification is complete because documents are available.,0,,FV>NridgHt,15725.0,159296.0,2024-01
1254,929.0,12874.0,1954,6,789.0,47.0,RL,Somerst,194359.0,86.3069,1765.0,163.9739,property inspection is complete and garage area is measured.,0,,RL>Somerst,12874.0,174923.0,2024-01
1255,1576.0,18831.0,1936,6,531.0,858.0,RM,OldTown,284338.0,146.4152,2965.0,275.4575,sale condition was reviewed and valuation status is approved.,0,,RM>OldTown,1749.46,255904.0,2024-01
1256,1374.0,16504.0,1988,5,836.0,1402.0,RH,CollgCr,201485.0,127.6488,3612.0,335.5658,sale condition was reviewed and valuation status is approved.,0,,RH>CollgCr,16504.0,181336.0,2024-01
1257,1146.0,,1915,2,615.0,586.0,RH,Somerst,157696.0,106.4669,2347.0,218.0434,property inspection is complete and garage area is measured.,0,,RH>Somerst,512.73,141926.0,2024-01
1258,1973.0,9211.0,1982,9,577.0,648.0,RM,CollgCr,,183.2977,3198.0,297.1039,sale condition was reviewed and valuation status is approved.,1,verified,RM>CollgCr,9211.0,288896.0,2024-01
1259,1549.0,8275.0,1955,3,608.0,1871.0,RM,NAmes,211070.0,143.9068,4028.0,374.2134,lot area verification is complete because documents are available.,0,,RM>NAmes,8275.0,189963.0,2024-01
1260,1730.0,11099.0,1925,3,356.0,678.0,RM,CollgCr,234025.0,160.7223,2764.0,256.784,property inspection is complete and garage area is measured.,0,,RM>CollgCr,11099.0,210622.0,2024-01
1261,2088.0,12260.0,1993,9,363.0,731.0,FV,CollgCr,321911.0,193.9815,3182.0,295.6175,zoning verification is complete and neighborhood information is confirmed.,1,verified,FV>CollgCr,12260.0,289720.0,2024-01
1262,2046.0,8467.0,1919,6,,286.0,FV,NridgHt,,190.0796,2782.0,258.4563,sale condition was reviewed and valuation status is approved.,0,,FV>NridgHt,786.61,257395.0,2024-01
1263,1777.0,7330.0,1993,3,858.0,707.0,RH,NridgHt,238875.0,165.0887,3342.0,310.482,sale condition was reviewed and valuation status is approved.,0,,RH>NridgHt,7330.0,214988.0,2024-01
1264,2263.0,13748.0,1982,7,507.0,1075.0,RM,Edwards,338112.0,210.2396,3845.0,357.2122,sale condition was reviewed and valuation status is approved.,0,,RM>Edwards,1277.23,304301.0,2024-01
1265,2221.0,8671.0,1968,6,374.0,966.0,RM,Edwards,283299.0,206.3377,3561.0,330.8277,zoning verification is complete and neighborhood information is confirmed.,0,,RM>Edwards,8671.0,254969.0,2024-01
1266,1527.0,5808.0,1989,7,635.0,929.0,FV,NridgHt,223701.0,141.8629,3091.0,287.1633,zoning verification is complete and neighborhood information is confirmed.,0,,FV>NridgHt,5808.0,201331.0,2024-01
1267,670.0,9534.0,1977,3,509.0,537.0,RM,CollgCr,117953.0,62.245,1716.0,159.4216,sale condition was reviewed and valuation status are aproved.,0,,RM>CollgCr,9534.0,106158.0,2024-01
1268,1470.0,0.0,1910,9,,1337.0,RH,CollgCr,247051.0,136.5675,3261.0,302.9568,zoning verification is complete and neighborhood information is confirmed.,1,verified,RH>CollgCr,9524.0,222346.0,2024-01
1269,1606.0,8106.0,1992,3,324.0,98.0,RL,Somerst,200052.0,149.2023,2028.0,188.4074,lot area verification is complete because documents are available.,0,,RL>Somerst,8106.0,180047.0,2024-01
1270,2129.0,12289.0,1894,2,,637.0,RL,NAmes,235104.0,197.7906,2996.0,278.3375,sale condition was reviewed and valuation status is approved.,0,,RL>NAmes,12289.0,211594.0,2024-01
1271,1823.0,9834.0,1928,4,606.0,1407.0,FV,NAmes,261602.0,169.3622,3836.0,356.3761,property inspection is complete and garage area is measured.,0,,FV>NAmes,9834.0,235442.0,2024-01
1272,1451.0,5548.0,1994,3,355.0,1365.0,RL,OldTown,211702.0,134.8023,3171.0,294.5955,property inspection is complete and garage area is measured.,0,,RL>OldTown,515.43,190532.0,2024-01
1273,1392.0,8791.0,1944,2,174.0,1041.0,RL,Somerst,187703.0,129.321,2607.0,242.1982,zoning verification is complete and neighborhood information is confirmed.,0,,RL>Somerst,816.71,168933.0,2024-01
1274,1823.0,,1910,7,666.0,1154.0,FV,Edwards,289752.0,169.3622,3643.0,338.4458,sale condition was reviewed and valuation status is approved.,0,,FV>Edwards,8948.0,260777.0,2024-01
1275,1362.0,12439.0,1963,2,342.0,564.0,FV,Somerst,199830.0,126.5339,2268.0,210.7041,zoning verification is complete and neighborhood information is confirmed.,0,,FV>Somerst,12439.0,179847.0,2024-01
1276,2352.0,10466.0,1996,9,479.0,507.0,RL,CollgCr,343253.0,218.508,3338.0,310.1103,lot area verification is complete because documents are available.,1,verified,RL>CollgCr,10466.0,308928.0,2024-01
1277,1959.0,12089.0,1942,8,370.0,338.0,RL,CollgCr,,181.9971,2667.0,247.7724,property inspection is complete and garage area is measured.,1,verified,RL>CollgCr,12089.0,264452.0,2024-01
1278,737.0,9853.0,1937,5,785.0,1085.0,RL,OldTown,176017.0,68.4695,2607.0,242.1982,lot area verification is complete because documents are available.,0,,RL>OldTown,9853.0,158415.0,2024-01
1279,782.0,13318.0,2003,8,380.0,1472.0,RL,CollgCr,188419.0,72.6502,2634.0,244.7066,zoning verfication are complete and neighborhood information is confirmed.,1,verified,RL>CollgCr,1237.28,169577.0,2024-01
1280,1519.0,0.0,1953,5,702.0,953.0,FV,OldTown,220092.0,141.1197,3174.0,294.8742,property inspection is complete and garage area is measured.,0,,FV>OldTown,20285.0,198083.0,2024-01
1281,1151.0,11353.0,1940,6,756.0,909.0,RM,Somerst,215273.0,106.9314,2816.0,261.615,zoning verification is complete and neighborhood information is confirmed.,0,,RM>Somerst,11353.0,193746.0,2024-01
1282,824.0,11144.0,1992,5,498.0,960.0,RL,CollgCr,182734.0,76.5521,2282.0,212.0047,lot area verification is complete because documents are available.,0,,RL>CollgCr,11144.0,164461.0,2024-01
1283,2351.0,8120.0,2003,5,310.0,1265.0,FV,OldTown,,218.415,3926.0,364.7373,sale condition was reviewed and valuation status is approved.,0,,FV>OldTown,8120.0,275900.0,2024-01
1284,1410.0,12603.0,1996,7,103.0,1409.0,RH,NridgHt,229115.0,130.9933,2922.0,271.4627,zoning verification is complete and neighborhood information is confirmed.,0,,RH>NridgHt,12603.0,206204.0,2024-01
1285,1564.0,18761.0,1923,6,505.0,218.0,RM,Edwards,220451.0,145.3004,2287.0,212.4693,lot area verification is complete because documents are available.,0,,RM>Edwards,18761.0,198406.0,2024-01
1286,1649.0,8744.0,1977,6,766.0,1258.0,RL,NAmes,269031.0,153.1971,3673.0,341.2329,zoning verification is complete and neighborhood information is confirmed.,0,,RL>NAmes,8744.0,242128.0,2024-01
1287,2105.0,7766.0,1957,6,324.0,1084.0,RM,NAmes,273480.0,195.5609,3513.0,326.3684,property inspection is complete and garage area is measured.,0,,RM>NAmes,721.48,246132.0,2024-01
1288,1220.0,6883.0,1971,5,682.0,1072.0,RM,CollgCr,219399.0,113.3417,2974.0,276.2936,sale condition was reviewed and valuation status is approved.,0,,RM>CollgCr,6883.0,197459.0,2024-01
1289,1814.0,7154.0,1991,9,383.0,455.0,RL,NAmes,293540.0,168.5261,2652.0,246.3789,lot area verification is complete because documents are available.,1,verified,RL>NAmes,664.63,264186.0,2024-01
1290,861.0,0.0,1944,2,638.0,1190.0,FV,OldTown,165138.0,79.9895,2689.0,249.8163,lot area verification is complete because documents are available.,0,,FV>OldTown,3794.0,148624.0,2024-01
1291,1083.0,5972.0,1922,4,687.0,1351.0,RL,NridgHt,195598.0,100.614,3121.0,289.9504,zoning verification is complete and neighborhood information is confirmed.,0,,RL>NridgHt,554.82,176038.0,2024-01
1292,1441.0,4944.0,1920,2,,857.0,RL,Edwards,194792.0,133.8733,2747.0,255.2047,sale condition was reviewed and valuation status is approved.,0,,RL>Edwards,4944.0,175313.0,2024-01
1293,1263.0,7499.0,1930,6,607.0,967.0,RL,NAmes,218942.0,117.3365,2837.0,263.5659,lot area verification is complete because documents are available.,0,,RL>NAmes,7499.0,197048.0,2024-01
1294,1458.0,14817.0,1948,2,469.0,786.0,FV,NAmes,203720.0,135.4526,2713.0,252.0459,sale condition was reviewed and valuation status is approved.,0,,FV>NAmes,1376.54,183348.0,2024-01
1295,2079.0,9037.0,1990,4,337.0,1176.0,RM,NAmes,258215.0,193.1454,3592.0,333.7077,sale condition were reviewed and valuation status is aproved.,0,,RM>NAmes,9037.0,232394.0,2024-01
1296,1217.0,6288.0,1917,5,109.0,703.0,RM,Somerst,226334.0,113.063,2029.0,188.5003,lot area verification is complete because documents are available.,0,,RM>Somerst,6288.0,203701.0,2024-01
1297,1316.0,6500.0,1922,8,152.0,1051.0,FV,CollgCr,217388.0,122.2604,2519.0,234.0228,lot area verification is complete because documents are available.,1,verified,FV>CollgCr,6500.0,195649.0,2024-01
1298,1132.0,10164.0,1951,8,252.0,1206.0,FV,CollgCr,221989.0,105.1662,2590.0,240.6189,zoning verification is complete and neighborhood information is confirmed.,1,verified,FV>CollgCr,944.27,199790.0,2024-01
1299,981.0,8782.0,1897,2,,505.0,RH,OldTown,149608.0,91.1379,2281.0,211.9118,zoning verification is complete and neighborhood information is confirmed.,0,,RH>OldTown,8782.0,134647.0,2024-01
1300,1300.0,11287.0,1951,4,507.0,954.0,RL,Edwards,193728.0,120.774,2761.0,256.5053,lot area verification is complete because documents are available.,0,,RL>Edwards,11287.0,174355.0,2024-01
1301,1369.0,15476.0,1891,4,492.0,922.0,RL,NAmes,210611.0,127.1843,2783.0,258.5492,zoning verification is complete and neighborhood information is confirmed.,0,,RL>NAmes,15476.0,189550.0,2024-01
1302,1436.0,8669.0,1986,7,451.0,1061.0,RH,NridgHt,261226.0,133.4088,2948.0,273.8782,sale condition was reviewed and valuation status is approved.,0,,RH>NridgHt,8669.0,235103.0,2024-01
1303,1539.0,3943.0,1927,2,276.0,841.0,RM,Somerst,207737.0,142.9778,2656.0,246.7505,lot area verification is complete because documents are available.,0,,RM>Somerst,3943.0,186963.0,2024-01
1304,1809.0,7833.0,1903,9,,1131.0,RL,Edwards,294346.0,168.0616,3397.0,315.5916,property inspection is complete and garage area is measured.,1,verified,RL>Edwards,7833.0,264911.0,2024-01
1305,1210.0,13610.0,2002,8,249.0,607.0,FV,NridgHt,254533.0,112.4127,2066.0,191.9377,lot area verification is complete because documents are available.,1,verified,FV>NridgHt,13610.0,229080.0,2024-01
1306,2367.0,2000.0,1974,3,556.0,1276.0,RL,NridgHt,260979.0,219.9015,4199.0,390.0999,property inspection is complete and garage area is measured.,0,,RL>NridgHt,2000.0,234881.0,2024-01
1307,1628.0,5895.0,1986,7,172.0,887.0,FV,NAmes,259893.0,151.2461,2687.0,249.6305,property inspection is complete and garage area is measured.,0,,FV>NAmes,5895.0,233904.0,2024-01
1308,1958.0,7227.0,1910,9,405.0,1220.0,RL,NridgHt,271243.0,181.9042,3583.0,332.8716,sale condition was reviewed and valuation status is approved.,1,verified,RL>NridgHt,7227.0,244119.0,2024-01
1309,2408.0,8993.0,2005,7,605.0,537.0,FV,Edwards,326142.0,223.7105,3550.0,329.8058,lot area verification is complete because documents are available.,0,,FV>Edwards,8993.0,293528.0,2024-01
1310,1485.0,11896.0,2009,4,578.0,1274.0,RL,Edwards,224720.0,137.961,3337.0,310.0174,property inspection is complete and garage area is measured.,0,,RL>Edwards,11896.0,202248.0,2024-01
1311,1512.0,11887.0,2007,6,483.0,1535.0,FV,NAmes,238985.0,140.4694,3530.0,327.9477,sale condition was reviewed and valuation status is approved.,0,,FV>NAmes,1104.34,215086.0,2024-01
1312,1271.0,11985.0,1953,8,464.0,1302.0,RL,Edwards,227631.0,118.0798,3037.0,282.1465,lot area verification is complete because documents are available.,1,verified,RL>Edwards,11985.0,204868.0,2024-01
1313,1841.0,8006.0,2006,8,720.0,1009.0,RL,OldTown,,171.0345,3570.0,331.6639,zoning verification is complete and neighborhood information is confirmed.,1,verified,RL>OldTown,8006.0,259640.0,2024-01
1314,1645.0,13453.0,1978,8,487.0,860.0,RH,NridgHt,259604.0,152.8255,2992.0,277.9659,sale condition was reviewed and valuation status is approved.,1,verified,RH>NridgHt,1249.82,233644.0,2024-01
1315,1775.0,6815.0,1954,7,326.0,1072.0,RM,NAmes,255811.0,164.9029,3173.0,294.7813,lot area verification is complete because documents are available.,0,,RM>NAmes,6815.0,230230.0,2024-01
1316,1161.0,13685.0,1958,8,536.0,630.0,RH,NAmes,240755.0,107.8604,2327.0,216.1854,lot area verification is complete because documents are available.,1,verified,RH>NAmes,13685.0,216680.0,2024-01
1317,1437.0,14763.0,1935,6,440.0,1141.0,RH,CollgCr,253980.0,133.5017,3018.0,280.3814,property inspection is complete and garage area is measured.,0,,RH>CollgCr,14763.0,228582.0,2024-01
1318,1052.0,2670.0,1996,5,420.0,772.0,RM,OldTown,230480.0,97.734,2244.0,208.4744,zoning verification is complete and neighborhood information is confirmed.,0,,RM>OldTown,2670.0,207432.0,2024-01
1319,953.0,4657.0,1952,9,518.0,874.0,RL,Edwards,198236.0,88.5366,2345.0,217.8576,lot area verification is complete because documents are available.,1,verified,RL>Edwards,4657.0,178412.0,2024-01
1320,1555.0,16806.0,1982,8,284.0,951.0,FV,Somerst,246982.0,144.4642,2790.0,259.1995,sale condition was reviewed and valuation status is approved.,1,verified,FV>Somerst,16806.0,222284.0,2024-01
1321,1853.0,5029.0,1964,6,225.0,623.0,FV,Edwards,248182.0,172.1493,2701.0,250.9311,zoning verification is complete and neighborhood information is confirmed.,0,,FV>Edwards,5029.0,223364.0,2024-01
1322,1440.0,10960.0,1936,6,338.0,1307.0,FV,NAmes,259374.0,133.7804,3085.0,286.6059,property inspection is complete and garage area is measured.,0,,FV>NAmes,10960.0,233437.0,2024-01
1323,1621.0,12877.0,1950,5,73.0,1380.0,RM,Somerst,219671.0,150.5958,3074.0,285.5839,sale condition was reviewed and valuation status is approved.,0,,RM>Somerst,12877.0,197704.0,2024-01
1324,1815.0,11002.0,1998,2,756.0,659.0,RL,NridgHt,242165.0,168.619,3230.0,300.0768,zoning verification is complete and neighborhood information is confirmed.,0,,RL>NridgHt,11002.0,217948.0,2024-01
1325,881.0,8827.0,1954,7,798.0,1081.0,RM,Edwards,175896.0,81.8476,2760.0,256.4124,lot area verification is complete because documents are available.,0,,RM>Edwards,8827.0,158306.0,2024-01
1326,1713.0,8600.0,1929,8,491.0,1244.0,RH,Edwards,297539.0,159.1429,3448.0,320.3297,sale condition was reviewed and valuation status is approved.,1,verified,RH>Edwards,8600.0,267785.0,2024-01
1327,1566.0,15811.0,1942,5,280.0,1181.0,RH,Edwards,256830.0,145.4862,3027.0,281.2175,lot area verification is complete because documents are available.,0,,RH>Edwards,15811.0,231147.0,2024-01
1328,1237.0,10255.0,1989,4,599.0,1074.0,RM,Edwards,210265.0,114.9211,2910.0,270.3478,sale condition was reviewed and valuation status is approved.,0,,RM>Edwards,10255.0,189238.0,2024-01
1329,1736.0,8883.0,1941,9,545.0,621.0,RL,CollgCr,298989.0,161.2797,2902.0,269.6046,zoning verification is complete and neighborhood information is confirmed.,1,verified,RL>CollgCr,8883.0,269090.0,2024-01
1330,1140.0,,1921,2,,816.0,RL,Edwards,171137.0,105.9095,2740.0,254.5543,sale condition was reviewed and valuation status is approved.,0,,RL>Edwards,11478.0,154023.0,2024-01
1331,1406.0,11219.0,2009,7,218.0,774.0,FV,Edwards,220743.0,130.6217,2398.0,222.7815,sale condition was reviewed and valuation status is approved.,0,,FV>Edwards,11219.0,198669.0,2024-01
1332,1758.0,15254.0,1922,3,235.0,1232.0,RH,Edwards,235000.0,163.3235,3225.0,299.6123,zoning verification is complete and neighborhood information is confirmed.,0,,RH>Edwards,1417.14,211500.0,2024-01
1333,1645.0,10877.0,1945,9,204.0,355.0,RH,OldTown,288252.0,152.8255,2204.0,204.7583,sale condition was reviewed and valuation status is approved.,1,verified,RH>OldTown,10877.0,259427.0,2024-01
1334,1402.0,10573.0,1893,8,396.0,840.0,RM,Somerst,250507.0,130.2501,2638.0,245.0782,zoning verification is complete and neighborhood information is confirmed.,1,verified,RM>Somerst,10573.0,225456.0,2024-01
1335,1454.0,7742.0,1985,7,250.0,948.0,RL,OldTown,211093.0,135.081,2652.0,246.3789,sale condition was reviewed and valuation status is approved.,0,,RL>OldTown,7742.0,189984.0,2024-01
1336,1580.0,13195.0,1940,9,530.0,994.0,RM,Somerst,280370.0,146.7868,3104.0,288.371,property inspection is complete and garage area is measured.,1,verified,RM>Somerst,1225.86,252333.0,2024-01
1337,1256.0,6234.0,1935,4,858.0,1172.0,RH,NAmes,211951.0,116.6862,3286.0,305.2794,lot area verification is complete because documents are available.,0,,RH>NAmes,6234.0,190756.0,2024-01
1338,1361.0,6889.0,1917,7,725.0,342.0,FV,NridgHt,223176.0,126.441,2428.0,225.5686,zoning verification is complete and neighborhood information is confirmed.,0,,FV>NridgHt,6889.0,200858.0,2024-01
1339,502.0,2000.0,1928,3,172.0,1000.0,RM,NridgHt,108042.0,46.6373,1674.0,155.5197,lot area verification is complete because documents are available.,0,,RM>NridgHt,2000.0,97238.0,2024-01
1340,1784.0,16870.0,1996,4,545.0,1118.0,FV,NAmes,220021.0,165.739,3447.0,320.2368,zoning verification is complete and neighborhood information is confirmed.,0,,FV>NAmes,16870.0,198019.0,2024-01
1341,2235.0,,2005,5,508.0,564.0,RH,Edwards,338031.0,207.6383,3307.0,307.2304,zoning verification is complete and neighborhood information is confirmed.,0,,RH>Edwards,13693.0,304228.0,2024-01
1342,1707.0,5338.0,1923,9,637.0,1429.0,FV,OldTown,269407.0,158.5855,3773.0,350.5232,sale condition was reviewed and valuation status is approved.,1,verified,FV>OldTown,5338.0,242466.0,2024-01
1343,1298.0,6543.0,1971,8,468.0,1720.0,FV,NAmes,274559.0,120.5881,3486.0,323.86,sale condition was reviewed and valuation status is approved.,1,verified,FV>NAmes,6543.0,247103.0,2024-01
1344,1784.0,4851.0,1978,5,385.0,912.0,RL,CollgCr,221042.0,165.739,3081.0,286.2343,lot area verification is complete because documents are available.,0,,RL>CollgCr,450.67,198938.0,2024-01
1345,2052.0,11156.0,1928,4,394.0,844.0,RL,CollgCr,,190.637,3290.0,305.651,lot area verification is complete because documents are available.,0,,RL>CollgCr,11156.0,259556.0,2024-01
1346,648.0,12618.0,1963,8,56.0,217.0,RM,OldTown,166621.0,60.2012,921.0,85.5637,property inspection is complete and garage area is measured.,1,verified,RM>OldTown,12618.0,149959.0,2024-01
1347,1491.0,8875.0,1900,9,391.0,883.0,FV,Edwards,272953.0,138.5184,2765.0,256.8769,zoning verification is complete and neighborhood information is confirmed.,1,verified,FV>Edwards,8875.0,245658.0,2024-01
1348,2006.0,9504.0,1919,2,428.0,1430.0,FV,NAmes,,186.3635,3864.0,358.9773,sale condition was reviewed and valuation status is approved.,0,,FV>NAmes,9504.0,260349.0,2024-01
1349,1145.0,3368.0,2008,7,610.0,856.0,RM,Somerst,199427.0,106.374,2611.0,242.5698,sale condition was reviewed and valuation status is approved.,0,,RM>Somerst,3368.0,179484.0,2024-01
1350,930.0,8977.0,2004,4,508.0,854.0,FV,Somerst,176777.0,86.3998,2292.0,212.9338,property inspection is complete and garage area is measured.,0,,FV>Somerst,833.99,159099.0,2024-01
1351,1168.0,15986.0,1943,3,370.0,887.0,RH,Somerst,167593.0,108.5108,2425.0,225.2899,property inspection are complete and garage area is measured.,0,,RH>Somerst,15986.0,150834.0,2024-01
1352,1409.0,6647.0,1931,5,658.0,1139.0,FV,NAmes,199456.0,130.9004,3206.0,297.8471,zoning verification is complete and neighborhood information is confirmed.,0,,FV>NAmes,6647.0,179510.0,2024-01
1353,1709.0,10675.0,1909,2,498.0,898.0,RH,OldTown,225863.0,158.7713,3105.0,288.4639,sale condition was reviewed and valuation status is approved.,0,,RH>OldTown,10675.0,203277.0,2024-01
1354,1569.0,14011.0,2009,4,214.0,838.0,RL,OldTown,217319.0,145.7649,2621.0,243.4989,sale condition was reviewed and valuation status is approved.,0,,RL>OldTown,14011.0,195587.0,2024-01
1355,1208.0,12013.0,1922,5,330.0,573.0,RM,CollgCr,189327.0,112.2269,2111.0,196.1183,lot area verification is complete because documents are available.,0,,RM>CollgCr,12013.0,170394.0,2024-01
1356,1735.0,14126.0,1954,7,326.0,590.0,RL,NridgHt,263900.0,161.1868,2651.0,246.286,property inspection is complete and garage area is measured.,0,,RL>NridgHt,14126.0,237510.0,2024-01
1357,1670.0,13323.0,1925,7,480.0,1425.0,RL,NridgHt,257623.0,155.1481,3575.0,332.1284,zoning verification is complete and neighborhood information is confirmed.,0,,RL>NridgHt,13323.0,231861.0,2024-01
1358,1709.0,21298.0,1952,5,279.0,1316.0,RH,NridgHt,267157.0,158.7713,3304.0,306.9516,property inspection is complete and garage area is measured.,0,,RH>NridgHt,21298.0,240441.0,2024-01
1359,1450.0,12300.0,1949,5,631.0,532.0,RM,Edwards,263657.0,134.7094,2613.0,242.7556,zoning verification is complete and neighborhood information is confirmed.,0,,RM>Edwards,12300.0,237291.0,2024-01
1360,1728.0,2000.0,1986,2,522.0,761.0,RM,NridgHt,236598.0,160.5365,3011.0,279.7311,sale condition was reviewed and valuation status is approved.,0,,RM>NridgHt,2000.0,212938.0,2024-01
1361,1878.0,6199.0,1916,9,,893.0,RL,CollgCr,289711.0,174.4719,3164.0,293.9452,sale condition was reviewed and valuation status is approved.,1,verified,RL>CollgCr,6199.0,260740.0,2024-01
1362,1794.0,5941.0,1962,7,449.0,645.0,RH,NAmes,294769.0,166.6681,2888.0,268.304,zoning verification is complete and neighborhood information is confirmed.,0,,RH>NAmes,5941.0,265292.0,2024-01
1363,1574.0,2000.0,2005,2,371.0,934.0,RL,Somerst,181941.0,146.2294,2879.0,267.4679,zoning verification is complete and neighborhood information is confirmed.,0,,RL>Somerst,2000.0,163747.0,2024-01
1364,1614.0,11278.0,1970,3,489.0,1292.0,FV,NAmes,213056.0,149.9455,3395.0,315.4058,property inspection is complete and garage area is measured.,0,,FV>NAmes,1047.76,191750.0,2024-01
1365,1656.0,13707.0,1972,5,415.0,468.0,RL,Edwards,245346.0,153.8474,2539.0,235.8808,sale condition was reviewed and valuation status is approved.,0,,RL>Edwards,13707.0,220811.0,2024-01
1366,2122.0,16030.0,1988,7,678.0,960.0,RL,OldTown,,197.1403,3760.0,349.3154,zoning verification is complete and neighborhood information is confirmed.,0,,RL>OldTown,16030.0,265787.0,2024-01
1367,1741.0,9655.0,1955,7,-176.0,1250.0,RM,CollgCr,259284.0,161.7442,3167.0,294.2239,sale condition was reviewed and valuation status is approved.,0,,RM>CollgCr,9655.0,233356.0,2024-01
1368,1721.0,13808.0,1896,2,364.0,719.0,FV,CollgCr,222338.0,159.8861,2804.0,260.5001,sale condition was reviewed and valuation status is approved.,0,,FV>CollgCr,13808.0,200104.0,2024-01
1369,2170.0,9410.0,1908,4,498.0,788.0,RH,Somerst,250348.0,201.5996,3456.0,321.0729,lot area verification is complete because documents are available.,0,,RH>Somerst,9410.0,225313.0,2024-01
1370,1739.0,14154.0,2062,7,67.0,777.0,RL,Somerst,292775.0,161.5584,2583.0,239.9686,property inspection is complete and garage area is measured.,0,,RL>Somerst,14154.0,263498.0,2024-01
1371,1140.0,16829.0,2003,5,622.0,721.0,FV,Edwards,184290.0,105.9095,2483.0,230.6782,zoning verification is complete and neighborhood information is confirmed.,0,,FV>Edwards,16829.0,165861.0,2024-01
1372,1493.0,12612.0,1930,2,529.0,703.0,RM,Edwards,172860.0,138.7042,2725.0,253.1608,zoning verification is complete and neighborhood information is confirmed.,0,,RM>Edwards,12612.0,155574.0,2024-01
1373,645.0,16863.0,1896,8,,1476.0,RM,NAmes,182998.0,59.9225,2727.0,253.3466,zoning verification is complete and neighborhood information is confirmed.,1,verified,RM>NAmes,1566.62,164698.0,2024-01
1374,1001.0,17636.0,1957,3,0.0,564.0,RM,OldTown,166475.0,92.9959,1565.0,145.3933,property inspection is complete and garage area is measured.,0,,RM>OldTown,17636.0,149828.0,2024-01
1375,450.0,9747.0,1910,4,656.0,945.0,RM,NridgHt,110281.0,41.8064,2051.0,190.5441,property inspection is complete and garage area is measured.,0,,RM>NridgHt,9747.0,99253.0,2024-01
1376,2266.0,9066.0,1963,6,756.0,768.0,FV,CollgCr,327905.0,210.5183,3790.0,352.1025,zoning verification is complete and neighborhood information is confirmed.,0,,FV>CollgCr,9066.0,295114.0,2024-01
1377,2402.0,11718.0,1996,6,578.0,1044.0,RM,Somerst,,223.1531,4024.0,373.8418,sale condition was reviewed and valuation status is approved.,0,,RM>Somerst,11718.0,337710.0,2024-01
1378,2022.0,9496.0,1962,3,680.0,1645.0,RM,Somerst,272994.0,187.8499,4347.0,403.8495,zoning verification is complete and neighborhood information is confirmed.,0,,RM>Somerst,9496.0,245695.0,2024-01
1379,1835.0,14474.0,1927,9,492.0,989.0,RM,OldTown,291066.0,170.4771,3316.0,308.0665,sale condition was reviewed and valuation status is approved.,1,verified,RM>OldTown,14474.0,261959.0,2024-01
1380,1317.0,14108.0,1998,8,531.0,1203.0,RM,CollgCr,271879.0,122.3533,3051.0,283.4472,lot area verification is complete because documents are available.,1,verified,RM>CollgCr,14108.0,244691.0,2024-01
1381,747.0,10536.0,1992,9,514.0,1286.0,RL,NAmes,178410.0,69.3986,2547.0,236.624,zoning verification is complete and neighborhood information is confirmed.,1,verified,RL>NAmes,10536.0,160569.0,2024-01
1382,1271.0,8490.0,1999,3,1021.0,914.0,RM,NridgHt,183734.0,118.0798,3206.0,297.8471,sale condition was reviewed and valuation status is approved.,0,,RM>NridgHt,788.75,165361.0,2024-01
1383,1447.0,10148.0,1911,2,461.0,1932.0,RL,OldTown,200587.0,134.4307,3840.0,356.7477,zoning verification is complete and neighborhood information is confirmed.,0,,RL>OldTown,10148.0,180528.0,2024-01
1384,1090.0,13892.0,1924,4,387.0,1148.0,RL,NridgHt,172193.0,101.2643,2625.0,243.8705,sale condition was reviewed and valuation status is approved.,0,,RL>NridgHt,13892.0,154974.0,2024-01
1385,1657.0,13013.0,1983,2,365.0,928.0,FV,Somerst,204425.0,153.9403,2950.0,274.064,zoning verification is complete and neighborhood information is confirmed.,0,,FV>Somerst,13013.0,183982.0,2024-01
1386,1326.0,13570.0,1935,9,739.0,326.0,RL,CollgCr,227908.0,123.1894,2391.0,222.1312,sale condition was reviewed and valuation status is approved.,1,verified,RL>CollgCr,1260.69,205117.0,2024-01
1387,833.0,9793.0,1925,7,382.0,411.0,FV,OldTown,144890.0,77.3882,1626.0,151.0603,lot area verification is complete because documents are available.,0,,FV>OldTown,9793.0,130401.0,2024-01
1388,2149.0,8943.0,1924,9,602.0,1658.0,RL,Somerst,331722.0,199.6486,4409.0,409.6095,lot area verification is complete because documents are available.,1,verified,RL>Somerst,8943.0,298550.0,2024-01
1389,907.0,9650.0,1927,8,375.0,591.0,RH,OldTown,172853.0,84.2631,1873.0,174.0074,sale condition was reviewed and valuation status is approved.,1,verified,RH>OldTown,9650.0,155568.0,2024-01
1390,780.0,12652.0,1997,6,714.0,519.0,FV,Edwards,173034.0,72.4644,2013.0,187.0138,sale condition was reviewed and valuation status is approved.,0,,FV>Edwards,12652.0,155731.0,2024-01
1391,1348.0,12719.0,1891,9,,1117.0,RL,CollgCr,238039.0,125.2333,3083.0,286.4201,sale condition was reviewed and valuation status is approved.,1,verified,RL>CollgCr,12719.0,214235.0,2024-01
1392,1801.0,10315.0,2007,4,575.0,911.0,RM,CollgCr,246783.0,167.3184,3287.0,305.3723,property inspection is complete and garage area is measured.,0,,RM>CollgCr,10315.0,222105.0,2024-01
1393,1861.0,8618.0,1952,2,805.0,1237.0,RH,NAmes,232374.0,172.8926,3903.0,362.6006,sale condition was reviewed and valuation status is aproved.,0,,RH>NAmes,8618.0,209137.0,2024-01
1394,1971.0,21380.0,1948,6,220.0,945.0,FV,OldTown,302848.0,183.1119,3136.0,291.3439,property inspection are complete and garage area is measured.,0,,FV>OldTown,21380.0,272563.0,2024-01
1395,1016.0,,1993,8,851.0,705.0,RM,NAmes,228913.0,94.3895,2572.0,238.9466,sale condition was reviewed and valuation status is approved.,1,verified,RM>NAmes,10749.0,206022.0,2024-01
1396,1737.0,10484.0,2004,9,750.0,273.0,FV,NridgHt,292783.0,161.3726,2760.0,256.4124,sale condition was reviewed and valuation status is approved.,1,verified,FV>NridgHt,10484.0,263505.0,2024-01
1397,1104.0,13684.0,1997,4,678.0,787.0,RL,OldTown,223647.0,102.565,2569.0,238.6679,sale condition was reviewed and valuation status is approved.,0,,RL>OldTown,13684.0,201282.0,2024-01
1398,2047.0,8456.0,1998,4,494.0,119.0,RH,OldTown,288389.0,190.1725,2660.0,247.1221,sale condition was reviewed and valuation status is approved.,0,,RH>OldTown,8456.0,259550.0,2024-01
1399,1075.0,8123.0,1951,5,686.0,149.0,RM,Somerst,174222.0,99.8708,1910.0,177.4448,sale condition was reviewed and valuation status is approved.,0,,RM>Somerst,8123.0,156800.0,2024-01
1400,1689.0,6431.0,1898,7,,1427.0,FV,NridgHt,276898.0,156.9132,3647.0,338.8174,lot area verification is complete because documents are available.,0,,FV>NridgHt,6431.0,249208.0,2024-01
1401,1253.0,13968.0,2006,5,562.0,651.0,RM,NAmes,196202.0,116.4075,2466.0,229.0989,property inspection is complete and garage area is measured.,0,,RM>NAmes,13968.0,176582.0,2024-01
1402,1955.0,18984.0,1900,2,958.0,1015.0,RH,Edwards,251009.0,181.6254,3928.0,364.9231,property inspection is complete and garage area is measured.,0,,RH>Edwards,18984.0,225908.0,2024-01
1403,1156.0,2207.0,1906,8,363.0,930.0,FV,Edwards,222045.0,107.3959,2449.0,227.5195,lot area verification is complete because documents are available.,1,verified,FV>Edwards,2207.0,199840.0,2024-01
1404,1264.0,8732.0,1995,4,307.0,1164.0,RM,NAmes,221130.0,117.4294,2735.0,254.0898,property inspection is complete and garage area is measured.,0,,RM>NAmes,8732.0,199017.0,2024-01
1405,1858.0,9526.0,2002,7,473.0,978.0,RL,CollgCr,293094.0,172.6138,3309.0,307.4162,sale condition was reviewed and valuation status is approved.,0,,RL>CollgCr,884.99,263785.0,2024-01
1406,924.0,14803.0,1905,5,276.0,995.0,RL,Somerst,194631.0,85.8424,2195.0,203.9222,property inspection is complete and garage area is measured.,0,,RL>Somerst,14803.0,175168.0,2024-01
1407,1362.0,7909.0,1941,4,320.0,1006.0,RL,CollgCr,203909.0,126.5339,2688.0,249.7234,zoning verification is complete and neighborhood information is confirmed.,0,,RL>CollgCr,7909.0,183518.0,2024-01
1408,1662.0,6680.0,1997,2,488.0,1422.0,RH,NridgHt,201133.0,154.4049,3572.0,331.8497,property inspection is complete and garage area is measured.,0,,RH>NridgHt,6680.0,181020.0,2024-01
1409,1489.0,14783.0,2001,4,519.0,1405.0,RL,NridgHt,231487.0,138.3326,3413.0,317.0781,property inspection is complete and garage area is measured.,0,,RL>NridgHt,14783.0,208338.0,2024-01
1410,1698.0,6673.0,1986,5,805.0,483.0,RL,OldTown,242827.0,157.7494,2986.0,277.4085,sale condition was reviewed and valuation status is approved.,0,,RL>OldTown,619.94,218544.0,2024-01
1411,1985.0,3239.0,1999,8,324.0,1104.0,RL,OldTown,307593.0,184.4125,3413.0,317.0781,property inspection is complete and garage area is measured.,1,verified,RL>OldTown,3239.0,276834.0,2024-01
1412,1515.0,8402.0,2001,2,546.0,923.0,RM,OldTown,209857.0,140.7481,2984.0,277.2227,zoning verification is complete and neighborhood information is confirmed.,0,,RM>OldTown,8402.0,188871.0,2024-01
1413,1287.0,8052.0,1947,5,156.0,0.0,RL,CollgCr,226274.0,119.5662,1443.0,134.0591,sale condition was reviewed and valuation status is approved.,0,,RL>CollgCr,8052.0,203647.0,2024-01
1414,1688.0,11079.0,1896,8,612.0,1815.0,FV,CollgCr,,156.8203,4115.0,382.296,zoning verification is complete and neighborhood information is confirmed.,1,verified,FV>CollgCr,11079.0,258546.0,2024-01
1415,1629.0,7590.0,1984,6,551.0,512.0,RL,NAmes,239840.0,151.3391,2692.0,250.095,property inspection is complete and garage area is measured.,0,,RL>NAmes,7590.0,215856.0,2024-01
1416,1876.0,9250.0,1916,5,,785.0,FV,Edwards,281465.0,174.2861,2938.0,272.9491,lot area verification is complete because documents are available.,0,,FV>Edwards,9250.0,253318.0,2024-01
1417,1893.0,9656.0,1968,4,531.0,1076.0,FV,NAmes,257192.0,175.8655,3500.0,325.1606,property inspection is complete and garage area is measured.,0,,FV>NAmes,897.07,231473.0,2024-01
1418,1841.0,2684.0,1906,9,346.0,595.0,RH,Somerst,276603.0,171.0345,2782.0,258.4563,property inspection is complete and garage area is measured.,1,verified,RH>Somerst,2684.0,248943.0,2024-01
1419,1478.0,17301.0,1987,8,0.0,1179.0,RM,CollgCr,241334.0,137.3107,2657.0,246.8434,lot area verification is complete because documents are available.,1,verified,RM>CollgCr,17301.0,217201.0,2024-01
1420,908.0,16969.0,1932,3,124.0,1178.0,FV,Edwards,149089.0,84.356,2210.0,205.3157,property inspection is complete and garage area is measured.,0,,FV>Edwards,16969.0,134180.0,2024-01
1421,1084.0,11185.0,1900,8,,1425.0,FV,Somerst,176824.0,100.7069,2606.0,242.1053,lot area verification is complete because documents are available.,1,verified,FV>Somerst,11185.0,159142.0,2024-01
1422,1756.0,2000.0,1998,7,530.0,617.0,FV,OldTown,270197.0,163.1377,2903.0,269.6975,lot area verification is complete because documents are available.,0,,FV>OldTown,185.81,243177.0,2024-01
1423,2060.0,13244.0,1960,7,375.0,1083.0,RH,OldTown,291339.0,191.3803,3518.0,326.8329,zoning verification is complete and neighborhood information is confirmed.,0,,RH>OldTown,13244.0,262205.0,2024-01
1424,1577.0,10344.0,1918,6,486.0,652.0,FV,NAmes,246972.0,146.5081,2715.0,252.2318,lot area verification is complete because documents are available.,0,,FV>NAmes,10344.0,222275.0,2024-01
1425,1478.0,13620.0,1993,7,508.0,524.0,RM,NAmes,241433.0,137.3107,2510.0,233.1866,sale condition was reviewed and valuation status is approved.,0,,RM>NAmes,13620.0,217290.0,2024-01
1426,1437.0,13568.0,1934,2,440.0,435.0,RM,CollgCr,212489.0,133.5017,2312.0,214.7918,sale condition was reviewed and valuation status is approved.,0,,RM>CollgCr,13568.0,191240.0,2024-01
1427,942.0,6228.0,1938,3,424.0,1260.0,FV,CollgCr,161031.0,87.5147,2626.0,243.9634,zoning verification is complete and neighborhood information is confirmed.,0,,FV>CollgCr,6228.0,144928.0,2024-01
1428,1070.0,11147.0,1996,6,638.0,867.0,RH,CollgCr,193148.0,99.4063,2575.0,239.2253,property inspection is complete and garage area is measured.,0,,RH>CollgCr,1035.59,173833.0,2024-01
1429,1467.0,17453.0,1955,4,225.0,1433.0,RL,NridgHt,201381.0,136.2888,3125.0,290.322,lot area verification is complete because documents are available.,0,,RL>NridgHt,17453.0,181243.0,2024-01
1430,1692.0,8864.0,2000,2,485.0,904.0,RH,Somerst,208802.0,157.1919,3081.0,286.2343,sale condition was reviewed and valuation status is approved.,0,,RH>Somerst,8864.0,187922.0,2024-01
1431,1371.0,15313.0,1909,6,,1599.0,RM,Somerst,267229.0,127.3701,3525.0,327.4832,lot area verification is complete because documents are available.,0,,RM>Somerst,15313.0,240506.0,2024-01
1432,1308.0,5029.0,2009,3,554.0,507.0,FV,CollgCr,193049.0,121.5172,2369.0,220.0873,lot area verification is complete because documents are available.,0,,FV>CollgCr,5029.0,173744.0,2024-01
1433,1401.0,14533.0,1955,7,253.0,1003.0,RH,OldTown,216470.0,130.1572,2657.0,246.8434,lot area verification is complete because documents are available.,0,,RH>OldTown,14533.0,194823.0,2024-01
1434,1508.0,2000.0,1987,7,267.0,759.0,RM,NAmes,262216.0,140.0978,2534.0,235.4163,property inspection is complete and garage area is measured.,0,,RM>NAmes,2000.0,235994.0,2024-01
1435,1277.0,9360.0,1991,2,193.0,977.0,RL,NAmes,196154.0,118.6372,2447.0,227.3337,zoning verification is complete and neighborhood information is confirmed.,0,,RL>NAmes,9360.0,176539.0,2024-01
1436,1500.0,3880.0,1920,2,260.0,1026.0,RL,Somerst,221613.0,139.3546,2786.0,258.8279,zoning verification is complete and neighborhood information is confirmed.,0,,RL>Somerst,3880.0,199452.0,2024-01
1437,720.0,16446.0,1951,2,544.0,1372.0,RM,NAmes,139378.0,66.8902,2636.0,244.8924,zoning verification is complete and neighborhood information is confirmed.,0,,RM>NAmes,1527.88,125440.0,2024-01
1438,1357.0,9153.0,1914,3,559.0,206.0,RM,NAmes,192209.0,126.0694,2122.0,197.1403,zoning verification is complete and neighborhood information is confirmed.,0,,RM>NAmes,9153.0,172988.0,2024-01
1439,1330.0,11318.0,1942,7,387.0,673.0,FV,CollgCr,214612.0,123.561,2390.0,222.0383,lot area verification is complete because documents are available.,0,,FV>CollgCr,11318.0,193151.0,2024-01
1440,1080.0,13761.0,1958,4,397.0,1451.0,RL,NAmes,174688.0,100.3353,2928.0,272.0201,lot area verification is complete because documents are available.,0,,RL>NAmes,13761.0,157219.0,2024-01
1441,1789.0,6568.0,2007,9,227.0,895.0,RH,Somerst,266202.0,166.2035,2911.0,270.4407,property inspection is complete and garage area is measured.,1,verified,RH>Somerst,6568.0,239582.0,2024-01
1442,1850.0,15294.0,1908,6,,834.0,FV,Edwards,297672.0,171.8706,3364.0,312.5258,lot area verification is complete because documents are available.,0,,FV>Edwards,15294.0,267905.0,2024-01
1443,957.0,16334.0,2000,7,0.0,356.0,RL,Edwards,216416.0,88.9082,1313.0,121.9817,sale condition was reviewed and valuation status is approved.,0,,RL>Edwards,16334.0,194774.0,2024-01
1444,1054.0,7618.0,1987,9,699.0,717.0,RH,OldTown,252032.0,97.9198,2470.0,229.4705,property inspection is complete and garage area is measured.,1,verified,RH>OldTown,7618.0,226829.0,2024-01
1445,2123.0,11806.0,2006,4,722.0,1396.0,RM,Edwards,261803.0,197.2332,4241.0,394.0018,zoning verification is complete and neighborhood information is confirmed.,0,,RM>Edwards,11806.0,235623.0,2024-01
1446,1306.0,14978.0,1922,3,369.0,2017.0,RH,NridgHt,186682.0,121.3314,3692.0,342.998,property inspection is complete and garage area is measured.,0,,RH>NridgHt,14978.0,168014.0,2024-01
1447,1378.0,10502.0,2000,9,554.0,1242.0,RH,Edwards,264168.0,128.0204,3174.0,294.8742,zoning verification is complete and neighborhood information is confirmed.,1,verified,RH>Edwards,10502.0,237751.0,2024-01
1448,2196.0,15322.0,1892,8,610.0,1363.0,FV,NridgHt,323528.0,204.0151,4169.0,387.3128,property inspection is complete and garage area is measured.,1,verified,FV>NridgHt,15322.0,291175.0,2024-01
1449,1453.0,10940.0,1975,3,450.0,1207.0,RL,Edwards,231767.0,134.9881,3110.0,288.9285,zoning verification is complete and neighborhood information is confirmed.,0,,RL>Edwards,10940.0,208590.0,2024-01
1450,1686.0,8764.0,1973,3,429.0,722.0,RL,NAmes,218104.0,156.6345,2837.0,263.5659,lot area verification is complete because documents are available.,0,,RL>NAmes,8764.0,196294.0,2024-01
1451,1642.0,12714.0,1911,5,591.0,1552.0,RM,NridgHt,244149.0,152.5468,3785.0,351.638,sale condition was reviewed and valuation status is approved.,0,,RM>NridgHt,12714.0,219734.0,2024-01
1452,1865.0,,2009,5,286.0,968.0,RL,NridgHt,243457.0,173.2642,3119.0,289.7646,zoning verification is complete and neighborhood information is confirmed.,0,,RL>NridgHt,8563.0,219111.0,2024-01
1453,1775.0,6477.0,1961,4,404.0,637.0,RM,Edwards,237426.0,164.9029,2816.0,261.615,lot area verification is complete because documents are available.,0,,RM>Edwards,6477.0,213683.0,2024-01
1454,1473.0,12195.0,1916,2,636.0,741.0,FV,CollgCr,202226.0,136.8462,2850.0,264.7737,zoning verification is complete and neighborhood information is confirmed.,0,,FV>CollgCr,12195.0,182003.0,2024-01
1455,1309.0,6268.0,1921,3,555.0,1289.0,RM,CollgCr,173618.0,121.6101,3153.0,292.9233,lot area verification is complete becuase documents are available.,0,,RM>CollgCr,582.32,156256.0,2024-01
1456,2182.0,12426.0,1940,9,455.0,1542.0,RL,Somerst,323986.0,202.7144,4179.0,388.2418,lot area verification is complete because documents are available.,1,verified,RL>Somerst,12426.0,291587.0,2024-01
1457,1495.0,11901.0,1906,5,,885.0,FV,Edwards,237240.0,138.89,2965.0,275.4575,sale condition was reviewed and valuation status is approved.,0,,FV>Edwards,11901.0,213516.0,2024-01
1458,1734.0,10270.0,1981,2,342.0,1100.0,RM,Edwards,246412.0,161.0939,3176.0,295.0601,sale condition was reviewed and valuation status is approved.,0,,RM>Edwards,10270.0,221771.0,2024-01
1459,2213.0,8769.0,2007,9,454.0,620.0,RM,Edwards,326838.0,205.5944,3287.0,305.3723,lot area verification is complete because documents are available.,1,verified,RM>Edwards,8769.0,294154.0,2024-01
1460,1857.0,10369.0,1939,5,761.0,1109.0,RL,NAmes,262271.0,172.5209,3727.0,346.2496,zoning verification is complete and neighborhood information is confirmed.,0,,RL>NAmes,10369.0,236044.0,2024-01
1461,2189.0,3448.0,2009,9,934.0,1321.0,RM,Edwards,,203.3648,4444.0,412.8611,zoning verification is complete and neighborhood information is confirmed.,1,verified,RM>Edwards,3448.0,288986.0,2024-01
1462,722.0,14343.0,1939,7,411.0,685.0,FV,CollgCr,185429.0,67.076,1818.0,168.8977,sale condition was reviewed and valuation stauts are approved.,0,,FV>CollgCr,1332.51,166886.0,2024-01
1463,1368.0,3015.0,1910,9,673.0,1460.0,RL,Edwards,239591.0,127.0914,3501.0,325.2535,sale condition was reviewed and valuation status is approved.,1,verified,RL>Edwards,3015.0,215632.0,2024-01
1464,866.0,7102.0,1892,6,304.0,573.0,RL,CollgCr,147702.0,80.454,1743.0,161.93,zoning verification is complete and neighborhood information is confirmed.,0,,RL>CollgCr,659.8,132932.0,2024-01
1465,1324.0,10891.0,1925,8,462.0,1407.0,RH,CollgCr,244681.0,123.0036,3193.0,296.6394,property inspection is complete and garage area is measured.,1,verified,RH>CollgCr,10891.0,220213.0,2024-01
1466,1908.0,10264.0,1910,5,404.0,1645.0,RM,NAmes,235286.0,177.259,3957.0,367.6173,property inspection are complete and garage area is measured.,0,,RM>NAmes,10264.0,211757.0,2024-01
1467,1670.0,12623.0,1949,8,351.0,1042.0,RM,Somerst,295730.0,155.1481,3063.0,284.562,property inspection is complete and garage area is measured.,1,verified,RM>Somerst,1172.71,266157.0,2024-01
1468,1385.0,8992.0,1896,2,,1125.0,RH,CollgCr,183730.0,128.6707,3167.0,294.2239,property inspection is complete and garage area is measured.,0,,RH>CollgCr,835.38,165357.0,2024-01
1469,1508.0,12808.0,2006,6,442.0,1258.0,RM,CollgCr,247755.0,140.0978,3208.0,298.033,zoning verification is complete and neighborhood information is confirmed.,0,,RM>CollgCr,12808.0,222980.0,2024-01
1470,1819.0,15320.0,1917,7,557.0,1334.0,FV,Edwards,291353.0,168.9906,3710.0,344.6703,zoning verification is complete and neighborhood information is confirmed.,0,,FV>Edwards,1423.27,262218.0,2024-01
1471,1646.0,8377.0,1977,5,849.0,1130.0,RM,Somerst,226657.0,152.9184,3625.0,336.7735,zoning verification is complete and neighborhood information is confirmed.,0,,RM>Somerst,8377.0,203991.0,2024-01
1472,1475.0,11659.0,1989,4,359.0,1279.0,RM,OldTown,223785.0,137.032,3113.0,289.2072,lot area verification is complete because documents are available.,0,,RM>OldTown,11659.0,201406.0,2024-01
1473,2089.0,15468.0,1915,8,,1465.0,RL,Edwards,,194.0745,4163.0,386.7554,property inspection are complete and garage area is measured.,1,verified,RL>Edwards,1437.02,284334.0,2024-01
1474,2352.0,11447.0,1954,4,352.0,1259.0,RL,OldTown,292133.0,218.508,3963.0,368.1747,zoning verification is complete and neighborhood information is confirmed.,0,,RL>OldTown,11447.0,262920.0,2024-01
1475,786.0,6955.0,1940,4,439.0,690.0,RH,Edwards,118487.0,73.0218,1915.0,177.9093,lot area verification is complete because documents are available.,0,,RH>Edwards,646.14,106638.0,2024-01
1476,1745.0,9056.0,2097,3,703.0,1363.0,RM,OldTown,254122.0,162.1158,3811.0,354.0535,property inspection is complete and garage area is measured.,0,,RM>OldTown,9056.0,228710.0,2024-01
1477,2097.0,3980.0,1929,8,430.0,1066.0,RL,Edwards,334889.0,194.8177,3593.0,333.8006,property inspection is complete and garage area is measured.,1,verified,RL>Edwards,3980.0,301400.0,2024-01
1478,1590.0,7747.0,1939,6,466.0,1506.0,RL,CollgCr,249727.0,147.7158,3562.0,330.9206,sale condition was reviewed and valuation status is approved.,0,,RL>CollgCr,7747.0,224754.0,2024-01
1479,934.0,7847.0,1952,9,519.0,1012.0,RL,NAmes,183100.0,86.7714,2465.0,229.006,lot area verification is complete because documents are available.,1,verified,RL>NAmes,7847.0,164790.0,2024-01
1480,1470.0,14384.0,1940,4,327.0,659.0,RM,Somerst,223699.0,136.5675,2456.0,228.1699,property inspection is complete and garage area is measured.,0,,RM>Somerst,1336.32,201329.0,2024-01
1481,1614.0,11821.0,1990,3,322.0,749.0,FV,CollgCr,204723.0,149.9455,2685.0,249.4447,property inspection is complete and garage area is measured.,0,,FV>CollgCr,11821.0,184251.0,2024-01
1482,450.0,14785.0,1968,5,684.0,1097.0,RL,OldTown,122928.0,41.8064,2231.0,207.2667,sale condition was reviewed and valuation status is approved.,0,,RL>OldTown,14785.0,110635.0,2024-01
1483,1525.0,10812.0,1915,9,682.0,1145.0,FV,NridgHt,255986.0,141.6771,3352.0,311.411,zoning verification is complete and neighborhood information is confirmed.,1,verified,FV>NridgHt,10812.0,230387.0,2024-01
1484,1871.0,5286.0,1903,6,,639.0,RM,NAmes,,173.8216,3228.0,299.891,sale condition was reviewed and valuation status is approved.,0,,RM>NAmes,5286.0,253138.0,2024-01
1485,2446.0,13116.0,1962,3,346.0,1586.0,RM,Edwards,,227.2408,4378.0,406.7295,property inspection is complete and garage area is measured.,0,,RM>Edwards,13116.0,271664.0,2024-01
1486,1155.0,11273.0,2010,2,556.0,1518.0,RL,CollgCr,169924.0,107.303,3229.0,299.9839,zoning verification is complete and neighborhood information is confirmed.,0,,RL>CollgCr,11273.0,152932.0,2024-01
1487,1154.0,12163.0,1957,5,791.0,936.0,RM,CollgCr,214481.0,107.2101,2881.0,267.6537,zoning verification is complete and neighborhood information is confirmed.,0,,RM>CollgCr,1129.98,193033.0,2024-01
1488,1078.0,13345.0,1983,6,677.0,1092.0,FV,CollgCr,190691.0,100.1495,2847.0,264.495,property inspection is complete and garage area is measured.,0,,FV>CollgCr,13345.0,171622.0,2024-01
1489,1373.0,,1943,3,311.0,1610.0,FV,OldTown,188524.0,127.5559,3294.0,306.0226,sale condition was reviewed and valuation status is approved.,0,,FV>OldTown,11564.0,169672.0,2024-01
1490,1791.0,14232.0,1943,5,537.0,1141.0,RL,OldTown,241753.0,166.3893,3469.0,322.2806,property inspection is complete and garage area is measured.,0,,RL>OldTown,1322.2,217578.0,2024-01
1491,2128.0,10319.0,1991,3,193.0,496.0,RH,Somerst,242385.0,197.6977,2817.0,261.7079,zoning verification are complete and neighborhood infromation is confirmed.,0,,RH>Somerst,10319.0,218146.0,2024-01
1492,1521.0,8431.0,1931,7,574.0,777.0,RH,NAmes,238066.0,141.3055,2872.0,266.8175,property inspection is complete and garage area is measured.,0,,RH>NAmes,8431.0,214259.0,2024-01
1493,2252.0,7025.0,1923,9,653.0,684.0,RM,Edwards,,209.2176,3589.0,333.429,zoning verification is complete and neighborhood information is confirmed.,1,verified,RM>Edwards,7025.0,279374.0,2024-01
1494,2499.0,9139.0,1953,3,555.0,685.0,RL,NridgHt,,232.1647,3739.0,347.3645,zoning verification is complete and neighborhood information is confirmed.,0,,RL>NridgHt,9139.0,268831.0,2024-01
1495,1551.0,10310.0,1964,7,380.0,1312.0,RL,NAmes,255986.0,144.0926,3243.0,301.2846,lot area verification is complete because documents are available.,0,,RL>NAmes,10310.0,230387.0,2024-01
1496,1845.0,13730.0,1960,9,373.0,886.0,RH,Edwards,,171.4061,3104.0,288.371,zoning verification is complete and neighborhood information is confirmed.,1,verified,RH>Edwards,1275.56,274116.0,2024-01
1497,1163.0,8900.0,1947,3,695.0,1054.0,FV,OldTown,179758.0,108.0462,2912.0,270.5337,sale condition was reviewed and valuation status is approved.,0,,FV>OldTown,8900.0,161782.0,2024-01
1498,2239.0,3122.0,2001,6,332.0,722.0,RM,NAmes,289018.0,208.0099,3293.0,305.9297,lot area verification is complete because documents are available.,0,,RM>NAmes,290.04,260116.0,2024-01
1499,1571.0,6190.0,1945,9,600.0,624.0,RM,Edwards,261896.0,145.9507,2795.0,259.664,sale condition was reviewed and valuation status is approved.,1,verified,RM>Edwards,6190.0,235706.0,2024-01
1500,1644.0,13304.0,1999,2,831.0,827.0,RL,CollgCr,248257.0,152.7326,3302.0,306.7658,zoning verification is complete and neighborhood information is confirmed.,0,,RL>CollgCr,1235.98,223431.0,2024-01
1501,1759.0,3428.0,1958,4,559.0,753.0,FV,Edwards,255622.0,163.4164,3071.0,285.3052,zoning verification is complete and neighborhood information is confirmed.,0,,FV>Edwards,318.47,230060.0,2024-01
1502,2021.0,11203.0,1999,6,355.0,893.0,RH,Edwards,280307.0,187.757,3269.0,303.7,sale condition was reviewed and valuation status is approved.,0,,RH>Edwards,11203.0,252276.0,2024-01
1503,1840.0,10739.0,1944,3,622.0,863.0,RH,CollgCr,,170.9416,3325.0,308.9026,property inspection is complete and garage area is measured.,0,,RH>CollgCr,10739.0,257615.0,2024-01
1504,1233.0,8363.0,1893,6,86.0,1471.0,FV,Edwards,200147.0,114.5494,2790.0,259.1995,sale condition was reviewed and valuation status is approved.,0,,FV>Edwards,8363.0,180132.0,2024-01
1505,1239.0,7769.0,2075,2,481.0,1166.0,FV,CollgCr,190225.0,115.1069,2886.0,268.1182,property inspection is complete and garage area is measured.,0,,FV>CollgCr,7769.0,171202.0,2024-01
1506,1013.0,20684.0,2004,4,295.0,1299.0,RL,Edwards,186034.0,94.1108,2607.0,242.1982,lot area verification is complete because documents are available.,0,,RL>Edwards,20684.0,167431.0,2024-01
1507,1183.0,,1902,4,423.0,980.0,RH,Edwards,162216.0,109.9043,2586.0,240.2473,property inspection is complete and garage area is measured.,0,,RH>Edwards,13121.0,145994.0,2024-01
1508,2177.0,4809.0,1923,7,59.0,936.0,FV,Somerst,276841.0,202.2499,3172.0,294.6884,zoning verification is complete and neighborhood information is confirmed.,0,,FV>Somerst,446.77,249157.0,2024-01
1509,1771.0,14301.0,1922,2,670.0,881.0,RL,Edwards,254428.0,164.5313,3322.0,308.6239,sale condition was reviewed and valuation status is approved.,0,,RL>Edwards,14301.0,228985.0,2024-01
1510,1368.0,7313.0,1900,5,207.0,828.0,RH,Edwards,196563.0,127.0914,2403.0,223.246,property inspection is complete and garage area is measured.,0,,RH>Edwards,7313.0,176907.0,2024-01
1511,1668.0,0.0,1976,2,477.0,2.0,FV,OldTown,223733.0,154.9623,2147.0,199.4628,zoning verification is complete and neighborhood information is confirmed.,0,,FV>OldTown,10221.0,201360.0,2024-01
1512,2566.0,12830.0,1970,4,542.0,1430.0,FV,OldTown,,238.3892,4538.0,421.594,sale condition was reviewed and valuation status is approved.,0,,FV>OldTown,12830.0,286675.0,2024-01
1513,1203.0,11798.0,1989,4,602.0,1431.0,RH,Somerst,210018.0,111.7624,3236.0,300.6342,property inspection is complete and garage area is measured.,0,,RH>Somerst,11798.0,189016.0,2024-01
1514,1741.0,12613.0,1965,5,264.0,1134.0,RL,CollgCr,214082.0,161.7442,3139.0,291.6226,property inspection is complete and garage area is measured.,0,,RL>CollgCr,12613.0,192674.0,2024-01
1515,1443.0,10354.0,1921,9,430.0,1009.0,RL,NridgHt,264042.0,134.0591,2882.0,267.7466,zoning verification is complete and neighborhood information is confirmed.,1,verified,RL>NridgHt,10354.0,237638.0,2024-01
1516,2136.0,8140.0,2003,8,456.0,1060.0,RL,NridgHt,313703.0,198.4409,3652.0,339.2819,sale condition was reviewed and valuation status is approved.,1,verified,RL>NridgHt,8140.0,282333.0,2024-01
1517,666.0,8385.0,1904,4,461.0,1489.0,RL,Edwards,128307.0,61.8734,2616.0,243.0344,lot area verification is complete because documents are available.,0,,RL>Edwards,8385.0,115476.0,2024-01
1518,787.0,11189.0,1967,4,487.0,459.0,FV,Edwards,146846.0,73.1147,1733.0,161.001,zoning verification is complete and neighborhood information is confirmed.,0,,FV>Edwards,11189.0,132161.0,2024-01
1519,1515.0,6952.0,1895,4,672.0,1277.0,FV,CollgCr,247963.0,140.7481,3464.0,321.8161,sale condition was reviewed and valuation status is approved.,0,,FV>CollgCr,6952.0,223167.0,2024-01
1520,1743.0,12653.0,1894,6,344.0,972.0,RL,OldTown,,161.93,3059.0,284.1904,lot area verification is complete because documents are available.,0,,RL>OldTown,12653.0,248872.0,2024-01
1521,1663.0,4137.0,1894,6,,964.0,RL,Somerst,270506.0,154.4978,2938.0,272.9491,lot area verification is complete because documents are available.,0,,RL>Somerst,4137.0,243455.0,2024-01
1522,2173.0,11876.0,1911,2,708.0,541.0,FV,NridgHt,264964.0,201.8783,3422.0,317.9142,sale condition was reviewed and valuation status is approved.,0,,FV>NridgHt,11876.0,238468.0,2024-01
1523,1692.0,8668.0,1966,3,778.0,1276.0,RM,Edwards,224656.0,157.1919,3746.0,348.0148,property inspection is complete and garage area is measured.,0,,RM>Edwards,8668.0,202190.0,2024-01
1524,750.0,17197.0,1985,4,797.0,166.0,FV,Somerst,121611.0,69.6773,1713.0,159.1429,sale condition was reviewed and valuation status is approved.,0,,FV>Somerst,17197.0,109450.0,2024-01
1525,1306.0,18857.0,1914,3,444.0,960.0,RH,Edwards,172237.0,121.3314,2710.0,251.7672,lot area verification is complete because documents are available.,0,,RH>Edwards,18857.0,155013.0,2024-01
1526,1029.0,12089.0,1967,3,444.0,902.0,FV,NAmes,170926.0,95.5972,2375.0,220.6447,zoning verification is complete and neighborhood information is confirmed.,0,,FV>NAmes,1123.1,153833.0,2024-01
1527,548.0,5201.0,1928,9,329.0,1552.0,RH,Somerst,187081.0,50.9109,2429.0,225.6615,sale condition was reviewed and valuation status is approved.,1,verified,RH>Somerst,5201.0,168373.0,2024-01
1528,1304.0,11348.0,1903,4,355.0,1188.0,RM,Somerst,185638.0,121.1456,2847.0,264.495,property inspection is complete and garage area is measured.,0,,RM>Somerst,1054.26,167074.0,2024-01
1529,1103.0,13328.0,1917,7,,977.0,RL,Edwards,184700.0,102.4721,2480.0,230.3995,lot area verification is complete because documents are available.,0,,RL>Edwards,13328.0,166230.0,2024-01
1530,1313.0,9585.0,1991,7,546.0,248.0,RM,CollgCr,246232.0,121.9817,2107.0,195.7467,sale condition was reviewed and valuation status is approved.,0,,RM>CollgCr,9585.0,221609.0,2024-01
1531,1511.0,16779.0,1894,7,402.0,573.0,FV,NAmes,250281.0,140.3765,2486.0,230.957,property inspection is complete and garage area is measured.,0,,FV>NAmes,1558.82,225253.0,2024-01
1532,2101.0,10350.0,1986,7,293.0,1171.0,RM,Edwards,272062.0,195.1893,3565.0,331.1993,property inspection is complete and garage area is measured.,0,,RM>Edwards,961.55,244856.0,2024-01
1533,1931.0,13310.0,1932,7,181.0,1011.0,FV,NAmes,268733.0,179.3958,3123.0,290.1362,zoning verification is complete and neighborhood information is confirmed.,0,,FV>NAmes,13310.0,241860.0,2024-01
1534,1464.0,14245.0,2003,2,763.0,1135.0,RL,NAmes,243386.0,136.0101,3362.0,312.34,property inspection is complete and garage area is measured.,0,,RL>NAmes,14245.0,219047.0,2024-01
1535,1309.0,2176.0,1938,6,456.0,908.0,RL,Edwards,207700.0,121.6101,2673.0,248.3298,lot area verification are complete because documments are available.,0,,RL>Edwards,202.16,186930.0,2024-01
1536,1389.0,6178.0,1950,8,489.0,482.0,RM,NridgHt,250919.0,129.0423,2360.0,219.2512,lot area verification is complete because documents are available.,1,verified,RM>NridgHt,6178.0,225827.0,2024-01
1537,1442.0,12708.0,1941,4,45.0,1085.0,RL,NridgHt,166364.0,133.9662,2572.0,238.9466,property inspection is complete and garage area is measured.,0,,RL>NridgHt,12708.0,149728.0,2024-01
1538,1408.0,11180.0,1947,7,234.0,1247.0,RH,NAmes,239385.0,130.8075,2889.0,268.3969,zoning verification is complete and neighborhood information is confirmed.,0,,RH>NAmes,11180.0,215446.0,2024-01
1539,2130.0,16291.0,1961,9,567.0,949.0,RL,NridgHt,333973.0,197.8835,3646.0,338.7245,zoning verification is complete and neighborhood information is confirmed.,1,verified,RL>NridgHt,16291.0,300576.0,2024-01
1540,1778.0,12694.0,1928,5,177.0,1144.0,RH,NAmes,213727.0,165.1816,3099.0,287.9065,sale condition were reviewed and valuation stauts is approved.,0,,RH>NAmes,12694.0,192354.0,2024-01
1541,1636.0,17673.0,1930,3,311.0,937.0,RH,Somerst,220432.0,151.9894,2884.0,267.9324,sale condition was reviewed and valuation status is approved.,0,,RH>Somerst,17673.0,198389.0,2024-01
1542,1385.0,9811.0,1975,4,445.0,1136.0,FV,NAmes,201266.0,128.6707,2966.0,275.5504,sale condition was reviewed and valuation status is approved.,0,,FV>NAmes,9811.0,181139.0,2024-01
1543,1089.0,9722.0,2073,2,164.0,797.0,FV,OldTown,153816.0,101.1714,2050.0,190.4512,lot area verification is complete because documents are available.,0,,FV>OldTown,903.2,138434.0,2024-01
1544,1498.0,4145.0,1999,7,608.0,773.0,FV,CollgCr,242409.0,139.1688,2879.0,267.4679,zoning verification is complete and neighborhood information is confirmed.,0,,FV>CollgCr,4145.0,218168.0,2024-01
1545,1456.0,6621.0,1958,5,448.0,1291.0,RM,OldTown,197821.0,135.2668,3195.0,296.8252,sale condition was reviewed and valuation status is approved.,0,,RM>OldTown,6621.0,178039.0,2024-01
1546,1930.0,12847.0,1904,5,,446.0,RL,Edwards,283817.0,179.3029,2749.0,255.3905,lot area verification is complete because documents are available.,0,,RL>Edwards,12847.0,255435.0,2024-01
1547,1669.0,8474.0,1975,9,461.0,705.0,RL,OldTown,269429.0,155.0552,2835.0,263.3801,lot area verification is complete because documents are available.,1,verified,RL>OldTown,8474.0,242486.0,2024-01
1548,1363.0,11874.0,1909,5,,790.0,RL,Edwards,205454.0,126.6268,2539.0,235.8808,lot area verification is complete because documents are available.,0,,RL>Edwards,11874.0,184909.0,2024-01
1549,934.0,,1965,7,716.0,404.0,RM,OldTown,215051.0,86.7714,2054.0,190.8228,zoning verification is complete and neighborhood information is confirmed.,0,,RM>OldTown,1298.04,193546.0,2024-01
1550,991.0,11273.0,1940,6,624.0,1287.0,RL,NridgHt,208974.0,92.0669,2902.0,269.6046,lot area verification is complete because documents are available.,0,,RL>NridgHt,11273.0,188077.0,2024-01
1551,1164.0,3635.0,1950,9,948.0,1476.0,RL,Edwards,262571.0,108.1391,3588.0,333.3361,zoning verification is complete and neighborhood information is confirmed.,1,verified,RL>Edwards,3635.0,236314.0,2024-01
1552,2064.0,12759.0,1953,3,459.0,1109.0,FV,NridgHt,262967.0,191.7519,3632.0,337.4238,lot area verification is complete because documents are available.,0,,FV>NridgHt,12759.0,236670.0,2024-01
1553,1955.0,6861.0,1938,8,882.0,631.0,FV,OldTown,,181.6254,3468.0,322.1877,property inspection is complete and garage area is measured.,1,verified,FV>OldTown,6861.0,264308.0,2024-01
1554,1216.0,8423.0,1922,7,305.0,743.0,RL,CollgCr,219644.0,112.9701,2264.0,210.3325,lot area verification is complete because documents are available.,0,,RL>CollgCr,8423.0,197680.0,2024-01
1555,1677.0,12134.0,1968,7,695.0,1056.0,RL,Edwards,294368.0,155.7984,3428.0,318.4716,property inspection is complete and garage area is measured.,0,,RL>Edwards,12134.0,264931.0,2024-01
1556,1825.0,14016.0,1902,9,473.0,854.0,RL,Edwards,282945.0,169.548,3152.0,292.8304,lot area verification is complete because documents are available.,1,verified,RL>Edwards,14016.0,254650.0,2024-01
1557,740.0,15390.0,1949,9,487.0,1238.0,RH,NAmes,180538.0,68.7482,2465.0,229.006,sale condition was reviewed and valuation status is approved.,1,verified,RH>NAmes,15390.0,162484.0,2024-01
1558,1367.0,15045.0,1926,2,490.0,819.0,RL,NAmes,187737.0,126.9985,2676.0,248.6085,lot area verification is complete because documents are available.,0,,RL>NAmes,1397.73,168963.0,2024-01
1559,2026.0,10771.0,1990,3,613.0,1270.0,RH,Edwards,,188.2216,3909.0,363.158,sale condition was reviewed and valuation status is approved.,0,,RH>Edwards,10771.0,254992.0,2024-01
1560,2016.0,7654.0,1929,6,478.0,973.0,FV,Edwards,244548.0,187.2925,3467.0,322.0948,zoning verification is complete and neighborhood information is confirmed.,0,,FV>Edwards,7654.0,220093.0,2024-01
1561,2476.0,3435.0,2007,3,74.0,845.0,RH,Edwards,,230.0279,3395.0,315.4058,property inspection is complete and garage area is measured.,0,,RH>Edwards,3435.0,279164.0,2024-01
1562,1571.0,10665.0,1917,3,416.0,1706.0,RL,Edwards,202806.0,145.9507,3693.0,343.0909,sale condition was reviewed and valuation status is approved.,0,,RL>Edwards,10665.0,182525.0,2024-01
1563,2105.0,15971.0,1893,2,447.0,885.0,RH,Somerst,286689.0,195.5609,3437.0,319.3077,property inspection is complete and garage area is measured.,0,,RH>Somerst,15971.0,258020.0,2024-01
1564,2131.0,10994.0,1894,7,,401.0,RM,Somerst,278743.0,197.9764,3021.0,280.6601,zoning verification is complete and neighborhood information is confirmed.,0,,RM>Somerst,10994.0,250869.0,2024-01
1565,1439.0,13817.0,1935,6,634.0,737.0,RM,OldTown,241971.0,133.6875,2810.0,261.0575,sale condition was reviewed and valuation status is approved.,0,,RM>OldTown,1283.64,217774.0,2024-01
1566,2339.0,,1958,8,439.0,799.0,RH,Edwards,,217.3002,3577.0,332.3142,lot area verification is complete because documents are available.,1,verified,RH>Edwards,17441.0,300911.0,2024-01
1567,1704.0,9881.0,1966,9,348.0,487.0,RL,CollgCr,279203.0,158.3068,2539.0,235.8808,lot area verification is complete because documents are available.,1,verified,RL>CollgCr,9881.0,251283.0,2024-01
1568,822.0,3717.0,1989,3,669.0,969.0,RH,NAmes,164628.0,76.3663,2460.0,228.5415,lot area verification is complete because documents are available.,0,,RH>NAmes,3717.0,148165.0,2024-01
1569,1471.0,,1890,5,543.0,695.0,RH,CollgCr,249084.0,136.6604,2709.0,251.6743,lot area verification is complete because documents are available.,0,,RH>CollgCr,13813.0,224176.0,2024-01
1570,1656.0,4381.0,1895,6,471.0,572.0,RM,Edwards,,153.8474,2699.0,250.7453,lot area verification is complete because documents are available.,0,,RM>Edwards,4381.0,258952.0,2024-01
1571,1342.0,6391.0,1926,5,421.0,1065.0,RL,Edwards,238157.0,124.6759,2828.0,262.7298,zoning verification is complete and neighborhood information is confirmed.,0,,RL>Edwards,6391.0,214341.0,2024-01
1572,1277.0,13140.0,1920,8,392.0,1579.0,RM,CollgCr,260005.0,118.6372,3248.0,301.7491,lot area verification is complete because documents are available.,1,verified,RM>CollgCr,1220.75,234004.0,2024-01
1573,1553.0,6874.0,1980,7,330.0,1390.0,FV,OldTown,248191.0,144.2784,3273.0,304.0716,zoning verification is complete and neighborhood information is confirmed.,0,,FV>OldTown,638.62,223372.0,2024-01
1574,1946.0,2000.0,1951,6,246.0,848.0,RM,Somerst,255120.0,180.7893,3040.0,282.4252,lot area verification is complete because documents are available.,0,,RM>Somerst,2000.0,229608.0,2024-01
1575,1204.0,6417.0,1920,3,,1058.0,RH,NAmes,185702.0,111.8553,2848.0,264.5879,property inspection is complete and garage area is measured.,0,,RH>NAmes,6417.0,167132.0,2024-01
1576,1969.0,10959.0,2003,8,571.0,858.0,RL,NridgHt,306412.0,182.9261,3398.0,315.6845,zoning verification is complete and neighborhood information is confirmed.,1,verified,RL>NridgHt,10959.0,275771.0,2024-01
1577,1648.0,11015.0,1948,5,366.0,798.0,RM,Somerst,263421.0,153.1042,2812.0,261.2433,property inspection is complete and garage area is measured.,0,,RM>Somerst,11015.0,237079.0,2024-01
1578,1734.0,10517.0,2006,8,276.0,1038.0,FV,Edwards,258308.0,161.0939,3048.0,283.1685,sale condition was reviewed and valuation status is approved.,1,verified,FV>Edwards,977.06,232477.0,2024-01
1579,1690.0,17489.0,1929,6,342.0,934.0,RM,NAmes,271682.0,157.0061,2966.0,275.5504,lot area verification is complete because documents are available.,0,,RM>NAmes,17489.0,244514.0,2024-01
1580,2120.0,11965.0,1895,6,538.0,1202.0,FV,Somerst,293422.0,196.9544,3860.0,358.6057,lot area verification is complete because documents are available.,0,,FV>Somerst,11965.0,264080.0,2024-01
1581,1850.0,9667.0,2004,6,672.0,959.0,RH,Somerst,272286.0,171.8706,3481.0,323.3955,sale condition was reviewed and valuation status are aproved.,0,,RH>Somerst,898.09,245057.0,2024-01
1582,1603.0,10922.0,1931,9,223.0,897.0,RL,Somerst,273123.0,148.9236,2723.0,252.975,property inspection is complete and garage area is measured.,1,verified,RL>Somerst,1014.69,245811.0,2024-01
1583,1502.0,14808.0,1987,7,591.0,954.0,FV,OldTown,257851.0,139.5404,3047.0,283.0756,zoning verification is complete and neighborhood information is confirmed.,0,,FV>OldTown,14808.0,232066.0,2024-01
1584,1606.0,10688.0,1899,4,741.0,730.0,RM,NAmes,257123.0,149.2023,3077.0,285.8627,property inspection is complete and garage area is measured.,0,,RM>NAmes,10688.0,231411.0,2024-01
1585,954.0,14572.0,1907,2,593.0,1251.0,RM,NAmes,119094.0,88.6295,2798.0,259.9427,lot area verification is complete because documents are available.,0,,RM>NAmes,1353.78,107185.0,2024-01
1586,1888.0,14146.0,1950,3,316.0,1145.0,RL,OldTown,241659.0,175.4009,3349.0,311.1323,sale condition was reviewed and valuation status is approved.,0,,RL>OldTown,1314.21,217493.0,2024-01
1587,869.0,11464.0,1951,7,243.0,1146.0,RM,NAmes,159422.0,80.7327,2258.0,209.7751,property inspection is complete and garage area is measured.,0,,RM>NAmes,1065.04,143480.0,2024-01
1588,1986.0,12868.0,1894,5,425.0,2015.0,RH,NAmes,,184.5054,4426.0,411.1889,sale condition was reviewed and valuation status is approved.,0,,RH>NAmes,12868.0,249015.0,2024-01
1589,1355.0,14691.0,1980,2,734.0,153.0,RH,NridgHt,218870.0,125.8836,2242.0,208.2886,zoning verification is complete and neighborhood information is confirmed.,0,,RH>NridgHt,14691.0,196983.0,2024-01
1590,1160.0,3266.0,1959,8,602.0,1731.0,RL,Somerst,223533.0,107.7675,3493.0,324.5103,sale condition was reviewed and valuation status is approved.,1,verified,RL>Somerst,3266.0,201180.0,2024-01
1591,1758.0,11399.0,1969,4,419.0,1152.0,RL,Edwards,239347.0,163.3235,3329.0,309.2742,zoning verification is complete and neighborhood information is confirmed.,0,,RL>Edwards,11399.0,215412.0,2024-01
1592,2086.0,8250.0,1990,5,694.0,1426.0,RL,CollgCr,,193.7957,4206.0,390.7502,zoning verification are complete and neighborhood infromation is confirmed.,0,,RL>CollgCr,8250.0,257706.0,2024-01
1593,2035.0,14306.0,1909,5,378.0,769.0,RH,Somerst,307826.0,189.0577,3182.0,295.6175,sale condition was reviewed and valuation status is approved.,0,,RH>Somerst,14306.0,277043.0,2024-01
1594,940.0,7100.0,1999,9,376.0,1618.0,RH,OldTown,187140.0,87.3289,2934.0,272.5775,zoning verification is complete and neighborhood information is confirmed.,1,verified,RH>OldTown,7100.0,168426.0,2024-01
1595,2358.0,17921.0,1991,4,415.0,1499.0,RM,Somerst,303746.0,219.0654,4272.0,396.8818,property inspection is complete and garage area is measured.,0,,RM>Somerst,1664.91,273371.0,2024-01
1596,1653.0,14213.0,1901,8,237.0,961.0,RL,Somerst,253893.0,153.5687,2851.0,264.8666,property inspection is complete and garage area is measured.,1,verified,RL>Somerst,14213.0,228504.0,2024-01
1597,1607.0,9885.0,1975,8,321.0,128.0,RH,NridgHt,261211.0,149.2952,2056.0,191.0087,sale condition was reviewed and valuation status is approved.,1,verified,RH>NridgHt,9885.0,235090.0,2024-01
1598,1278.0,11897.0,2005,4,169.0,761.0,RH,NAmes,213478.0,118.7301,2208.0,205.1299,zoning verification is complete and neighborhood information is confirmed.,0,,RH>NAmes,11897.0,192130.0,2024-01
1599,1268.0,16082.0,1900,2,294.0,1057.0,RL,NridgHt,164209.0,117.8011,2619.0,243.3131,property inspection are complete and garage area is measured.,0,,RL>NridgHt,16082.0,147788.0,2024-01
1600,1688.0,11066.0,1988,2,1062.0,749.0,RM,Somerst,227686.0,156.8203,3499.0,325.0677,sale condition was reviewed and valuation status is approved.,0,,RM>Somerst,11066.0,204917.0,2024-01
1601,822.0,6735.0,1982,5,614.0,1729.0,FV,Somerst,140726.0,76.3663,3165.0,294.0381,sale condition was reviewed and valuation status is approved.,0,,FV>Somerst,625.7,126653.0,2024-01
1602,1286.0,4179.0,1899,2,399.0,417.0,RH,OldTown,168910.0,119.4733,2102.0,195.2822,sale condition was reviewed and valuation status is approved.,0,,RH>OldTown,4179.0,152019.0,2024-01
1603,1774.0,11689.0,1995,4,404.0,1385.0,FV,NAmes,221368.0,164.81,3563.0,331.0135,lot area verification is complete because documents are available.,0,,FV>NAmes,11689.0,199231.0,2024-01
1604,1816.0,8398.0,1900,7,291.0,835.0,RL,Somerst,269758.0,168.7119,2942.0,273.3207,zoning verification is complete and neighborhood information is confirmed.,0,,RL>Somerst,8398.0,242782.0,2024-01
1605,1416.0,11644.0,1954,8,693.0,907.0,FV,CollgCr,269640.0,131.5507,3016.0,280.1956,property inspection is complete and garage area is measured.,1,verified,FV>CollgCr,11644.0,242676.0,2024-01
1606,450.0,9717.0,1990,2,324.0,1119.0,RM,NAmes,98068.0,41.8064,1893.0,175.8655,property inspection is complete and garage area is measured.,0,,RM>NAmes,9717.0,88261.0,2024-01
1607,1190.0,14559.0,1917,8,,1104.0,RM,CollgCr,218384.0,110.5546,2775.0,257.8059,zoning verification is complete and neighborhood information is confirmed.,1,verified,RM>CollgCr,14559.0,196546.0,2024-01
1608,2068.0,18165.0,1942,4,416.0,361.0,RH,OldTown,,192.1235,2845.0,264.3091,zoning verification is complete and neighborhood information is confirmed.,0,,RH>OldTown,1687.58,249821.0,2024-01
1609,1218.0,12116.0,1936,8,489.0,823.0,RH,CollgCr,209815.0,113.1559,2530.0,235.0447,lot area verification is complete because documents are available.,1,verified,RH>CollgCr,12116.0,188834.0,2024-01
1610,1313.0,13689.0,1946,3,215.0,852.0,RM,NridgHt,172503.0,121.9817,2380.0,221.1092,property inspection is complete and garage area is measured.,0,,RM>NridgHt,13689.0,155253.0,2024-01
1611,1612.0,15065.0,1910,9,524.0,1029.0,FV,NridgHt,278061.0,149.7597,3165.0,294.0381,lot area verification is complete because documents are available.,1,verified,FV>NridgHt,15065.0,250255.0,2024-01
1612,1109.0,13487.0,1963,4,238.0,728.0,RH,NridgHt,218408.0,103.0295,2075.0,192.7738,lot area verification is complete because documents are available.,0,,RH>NridgHt,13487.0,196567.0,2024-01
1613,1083.0,0.0,1903,7,464.0,452.0,RH,OldTown,209644.0,100.614,1999.0,185.7132,zoning verification is complete and neighborhood information is confirmed.,0,,RH>OldTown,16288.0,188680.0,2024-01
1614,1339.0,6334.0,1982,9,720.0,997.0,RM,OldTown,266197.0,124.3972,3056.0,283.9117,zoning verfication is complete and neighborhood information is confirmed.,1,verified,RM>OldTown,6334.0,239577.0,2024-01
1615,1553.0,12939.0,1958,4,585.0,1139.0,FV,OldTown,227325.0,144.2784,3277.0,304.4433,zoning verification is complete and neighborhood information is confirmed.,0,,FV>OldTown,12939.0,204592.0,2024-01
1616,1208.0,16377.0,1945,5,489.0,1028.0,RM,NAmes,230146.0,112.2269,2725.0,253.1608,lot area verification is complete because documents are available.,0,,RM>NAmes,1521.47,207131.0,2024-01
1617,1600.0,2202.0,1913,9,105.0,1104.0,RH,Edwards,261676.0,148.6449,2809.0,260.9646,lot area verification is complete because documents are available.,1,verified,RH>Edwards,2202.0,235508.0,2024-01
1618,1927.0,10986.0,2010,7,781.0,472.0,RL,Somerst,298466.0,179.0242,3180.0,295.4317,sale condition was reviewed and valuation status is approved.,0,,RL>Somerst,10986.0,268619.0,2024-01
1619,2314.0,8570.0,1998,7,674.0,992.0,RL,NridgHt,350000.0,214.9776,3980.0,369.7541,lot area verification is complete because documents are available.,0,,RL>NridgHt,796.18,315000.0,2024-01
1620,1231.0,6185.0,1994,9,404.0,1453.0,RH,NridgHt,206658.0,114.3636,3088.0,286.8846,lot area verification is complete because documents are available.,1,verified,RH>NridgHt,6185.0,185992.0,2024-01
1621,1844.0,9028.0,1968,9,580.0,992.0,FV,CollgCr,318745.0,171.3132,3416.0,317.3568,property inspection is complete and garage area is measured.,1,verified,FV>CollgCr,9028.0,286870.0,2024-01
1622,1437.0,7136.0,1902,2,743.0,842.0,RH,Edwards,213218.0,133.5017,3022.0,280.753,zoning verification is complete and neighborhood information is confirmed.,0,,RH>Edwards,7136.0,191896.0,2024-01
1623,1919.0,5331.0,1953,9,544.0,864.0,FV,OldTown,307389.0,178.2809,3327.0,309.0884,property inspection is complete and garage area is measured.,1,verified,FV>OldTown,5331.0,276650.0,2024-01
1624,1238.0,10803.0,1944,6,562.0,740.0,RM,Somerst,223514.0,115.014,2540.0,235.9737,zoning verification is complete and neighborhood information is confirmed.,0,,RM>Somerst,10803.0,201163.0,2024-01
1625,2404.0,12958.0,1957,7,511.0,778.0,FV,Edwards,340112.0,223.3389,3693.0,343.0909,property inspection is complete and garage area is measured.,0,,FV>Edwards,12958.0,306101.0,2024-01
1626,1263.0,15583.0,1895,9,416.0,775.0,FV,Somerst,222292.0,117.3365,2454.0,227.9841,zoning verification is complete and neighborhood information is confirmed.,1,verified,FV>Somerst,1447.71,200063.0,2024-01
1627,1514.0,12910.0,1937,2,331.0,999.0,RH,Edwards,159377.0,140.6552,2844.0,264.2162,property inspection is complete and garage area is measured.,0,,RH>Edwards,1199.38,143439.0,2024-01
1628,1232.0,9194.0,1927,2,487.0,1205.0,RH,Somerst,182432.0,114.4565,2924.0,271.6485,sale condition was reviewed and valuation status is approved.,0,,RH>Somerst,9194.0,164189.0,2024-01
1629,695.0,15269.0,1989,6,424.0,712.0,FV,NAmes,192451.0,64.5676,1831.0,170.1055,zoning verification is complete and neighborhood information is confirmed.,0,,FV>NAmes,15269.0,173206.0,2024-01
1630,1198.0,10567.0,1904,2,,1262.0,RM,NridgHt,184263.0,111.2978,3239.0,300.9129,zoning verification is complete and neighborhood information is confirmed.,0,,RM>NridgHt,10567.0,165837.0,2024-01
1631,954.0,8187.0,2004,8,427.0,1056.0,FV,OldTown,171483.0,88.6295,2437.0,226.4047,property inspection is complete and garage area is measured.,1,verified,FV>OldTown,760.6,154335.0,2024-01
1632,1691.0,,1904,4,,1192.0,FV,OldTown,230710.0,157.099,3744.0,347.829,lot area verification is complete because documents are available.,0,,FV>OldTown,14108.0,207639.0,2024-01
1633,1515.0,16499.0,1907,7,263.0,699.0,RM,CollgCr,247097.0,140.7481,2477.0,230.1208,lot area verification is complete because documents are available.,0,,RM>CollgCr,16499.0,222387.0,2024-01
1634,1334.0,7193.0,1944,3,825.0,911.0,FV,Somerst,233385.0,123.9327,3070.0,285.2123,property inspection is complete and garage area is measured.,0,,FV>Somerst,668.25,210046.0,2024-01
1635,2024.0,8145.0,1972,6,656.0,901.0,FV,OldTown,290148.0,188.0358,3581.0,332.6858,property inspection is complete and garage area is measured.,0,,FV>OldTown,8145.0,261133.0,2024-01
1636,1358.0,15128.0,1916,7,,817.0,RM,CollgCr,233480.0,126.1623,2289.0,212.6551,property inspection is complete and garage area is measured.,0,,RM>CollgCr,15128.0,210132.0,2024-01
1637,1914.0,13588.0,1952,6,344.0,514.0,RM,CollgCr,265048.0,177.8164,2772.0,257.5272,zoning verification is complete and neighborhood information is confirmed.,0,,RM>CollgCr,13588.0,238543.0,2024-01
1638,1894.0,12914.0,1917,3,,1403.0,RM,NridgHt,236371.0,175.9584,3635.0,337.7026,zoning verification is complete and neighborhood information is confirmed.,0,,RM>NridgHt,12914.0,212734.0,2024-01
1639,1600.0,15642.0,1994,5,273.0,692.0,FV,Somerst,219164.0,148.6449,2565.0,238.2963,lot area verification is complete because documents are available.,0,,FV>Somerst,15642.0,197248.0,2024-01
1640,564.0,16388.0,1909,3,,795.0,RL,Somerst,156508.0,52.3973,1979.0,183.8551,sale condition was reviewed and valuation status is approved.,0,,RL>Somerst,16388.0,140857.0,2024-01
1641,1313.0,11130.0,1952,5,496.0,767.0,FV,CollgCr,215462.0,121.9817,2576.0,239.3182,sale condition was reviewed and valuation status is approved.,0,,FV>CollgCr,11130.0,193916.0,2024-01
1642,1082.0,19176.0,1989,5,522.0,1056.0,RM,CollgCr,207157.0,100.5211,2660.0,247.1221,lot area verification is complete because documents are available.,0,,RM>CollgCr,19176.0,186441.0,2024-01
1643,1775.0,20164.0,1897,3,0.0,1122.0,RH,Edwards,205105.0,164.9029,2897.0,269.1401,lot area verification is complete because documents are available.,0,,RH>Edwards,20164.0,184594.0,2024-01
1644,1484.0,9660.0,1899,8,289.0,590.0,FV,NridgHt,236974.0,137.8681,2363.0,219.5299,property inspection is complete and garage area is measured.,1,verified,FV>NridgHt,897.44,213277.0,2024-01
1645,1652.0,12825.0,1955,6,426.0,798.0,RM,Edwards,239762.0,153.4758,2876.0,267.1891,sale condition was reviewed and valuation status is approved.,0,,RM>Edwards,12825.0,215786.0,2024-01
1646,1192.0,8169.0,1924,3,974.0,817.0,RH,NAmes,201283.0,110.7404,2983.0,277.1298,property inspection is complete and garage area is measured.,0,,RH>NAmes,758.92,181155.0,2024-01
1647,1700.0,13885.0,1934,3,438.0,1413.0,RL,NridgHt,217213.0,157.9352,3551.0,329.8987,lot area verification is complete because documents are available.,0,,RL>NridgHt,13885.0,195492.0,2024-01
1648,1845.0,5737.0,2001,3,438.0,1189.0,RL,Edwards,214342.0,171.4061,3472.0,322.5594,sale condition was reviewed and valuation status is approved.,0,,RL>Edwards,5737.0,192908.0,2024-01
1649,2451.0,7158.0,1940,2,498.0,897.0,RH,NridgHt,,227.7054,3846.0,357.3051,sale condition was reviewed and valuation status is approved.,0,,RH>NridgHt,7158.0,278097.0,2024-01
1650,1985.0,11154.0,1931,8,761.0,1628.0,RH,CollgCr,,184.4125,4374.0,406.3579,lot area verification are complete because documments are available.,1,verified,RH>CollgCr,11154.0,268744.0,2024-01
1651,1394.0,12728.0,1970,4,632.0,1239.0,FV,CollgCr,235751.0,129.5068,3265.0,303.3284,zoning verification is complete and neighborhood information is confirmed.,0,,FV>CollgCr,12728.0,212176.0,2024-01
1652,2067.0,8042.0,1902,8,,382.0,RL,NridgHt,,192.0306,3107.0,288.6497,property inspection is complete and garage area is measured.,1,verified,RL>NridgHt,8042.0,271697.0,2024-01
1653,1831.0,4350.0,1899,8,566.0,321.0,RH,Edwards,291039.0,170.1055,2718.0,252.5105,zoning verification is complete and neighborhood information is confirmed.,1,verified,RH>Edwards,4350.0,261935.0,2024-01
1654,1173.0,15011.0,2010,4,305.0,1056.0,RL,Somerst,190935.0,108.9753,2534.0,235.4163,zoning verfication are complete and neighborhood information is confirmed.,0,,RL>Somerst,15011.0,171842.0,2024-01
1655,1963.0,9091.0,1912,9,783.0,1374.0,FV,Somerst,,182.3687,4120.0,382.7605,property inspection is complete and garage area is measured.,1,verified,FV>Somerst,9091.0,281433.0,2024-01
1656,1565.0,11513.0,1912,5,36.0,461.0,RL,Edwards,195439.0,145.3933,2062.0,191.5661,lot area verification is complete because documents are available.,0,,RL>Edwards,11513.0,175895.0,2024-01
1657,1499.0,9904.0,1920,5,608.0,1547.0,RH,Somerst,223548.0,139.2617,3654.0,339.4677,property inspection are complete and garage area is measured.,0,,RH>Somerst,9904.0,201193.0,2024-01
1658,1910.0,15691.0,1935,5,128.0,826.0,RL,NridgHt,270928.0,177.4448,2864.0,266.0743,property inspection is complete and garage area is measured.,0,,RL>NridgHt,15691.0,243835.0,2024-01
1659,1174.0,6291.0,1996,6,798.0,1071.0,RM,NridgHt,196664.0,109.0682,3043.0,282.704,sale condition was reviewed and valuation status is approved.,0,,RM>NridgHt,6291.0,176998.0,2024-01
1660,646.0,12447.0,1892,3,,1052.0,RM,NAmes,127281.0,60.0154,2109.0,195.9325,zoning verification is complete and neighborhood information is confirmed.,0,,RM>NAmes,12447.0,114553.0,2024-01
1661,1152.0,18013.0,1908,2,,245.0,FV,Somerst,179471.0,107.0243,1686.0,156.6345,lot area verification is complete because documents are available.,0,,FV>Somerst,18013.0,161524.0,2024-01
1662,1478.0,9671.0,1896,6,,1350.0,RM,Somerst,242649.0,137.3107,3402.0,316.0561,zoning verification are complete and neighborhood infromation is confirmed.,0,,RM>Somerst,9671.0,218384.0,2024-01
1663,1290.0,10196.0,1932,5,206.0,349.0,RH,Edwards,211901.0,119.8449,1845.0,171.4061,property inspection is complete and garage area is measured.,0,,RH>Edwards,10196.0,190711.0,2024-01
1664,1888.0,9741.0,1898,6,483.0,285.0,RH,OldTown,275354.0,175.4009,2656.0,246.7505,sale condition was reviewed and valuation status is approved.,0,,RH>OldTown,9741.0,247819.0,2024-01
1665,1875.0,8014.0,1958,2,531.0,922.0,RH,CollgCr,199036.0,174.1932,3328.0,309.1813,property inspection is complete and garage area is measured.,0,,RH>CollgCr,8014.0,179132.0,2024-01
1666,1386.0,8405.0,1987,3,443.0,343.0,RL,Somerst,189352.0,128.7636,2172.0,201.7854,sale condition was reviewed and valuation status is approved.,0,,RL>Somerst,8405.0,170417.0,2024-01
1667,1827.0,12538.0,2071,2,559.0,1040.0,RH,OldTown,208621.0,169.7339,3426.0,318.2858,lot area verification is complete because documents are available.,0,,RH>OldTown,12538.0,187759.0,2024-01
1668,1318.0,11882.0,1963,3,562.0,585.0,RH,NridgHt,196175.0,122.4462,2465.0,229.006,sale condition was reviewed and valuation status is approved.,0,,RH>NridgHt,11882.0,176558.0,2024-01
1669,2140.0,10649.0,1992,5,502.0,618.0,FV,CollgCr,301915.0,198.8125,3260.0,302.8639,lot area verification is complete because documents are available.,0,,FV>CollgCr,10649.0,271724.0,2024-01
1670,2311.0,6219.0,1959,7,755.0,1182.0,FV,NAmes,348431.0,214.6989,4248.0,394.6521,lot area verification is complete because documents are available.,0,,FV>NAmes,6219.0,313588.0,2024-01
1671,1281.0,4658.0,1901,4,275.0,1228.0,RH,NridgHt,204520.0,119.0088,2784.0,258.6421,property inspection is complete and garage area is measured.,0,,RH>NridgHt,4658.0,184068.0,2024-01
1672,885.0,9956.0,1999,4,413.0,983.0,RH,NAmes,171386.0,82.2192,2281.0,211.9118,property inspection is complete and garage area is measured.,0,,RH>NAmes,9956.0,154247.0,2024-01
1673,1230.0,13247.0,1950,5,601.0,407.0,RL,Edwards,204864.0,114.2707,2238.0,207.917,lot area verification is complete because documents are available.,0,,RL>Edwards,13247.0,184378.0,2024-01
1674,2067.0,9118.0,1976,2,261.0,705.0,RM,NAmes,252018.0,192.0306,3033.0,281.7749,zoning verification is complete and neighborhood information is confirmed.,0,,RM>NAmes,847.09,226816.0,2024-01
1675,772.0,13632.0,1983,2,0.0,838.0,RH,Somerst,140993.0,71.7211,1610.0,149.5739,sale condition was reviewed and valuation status is approved.,0,,RH>Somerst,13632.0,126894.0,2024-01
1676,1714.0,12021.0,1979,4,511.0,740.0,FV,Somerst,269748.0,159.2358,2965.0,275.4575,zoning verification is complete and neighborhood information is confirmed.,0,,FV>Somerst,12021.0,242773.0,2024-01
1677,1092.0,2101.0,1926,8,694.0,948.0,RH,NAmes,222846.0,101.4501,2734.0,253.9969,zoning verification are complete and neighborhood infromation is confirmed.,1,verified,RH>NAmes,2101.0,200561.0,2024-01
1678,950.0,5741.0,1969,9,543.0,201.0,FV,NridgHt,215199.0,88.2579,1694.0,157.3777,sale condition was reviewed and valuation status is approved.,1,verified,FV>NridgHt,5741.0,193679.0,2024-01
1679,1841.0,8546.0,1933,5,433.0,1073.0,RL,OldTown,273254.0,171.0345,3347.0,310.9465,lot area verification is complete because documents are available.,0,,RL>OldTown,8546.0,245929.0,2024-01
1680,1524.0,10075.0,1927,2,354.0,798.0,RM,NridgHt,218007.0,141.5842,2676.0,248.6085,sale condition were reviewed and valuation status is aproved.,0,,RM>NridgHt,10075.0,196206.0,2024-01
1681,2045.0,8585.0,1901,5,347.0,728.0,RM,Edwards,,189.9867,3120.0,289.8575,lot area verification is complete because documents are available.,0,,RM>Edwards,8585.0,274669.0,2024-01
1682,2141.0,15408.0,1947,7,697.0,1120.0,RL,Edwards,308594.0,198.9054,3958.0,367.7102,sale condition was reviewed and valuation status is approved.,0,,RL>Edwards,1431.45,277735.0,2024-01
1683,1224.0,15088.0,1999,2,910.0,1116.0,RH,NAmes,183415.0,113.7133,3250.0,301.9349,zoning verification is complete and neighborhood information is confirmed.,0,,RH>NAmes,1401.72,165074.0,2024-01
1684,1451.0,13847.0,1987,9,596.0,385.0,RL,NAmes,280360.0,134.8023,2432.0,225.9402,sale condition was reviewed and valuation status is approved.,1,verified,RL>NAmes,13847.0,252324.0,2024-01
1685,1652.0,2000.0,1998,8,376.0,974.0,RH,NAmes,242126.0,153.4758,3002.0,278.8949,sale condition was reviewed and valuation status is approved.,1,verified,RH>NAmes,2000.0,217913.0,2024-01
1686,1237.0,12086.0,1903,7,,1038.0,RL,Somerst,242695.0,114.9211,2834.0,263.2872,sale condition was reviewed and valuation status is approved.,0,,RL>Somerst,12086.0,218426.0,2024-01
1687,1902.0,10813.0,2086,3,471.0,957.0,RM,Edwards,265182.0,176.7016,3330.0,309.3671,property inspection is complete and garage area is measured.,0,,RM>Edwards,10813.0,238664.0,2024-01
1688,1622.0,13403.0,1915,5,,1277.0,RM,NridgHt,229215.0,150.6887,3325.0,308.9026,zoning verification is complete and neighborhood information is confirmed.,0,,RM>NridgHt,1245.18,206294.0,2024-01
1689,1384.0,9879.0,1917,5,352.0,793.0,RL,NridgHt,230917.0,128.5778,2529.0,234.9518,lot area verification is complete because documents are available.,0,,RL>NridgHt,9879.0,207825.0,2024-01
1690,1393.0,11448.0,1914,4,,1009.0,RH,OldTown,201458.0,129.4139,2678.0,248.7943,zoning verification is complete and neighborhood information is confirmed.,0,,RH>OldTown,1063.55,181312.0,2024-01
1691,2087.0,11965.0,1944,6,382.0,473.0,RL,Edwards,299453.0,193.8886,2942.0,273.3207,sale condition was reviewed and valuation status is approved.,0,,RL>Edwards,11965.0,269508.0,2024-01
1692,1311.0,10462.0,1921,5,207.0,873.0,FV,NAmes,230095.0,121.7959,2391.0,222.1312,zoning verification is complete and neighborhood information is confirmed.,0,,FV>NAmes,971.95,207086.0,2024-01
1693,2054.0,9480.0,1955,8,611.0,1870.0,FV,Edwards,307660.0,190.8228,4535.0,421.3153,sale condition was reviewed and valuation status is approved.,1,verified,FV>Edwards,9480.0,276894.0,2024-01
1694,1559.0,6880.0,1936,4,664.0,1399.0,RM,NAmes,225157.0,144.8358,3622.0,336.4948,lot area verification is complete because documents are available.,0,,RM>NAmes,6880.0,202641.0,2024-01
1695,741.0,10032.0,1973,8,390.0,1549.0,RM,NAmes,199384.0,68.8412,2680.0,248.9801,lot area verification is complete because documments are available.,1,verified,RM>NAmes,10032.0,179446.0,2024-01
1696,771.0,4352.0,1896,2,657.0,1143.0,FV,NAmes,155899.0,71.6282,2571.0,238.8537,lot area verification is complete because documents are available.,0,,FV>NAmes,4352.0,140309.0,2024-01
1697,1340.0,13459.0,1901,2,640.0,906.0,RH,Edwards,186403.0,124.4901,2886.0,268.1182,lot area verification is complete because documents are available.,0,,RH>Edwards,13459.0,167763.0,2024-01
1698,1707.0,10543.0,1997,8,724.0,1148.0,RL,OldTown,258679.0,158.5855,3579.0,332.5,sale condition was reviewed and valuation status is approved.,1,verified,RL>OldTown,10543.0,232811.0,2024-01
1699,1593.0,11796.0,1933,7,494.0,1308.0,RH,NAmes,292921.0,147.9945,3395.0,315.4058,zoning verification is complete and neighborhood information is confirmed.,0,,RH>NAmes,11796.0,263629.0,2024-01
1700,1354.0,5499.0,1962,3,503.0,1047.0,RL,Edwards,219927.0,125.7907,2904.0,269.7904,property inspection is complete and garage area is measured.,0,,RL>Edwards,5499.0,197934.0,2024-01
1701,1514.0,6795.0,1936,4,95.0,1712.0,FV,NAmes,183736.0,140.6552,3321.0,308.531,lot area verification is complete because documents are available.,0,,FV>NAmes,6795.0,165362.0,2024-01
1702,1809.0,,1960,2,564.0,1117.0,FV,Somerst,231062.0,168.0616,3490.0,324.2316,lot area verification is complete because documents are available.,0,,FV>Somerst,6056.0,207956.0,2024-01
1703,450.0,2000.0,1966,7,265.0,671.0,FV,OldTown,166431.0,41.8064,1386.0,128.7636,zoning verification is complete and neighborhood information is confirmed.,0,,FV>OldTown,2000.0,149788.0,2024-01
1704,1463.0,8107.0,1930,7,256.0,600.0,RH,Somerst,258136.0,135.9171,2319.0,215.4421,zoning verification is complete and neighborhood information is confirmed.,0,,RH>Somerst,8107.0,232322.0,2024-01
1705,1413.0,2374.0,1927,8,677.0,1124.0,RH,NridgHt,280208.0,131.272,3214.0,298.5904,lot area verification is complete because documents are available.,1,verified,RH>NridgHt,2374.0,252187.0,2024-01
1706,1912.0,13443.0,1992,7,655.0,861.0,FV,OldTown,287092.0,177.6306,3428.0,318.4716,property inspection is complete and garage area is measured.,0,,FV>OldTown,13443.0,258383.0,2024-01
1707,1421.0,11702.0,1899,3,674.0,1850.0,RH,NridgHt,211881.0,132.0152,3945.0,366.5025,zoning verification is complete and neighborhood information is confirmed.,0,,RH>NridgHt,11702.0,190693.0,2024-01
1708,851.0,19237.0,1906,4,,1031.0,RM,NridgHt,131244.0,79.0605,2581.0,239.7827,lot area verification is complete because documents are available.,0,,RM>NridgHt,19237.0,118120.0,2024-01
1709,1880.0,8652.0,1932,4,587.0,1049.0,RM,CollgCr,271031.0,174.6577,3516.0,326.6471,sale condition was reviewed and valuation status is approved.,0,,RM>CollgCr,8652.0,243928.0,2024-01
1710,1074.0,10655.0,1926,6,111.0,1054.0,RH,CollgCr,197685.0,99.7779,2239.0,208.0099,zoning verification is complete and neighborhood information is confirmed.,0,,RH>CollgCr,10655.0,177916.0,2024-01
1711,1317.0,13211.0,1975,7,170.0,1135.0,RM,Somerst,250176.0,122.3533,2622.0,243.5918,sale condition was reviewed and valuation status is approved.,0,,RM>Somerst,1227.34,225158.0,2024-01
1712,1009.0,8773.0,1904,5,,769.0,FV,NAmes,201605.0,93.7392,2389.0,221.9454,lot area verification is complete because documents are available.,0,,FV>NAmes,8773.0,181444.0,2024-01
1713,1385.0,0.0,1914,9,385.0,748.0,RH,CollgCr,272107.0,128.6707,2518.0,233.9299,property inspection is complete and garage area is measured.,1,verified,RH>CollgCr,13940.0,244896.0,2024-01
1714,1566.0,12705.0,1923,5,560.0,721.0,RH,NridgHt,239835.0,145.4862,2847.0,264.495,zoning verification is complete and neighborhood information is confirmed.,0,,RH>NridgHt,1180.33,215852.0,2024-01
1715,933.0,14714.0,1894,2,,918.0,RM,NridgHt,144416.0,86.6785,2341.0,217.486,sale condition was reviewed and valuation status is approved.,0,,RM>NridgHt,14714.0,129974.0,2024-01
1716,2007.0,6664.0,1960,3,301.0,605.0,RL,OldTown,253747.0,186.4564,2913.0,270.6266,lot area verification is complete because documents are available.,0,,RL>OldTown,6664.0,228372.0,2024-01
1717,986.0,8676.0,1929,5,218.0,868.0,RM,NAmes,171256.0,91.6024,2072.0,192.4951,zoning verification is complete and neighborhood information is confirmed.,0,,RM>NAmes,8676.0,154130.0,2024-01
1718,2036.0,8519.0,1983,6,265.0,825.0,RM,CollgCr,,189.1506,3126.0,290.4149,sale condition was reviewed and valuation status is approved.,0,,RM>CollgCr,791.44,266090.0,2024-01
1719,1675.0,9179.0,1914,5,591.0,1214.0,FV,Somerst,234083.0,155.6126,3480.0,323.3026,property inspection is complete and garage area is measured.,0,,FV>Somerst,9179.0,210675.0,2024-01
1720,584.0,4335.0,1910,4,242.0,1100.0,RL,CollgCr,132591.0,54.2554,1926.0,178.9313,zoning verification is complete and neighborhood information is confirmed.,0,,RL>CollgCr,4335.0,119332.0,2024-01
1721,1810.0,13020.0,1961,7,55.0,998.0,RM,OldTown,295320.0,168.1545,2863.0,265.9814,property inspection is complete and garage area is measured.,0,,RM>OldTown,13020.0,265788.0,2024-01
1722,1418.0,11581.0,1988,9,587.0,1263.0,RM,NAmes,253190.0,131.7365,3268.0,303.6071,lot area verification is complete because documents are available.,1,verified,RM>NAmes,1075.91,227871.0,2024-01
1723,1995.0,16240.0,1945,6,584.0,926.0,RH,NridgHt,292538.0,185.3416,3505.0,325.6252,sale condition was reviewed and valuation status is approved.,0,,RH>NridgHt,1508.74,263284.0,2024-01
1724,1021.0,4152.0,1957,7,514.0,907.0,RH,CollgCr,186832.0,94.854,2442.0,226.8692,zoning verification is complete and neighborhood information is confirmed.,0,,RH>CollgCr,4152.0,168149.0,2024-01
1725,1382.0,14771.0,2094,3,185.0,0.0,RL,CollgCr,183823.0,128.392,1567.0,145.5791,zoning verification is complete and neighborhood information is confirmed.,0,,RL>CollgCr,1372.27,165441.0,2024-01
1726,779.0,9370.0,1985,5,833.0,1281.0,RM,Somerst,160666.0,72.3715,2893.0,268.7685,lot area verification is complete because documents are available.,0,,RM>Somerst,9370.0,144599.0,2024-01
1727,1733.0,10321.0,1958,8,335.0,719.0,RL,NridgHt,262272.0,161.001,2787.0,258.9208,sale condition was reviewed and valuation status is approved.,1,verified,RL>NridgHt,10321.0,236045.0,2024-01
1728,2175.0,10666.0,1897,7,,843.0,RH,NridgHt,,202.0641,3507.0,325.811,zoning verification is complete and neighborhood information is confirmed.,0,,RH>NridgHt,10666.0,284651.0,2024-01
1729,1735.0,15412.0,1997,2,403.0,1150.0,RL,NAmes,213282.0,161.1868,3288.0,305.4652,lot area verification is complete because documents are available.,0,,RL>NAmes,15412.0,191954.0,2024-01
1730,1739.0,11380.0,1983,8,428.0,1027.0,RM,Edwards,260081.0,161.5584,3194.0,296.7323,zoning verification is complete and neighborhood information is confirmed.,1,verified,RM>Edwards,11380.0,234073.0,2024-01
1731,1421.0,0.0,1937,6,589.0,423.0,RH,CollgCr,252389.0,132.0152,2433.0,226.0331,lot area verification is complete because documents are available.,0,,RH>CollgCr,10692.0,227150.0,2024-01
1732,1485.0,8760.0,1915,5,567.0,648.0,RH,OldTown,232066.0,137.961,2700.0,250.8382,zoning verification is complete and neighborhood information is confirmed.,0,,RH>OldTown,813.83,208859.0,2024-01
1733,1746.0,12246.0,1942,8,158.0,748.0,RM,Somerst,258991.0,162.2087,2652.0,246.3789,zoning verification is complete and neighborhood information is confirmed.,1,verified,RM>Somerst,12246.0,233092.0,2024-01
1734,1649.0,,1901,9,487.0,1528.0,RM,NAmes,280679.0,153.1971,3664.0,340.3967,zoning verification is complete and neighborhood information is confirmed.,1,verified,RM>NAmes,6595.0,252611.0,2024-01
1735,1505.0,19703.0,1980,5,238.0,915.0,FV,Somerst,260700.0,139.8191,2658.0,246.9363,zoning verification is complete and neighborhood information is confirmed.,0,,FV>Somerst,19703.0,234630.0,2024-01
1736,1064.0,5472.0,2055,8,56.0,678.0,FV,NAmes,235847.0,98.8488,1798.0,167.0397,sale condition was reviewed and valuation status is approved.,1,verified,FV>NAmes,5472.0,212262.0,2024-01
1737,1602.0,6166.0,1906,4,0.0,1153.0,FV,Somerst,238039.0,148.8307,2755.0,255.9479,zoning verification is complete and neighborhood information is confirmed.,0,,FV>Somerst,6166.0,214235.0,2024-01
1738,1051.0,7588.0,1988,8,526.0,570.0,FV,OldTown,237433.0,97.6411,2147.0,199.4628,zoning verification is complete and neighborhood information is confirmed.,1,verified,FV>OldTown,7588.0,213690.0,2024-01
1739,958.0,9897.0,1910,6,455.0,1720.0,FV,NAmes,208753.0,89.0011,3133.0,291.0652,sale condition was reviewed and valuation status is approved.,0,,FV>NAmes,9897.0,187878.0,2024-01
1740,1945.0,2844.0,1952,5,576.0,711.0,FV,NAmes,262366.0,180.6964,3232.0,300.2626,property inspection is complete and garage area is measured.,0,,FV>NAmes,2844.0,236129.0,2024-01
1741,1332.0,7822.0,2083,9,542.0,1030.0,RH,CollgCr,281503.0,123.7468,2904.0,269.7904,sale condition were reviewed and valuation status is aproved.,1,verified,RH>CollgCr,726.69,253353.0,2024-01
1742,1985.0,8309.0,1939,7,521.0,1319.0,RL,NAmes,298251.0,184.4125,3825.0,355.3541,sale condition was reviewed and valuation status is approved.,0,,RL>NAmes,8309.0,268426.0,2024-01
1743,1519.0,11007.0,1991,9,298.0,447.0,RH,NridgHt,249904.0,141.1197,2264.0,210.3325,sale condition was reviewed and valuation status is approved.,1,verified,RH>NridgHt,11007.0,224914.0,2024-01
1744,2029.0,6600.0,1943,6,552.0,178.0,RH,NAmes,274710.0,188.5003,2759.0,256.3195,property inspection is complete and garage area is measured.,0,,RH>NAmes,6600.0,247239.0,2024-01
1745,1741.0,15583.0,1946,4,236.0,504.0,RH,NAmes,237453.0,161.7442,2481.0,230.4924,sale condition was reviewed and valuation status is approved.,0,,RH>NAmes,15583.0,213708.0,2024-01
1746,1526.0,7505.0,1955,7,363.0,1278.0,RL,NridgHt,255452.0,141.77,3167.0,294.2239,sale condition was reviewed and valuation status is aproved.,0,,RL>NridgHt,7505.0,229907.0,2024-01
1747,1761.0,9910.0,1940,2,456.0,835.0,RM,NAmes,231743.0,163.6023,3052.0,283.5401,sale condition was reviewed and valuation status is approved.,0,,RM>NAmes,9910.0,208569.0,2024-01
1748,1508.0,7937.0,1988,5,688.0,973.0,FV,Somerst,219434.0,140.0978,3169.0,294.4097,zoning verification is complete and neighborhood information is confirmed.,0,,FV>Somerst,737.37,197491.0,2024-01
1749,1862.0,17663.0,2004,9,612.0,1427.0,FV,NridgHt,274118.0,172.9855,3901.0,362.4148,sale condition was reviewed and valuation status is approved.,1,verified,FV>NridgHt,17663.0,246706.0,2024-01
1750,1620.0,6490.0,1957,7,553.0,412.0,RH,OldTown,294328.0,150.5029,2585.0,240.1544,lot area verification is complete because documents are available.,0,,RH>OldTown,6490.0,264895.0,2024-01
1751,987.0,10557.0,1969,4,802.0,1162.0,RL,NridgHt,190365.0,91.6953,2951.0,274.1569,zoning verification is complete and neighborhood information is confirmed.,0,,RL>NridgHt,10557.0,171328.0,2024-01
1752,826.0,7171.0,1929,4,850.0,1528.0,FV,Somerst,188263.0,76.7379,3204.0,297.6613,sale condition was reviewed and valuation stauts is approved.,0,,FV>Somerst,7171.0,169437.0,2024-01
1753,859.0,0.0,1894,2,,1418.0,FV,OldTown,141022.0,79.8037,2786.0,258.8279,zoning verification is complete and neighborhood information is confirmed.,0,,FV>OldTown,12543.0,126920.0,2024-01
1754,1972.0,11915.0,1981,6,659.0,1475.0,FV,CollgCr,283835.0,183.2048,4106.0,381.4599,sale condition was reviewed and valuation status is approved.,0,,FV>CollgCr,11915.0,255452.0,2024-01
1755,1307.0,,1989,2,482.0,951.0,FV,NridgHt,195975.0,121.4243,2740.0,254.5543,sale condition was reviewed and valuation status is approved.,0,,FV>NridgHt,8431.0,176378.0,2024-01
1756,1863.0,11305.0,2000,6,480.0,1157.0,FV,NAmes,271593.0,173.0784,3500.0,325.1606,sale condition was reviewed and valuation status is approved.,0,,FV>NAmes,11305.0,244434.0,2024-01
1757,1354.0,11487.0,1901,3,388.0,1071.0,FV,Somerst,193180.0,125.7907,2813.0,261.3363,sale condition was reviewed and valuation status is approved.,0,,FV>Somerst,11487.0,173862.0,2024-01
1758,1984.0,12233.0,1891,5,,1094.0,RM,NridgHt,283005.0,184.3196,3423.0,318.0071,lot area verification is complete because documents are available.,0,,RM>NridgHt,12233.0,254704.0,2024-01
1759,1700.0,11969.0,2007,9,639.0,625.0,RL,NridgHt,255298.0,157.9352,2964.0,275.3646,zoning verification is complete and neighborhood information is confirmed.,1,verified,RL>NridgHt,11969.0,229768.0,2024-01
1760,2266.0,11778.0,1964,2,683.0,555.0,RL,CollgCr,301591.0,210.5183,3504.0,325.5323,lot area verification is complete because documents are available.,0,,RL>CollgCr,1094.21,271432.0,2024-01
1761,1505.0,4871.0,1890,8,475.0,575.0,RH,OldTown,235850.0,139.8191,2555.0,237.3673,sale condition was reviewed and valuation status is approved.,1,verified,RH>OldTown,4871.0,212265.0,2024-01
1762,2023.0,8335.0,1914,9,426.0,1056.0,RM,Somerst,,187.9428,3505.0,325.6252,lot area verification is complete because documents are available.,1,verified,RM>Somerst,8335.0,272062.0,2024-01
1763,1680.0,13150.0,1960,4,390.0,122.0,RL,NAmes,222997.0,156.0771,2192.0,203.6435,zoning verification is complete and neighborhood information is confirmed.,0,,RL>NAmes,13150.0,200697.0,2024-01
1764,1744.0,9895.0,2009,5,440.0,888.0,FV,NridgHt,237637.0,162.0229,3072.0,285.3981,zoning verification is complete and neighborhood information is confirmed.,0,,FV>NridgHt,9895.0,213873.0,2024-01
1765,1180.0,7406.0,1946,8,353.0,1183.0,RL,NridgHt,215441.0,109.6256,2716.0,252.3247,sale condition was reviewed and valuation status is approved.,1,verified,RL>NridgHt,7406.0,193897.0,2024-01
1766,1124.0,9909.0,1916,7,,1674.0,RH,Edwards,225051.0,104.423,3320.0,308.4381,zoning verification is complete and neighborhood information is confirmed.,0,,RH>Edwards,9909.0,202546.0,2024-01
1767,1999.0,4559.0,1919,5,289.0,931.0,RH,Edwards,282976.0,185.7132,3219.0,299.0549,lot area verification is complete because documents are available.,0,,RH>Edwards,4559.0,254678.0,2024-01
1768,1734.0,13615.0,1964,6,483.0,247.0,RL,CollgCr,268548.0,161.0939,2464.0,228.9131,zoning verification is complete and neighborhood information is confirmed.,0,,RL>CollgCr,13615.0,241693.0,2024-01
1769,1399.0,14861.0,1897,9,537.0,1354.0,RM,Edwards,266221.0,129.9714,3290.0,305.651,zoning verification is complete and neighborhood information is confirmed.,1,verified,RM>Edwards,14861.0,239599.0,2024-01
1770,1523.0,7788.0,1934,4,650.0,1233.0,FV,Somerst,211121.0,141.4913,3406.0,316.4278,sale condition was reviewed and valuation status is approved.,0,,FV>Somerst,723.53,190009.0,2024-01
1771,837.0,11614.0,1947,9,172.0,602.0,RH,NridgHt,191256.0,77.7598,1611.0,149.6668,lot area verification is complete because documents are available.,1,verified,RH>NridgHt,1078.98,172130.0,2024-01
1772,1766.0,7267.0,1943,2,477.0,1037.0,RL,NAmes,241458.0,164.0668,3280.0,304.722,property inspection is complete and garage area is measured.,0,,RL>NAmes,7267.0,217312.0,2024-01
1773,2386.0,7692.0,1989,2,106.0,1690.0,RH,OldTown,273708.0,221.6667,4182.0,388.5205,lot area verification is complete because documents are available.,0,,RH>OldTown,7692.0,246337.0,2024-01
1774,556.0,16439.0,2000,5,334.0,429.0,RL,NAmes,169080.0,51.6541,1319.0,122.5391,lot area verification is complete because documents are available.,0,,RL>NAmes,16439.0,152172.0,2024-01
1775,1011.0,10433.0,1943,2,637.0,1665.0,RM,NridgHt,135410.0,93.925,3313.0,307.7878,lot area verification is complete because documents are available.,0,,RM>NridgHt,10433.0,121869.0,2024-01
1776,1485.0,0.0,1902,6,491.0,1060.0,FV,OldTown,277654.0,137.961,3036.0,282.0536,zoning verification is complete and neighborhood information is confirmed.,0,,FV>OldTown,9488.0,249889.0,2024-01
1777,1962.0,4336.0,1929,6,305.0,612.0,FV,NridgHt,278263.0,182.2758,2879.0,267.4679,zoning verification is complete and neighborhood information is confirmed.,0,,FV>NridgHt,4336.0,250437.0,2024-01
1778,1376.0,14792.0,1893,6,,1079.0,RL,OldTown,219836.0,127.8346,2933.0,272.4846,lot area verification is complete because documents are available.,0,,RL>OldTown,14792.0,197852.0,2024-01
1779,1975.0,4871.0,1968,3,439.0,708.0,RH,Edwards,243700.0,183.4835,3122.0,290.0433,lot area verification is complete because documents are available.,0,,RH>Edwards,4871.0,219330.0,2024-01
1780,893.0,6078.0,1974,8,637.0,1940.0,RM,NAmes,182068.0,82.9624,3470.0,322.3735,zoning verification is complete and neighborhood information is confirmed.,1,verified,RM>NAmes,564.66,163861.0,2024-01
1781,1268.0,3712.0,1905,6,,974.0,RH,Edwards,201073.0,117.8011,2786.0,258.8279,sale condition was reviewed and valuation status is approved.,0,,RH>Edwards,3712.0,180966.0,2024-01
1782,1716.0,8939.0,1911,7,464.0,1294.0,RH,Edwards,271494.0,159.4216,3474.0,322.7452,lot area verification is complete because documents are available.,0,,RH>Edwards,8939.0,244345.0,2024-01
1783,2061.0,,1944,4,657.0,689.0,RH,CollgCr,297005.0,191.4732,3407.0,316.5207,lot area verification is complete because documents are available.,0,,RH>CollgCr,16584.0,267304.0,2024-01
1784,951.0,9048.0,1915,9,,780.0,RM,CollgCr,211108.0,88.3508,1980.0,183.948,lot area verification is complete because documents are available.,1,verified,RM>CollgCr,9048.0,189997.0,2024-01
1785,2017.0,9043.0,1958,8,361.0,399.0,RL,NridgHt,323969.0,187.3854,2777.0,257.9917,sale condition was reviewed and valuation status is approved.,1,verified,RL>NridgHt,9043.0,291572.0,2024-01
1786,2543.0,9749.0,1954,4,73.0,170.0,RL,Edwards,,236.2524,2786.0,258.8279,property inspection is complete and garage area is measured.,0,,RL>Edwards,9749.0,256404.0,2024-01
1787,1540.0,10981.0,1933,4,948.0,990.0,RM,Edwards,245671.0,143.0707,3478.0,323.1168,lot area verification is complete because documents are available.,0,,RM>Edwards,10981.0,221104.0,2024-01
1788,1169.0,11241.0,2000,6,257.0,766.0,FV,NridgHt,213332.0,108.6037,2192.0,203.6435,property inspection is complete and garage area is measured.,0,,FV>NridgHt,11241.0,191999.0,2024-01
1789,1639.0,5994.0,1897,4,,1088.0,FV,NAmes,246154.0,152.2681,3124.0,290.2291,property inspection is complete and garage area is measured.,0,,FV>NAmes,5994.0,221539.0,2024-01
1790,1215.0,20977.0,1996,3,103.0,967.0,RL,NridgHt,154908.0,112.8772,2285.0,212.2834,lot area verification is complete because documents are available.,0,,RL>NridgHt,20977.0,139417.0,2024-01
1791,1002.0,13958.0,1959,2,605.0,803.0,RL,NridgHt,156610.0,93.0888,2410.0,223.8963,zoning verification is complete and neighborhood information is confirmed.,0,,RL>NridgHt,13958.0,140949.0,2024-01
1792,937.0,12709.0,1983,7,294.0,1188.0,FV,OldTown,182521.0,87.0501,2419.0,224.7325,property inspection is complete and garage area is measured.,0,,FV>OldTown,12709.0,164269.0,2024-01
1793,1016.0,12134.0,1912,5,506.0,1084.0,RL,OldTown,187936.0,94.3895,2606.0,242.1053,zoning verification is complete and neighborhood information is confirmed.,0,,RL>OldTown,12134.0,169142.0,2024-01
1794,1795.0,15483.0,1929,2,396.0,1040.0,RH,CollgCr,223473.0,166.761,3231.0,300.1697,sale condition were reviewed and valuation stauts is approved.,0,,RH>CollgCr,15483.0,201126.0,2024-01
1795,1572.0,14050.0,1985,7,519.0,1136.0,RH,NridgHt,254033.0,146.0436,3227.0,299.7981,sale condition was reviewed and valuation status is approved.,0,,RH>NridgHt,14050.0,228630.0,2024-01
1796,1484.0,8546.0,1978,8,348.0,416.0,RL,Somerst,244885.0,137.8681,2248.0,208.846,property inspection is complete and garage area is measured.,1,verified,RL>Somerst,8546.0,220396.0,2024-01
1797,2146.0,10621.0,1985,9,832.0,838.0,FV,Edwards,317394.0,199.3699,3816.0,354.518,zoning verification is complete and neighborhood information is confirmed.,1,verified,FV>Edwards,986.72,285655.0,2024-01
1798,1494.0,14914.0,2074,3,426.0,634.0,RH,Edwards,209953.0,138.7971,2554.0,237.2744,lot area verification is complete because documents are available.,0,,RH>Edwards,14914.0,188958.0,2024-01
1799,1333.0,12875.0,1895,2,,702.0,RL,Edwards,186833.0,123.8398,2618.0,243.2202,sale condition was reviewed and valuation status is approved.,0,,RL>Edwards,12875.0,168150.0,2024-01
1800,1111.0,13507.0,1976,3,372.0,651.0,RM,Somerst,173798.0,103.2153,2134.0,198.2551,zoning verification is complete and neighborhood information is confirmed.,0,,RM>Somerst,1254.84,156418.0,2024-01
1801,1655.0,12480.0,1895,6,,1134.0,FV,Edwards,234038.0,153.7545,3181.0,295.5246,sale condition was reviewed and valuation status is approved.,0,,FV>Edwards,12480.0,210634.0,2024-01
1802,1793.0,7419.0,1938,6,376.0,784.0,RM,NridgHt,277881.0,166.5752,2953.0,274.3427,sale condition was reviewed and valuation status is approved.,0,,RM>NridgHt,7419.0,250093.0,2024-01
1803,1349.0,9037.0,1930,5,661.0,530.0,RL,NridgHt,228330.0,125.3262,2540.0,235.9737,zoning verification is complete and neighborhood information is confirmed.,0,,RL>NridgHt,9037.0,205497.0,2024-01
1804,2171.0,14829.0,1988,5,361.0,1295.0,RL,CollgCr,321209.0,201.6925,3827.0,355.5399,sale condition was reviewed and valuation stauts are approved.,0,,RL>CollgCr,1377.66,289088.0,2024-01
1805,1005.0,11273.0,1978,4,147.0,1046.0,RH,Somerst,140384.0,93.3676,2198.0,204.2009,sale condition was reviewed and valuation status is approved.,0,,RH>Somerst,11273.0,126346.0,2024-01
1806,1160.0,11769.0,1962,3,607.0,650.0,RH,OldTown,187529.0,107.7675,2417.0,224.5466,lot area verification are complete becuase documents are available.,0,,RH>OldTown,11769.0,168776.0,2024-01
1807,2653.0,18709.0,2002,6,399.0,287.0,RH,NridgHt,398921.0,246.4718,3339.0,310.2033,lot area verification is complete because documents are available.,0,,RH>NridgHt,18709.0,359029.0,2024-01
1808,1644.0,13002.0,1938,6,332.0,996.0,RL,CollgCr,263064.0,152.7326,2972.0,276.1078,zoning verification is complete and neighborhood information is confirmed.,0,,RL>CollgCr,13002.0,236758.0,2024-01
1809,894.0,11441.0,1959,2,93.0,761.0,FV,NridgHt,137299.0,83.0553,1748.0,162.3945,sale condition was reviewed and valuation status is approved.,0,,FV>NridgHt,1062.9,123569.0,2024-01
1810,1061.0,15749.0,1929,5,610.0,733.0,FV,Edwards,179466.0,98.5701,2404.0,223.3389,property inspection is complete and garage area is measured.,0,,FV>Edwards,15749.0,161519.0,2024-01
1811,1619.0,14480.0,1980,3,663.0,626.0,RH,NAmes,210919.0,150.41,2908.0,270.162,sale condition was reviewed and valuation status is approved.,0,,RH>NAmes,14480.0,189827.0,2024-01
1812,1383.0,11298.0,1961,3,24.0,1117.0,RH,Edwards,165410.0,128.4849,2524.0,234.4873,zoning verification is complete and neighborhood information is confirmed.,0,,RH>Edwards,11298.0,148869.0,2024-01
1813,1670.0,4477.0,2005,8,384.0,1837.0,RL,NridgHt,271203.0,155.1481,3891.0,361.4857,lot area verification is complete because documents are available.,1,verified,RL>NridgHt,4477.0,244083.0,2024-01
1814,1718.0,13445.0,1982,6,525.0,928.0,RH,Somerst,253229.0,159.6074,3171.0,294.5955,property inspection is complete and garage area is measured.,0,,RH>Somerst,13445.0,227906.0,2024-01
1815,1422.0,13694.0,1937,7,462.0,798.0,RH,Somerst,223487.0,132.1081,2682.0,249.166,zoning verification is complete and neighborhood information is confirmed.,0,,RH>Somerst,13694.0,201138.0,2024-01
1816,450.0,14184.0,1954,2,445.0,939.0,FV,Edwards,99515.0,41.8064,1834.0,170.3842,sale condition was reviewed and valuation status is approved.,0,,FV>Edwards,14184.0,89564.0,2024-01
1817,1066.0,,1957,4,417.0,669.0,RH,Edwards,184994.0,99.0346,2152.0,199.9273,sale condition was reviewed and valuation status is approved.,0,,RH>Edwards,948.54,166495.0,2024-01
1818,1332.0,9016.0,1994,4,520.0,1231.0,RL,Edwards,193568.0,123.7468,3083.0,286.4201,property inspection is complete and garage area is measured.,0,,RL>Edwards,837.61,174211.0,2024-01
1819,1389.0,10469.0,1951,3,672.0,816.0,FV,NAmes,171607.0,129.0423,2877.0,267.282,property inspection is complete and garage area is measured.,0,,FV>NAmes,10469.0,154446.0,2024-01
1820,1834.0,7432.0,1941,3,389.0,1209.0,RL,NAmes,224579.0,170.3842,3432.0,318.8432,property inspection is complete and garage area is measured.,0,,RL>NAmes,690.46,202121.0,2024-01
1821,1992.0,9397.0,1917,9,237.0,1121.0,RH,OldTown,331858.0,185.0629,3350.0,311.2252,lot area verification is complete because documents are available.,1,verified,RH>OldTown,9397.0,298672.0,2024-01
1822,1010.0,13173.0,1897,7,433.0,784.0,RL,Edwards,212086.0,93.8321,2227.0,206.8951,lot area verification is complete because documents are available.,0,,RL>Edwards,13173.0,190877.0,2024-01
1823,696.0,9083.0,1940,5,410.0,810.0,RL,CollgCr,144306.0,64.6605,1916.0,178.0022,lot area verification are complete becuase documents are available.,0,,RL>CollgCr,9083.0,129875.0,2024-01
1824,1525.0,8887.0,1965,9,-609.0,628.0,RL,CollgCr,270290.0,141.6771,2762.0,256.5982,lot area verification is complete because documents are available.,1,verified,RL>CollgCr,8887.0,243261.0,2024-01
1825,1488.0,17381.0,1944,2,623.0,825.0,RH,NridgHt,216105.0,138.2397,2936.0,272.7633,property inspection is complete and garage area is measured.,0,,RH>NridgHt,17381.0,194494.0,2024-01
1826,1664.0,9077.0,2068,9,197.0,1205.0,FV,CollgCr,275788.0,154.5907,3066.0,284.8407,sale condition was reviewed and valuation status is approved.,1,verified,FV>CollgCr,9077.0,248209.0,2024-01
1827,1610.0,7843.0,1979,7,185.0,987.0,RM,NridgHt,263315.0,149.5739,2782.0,258.4563,sale condition was reviewed and valuation status is approved.,0,,RM>NridgHt,7843.0,236984.0,2024-01
1828,727.0,7013.0,1998,7,322.0,1380.0,FV,OldTown,193820.0,67.5405,2429.0,225.6615,sale condition was reviewed and valuation status is approved.,0,,FV>OldTown,7013.0,174438.0,2024-01
1829,1577.0,9785.0,1999,4,582.0,315.0,FV,NridgHt,234255.0,146.5081,2474.0,229.8421,lot area verification is complete because documents are available.,0,,FV>NridgHt,9785.0,210830.0,2024-01
1830,1135.0,7006.0,2000,3,726.0,667.0,RL,NridgHt,188489.0,105.445,2528.0,234.8589,property inspection is complete and garage area is measured.,0,,RL>NridgHt,7006.0,169640.0,2024-01
1831,1188.0,11867.0,1986,2,236.0,729.0,RH,Somerst,161114.0,110.3688,2153.0,200.0202,zoning verification is complete and neighborhood information is confirmed.,0,,RH>Somerst,11867.0,145003.0,2024-01
1832,1124.0,5307.0,1934,2,376.0,1020.0,RH,Somerst,181182.0,104.423,2520.0,234.1157,lot area verification is complete because documents are available.,0,,RH>Somerst,5307.0,163064.0,2024-01
1833,1646.0,3549.0,1925,5,183.0,1457.0,RL,NridgHt,253303.0,152.9184,3286.0,305.2794,lot area verification is complete because documents are available.,0,,RL>NridgHt,3549.0,227973.0,2024-01
1834,1673.0,8094.0,2009,5,354.0,1079.0,RM,Somerst,233285.0,155.4268,3106.0,288.5568,zoning verification is complete and neighborhood information is confirmed.,0,,RM>Somerst,8094.0,209956.0,2024-01
1835,674.0,11454.0,1905,5,654.0,1711.0,FV,NAmes,173727.0,62.6166,3039.0,282.3323,lot area verification is complete because documents are available.,0,,FV>NAmes,11454.0,156354.0,2024-01
1836,846.0,15122.0,1906,8,255.0,701.0,RL,NridgHt,222711.0,78.596,1802.0,167.4113,zoning verification is complete and neighborhood information is confirmed.,1,verified,RL>NridgHt,15122.0,200440.0,2024-01
1837,1473.0,11700.0,1897,9,334.0,1201.0,FV,Edwards,274312.0,136.8462,3008.0,279.4523,lot area verification is complete because documents are available.,1,verified,FV>Edwards,11700.0,246881.0,2024-01
1838,1659.0,10377.0,1917,2,331.0,1006.0,RL,Somerst,231847.0,154.1261,2996.0,278.3375,zoning verification is complete and neighborhood information is confirmed.,0,,RL>Somerst,10377.0,208662.0,2024-01
1839,2019.0,2000.0,1936,6,423.0,1432.0,RH,OldTown,253461.0,187.5712,3874.0,359.9064,zoning verification is complete and neighborhood information is confirmed.,0,,RH>OldTown,185.81,228115.0,2024-01
1840,1268.0,14936.0,1903,9,,932.0,FV,Somerst,251158.0,117.8011,2424.0,225.197,sale condition was reviewed and valuation status is approved.,1,verified,FV>Somerst,14936.0,226042.0,2024-01
1841,1602.0,6926.0,1942,9,485.0,1203.0,RL,NAmes,273312.0,148.8307,3290.0,305.651,sale condition was reviewed and valuation status is approved.,1,verified,RL>NAmes,6926.0,245981.0,2024-01
1842,1650.0,8398.0,1937,4,485.0,1345.0,RM,Somerst,242672.0,153.29,3480.0,323.3026,property inspection is complete and garage area is measured.,0,,RM>Somerst,8398.0,218405.0,2024-01
1843,1119.0,2554.0,1932,2,306.0,207.0,RM,Somerst,123040.0,103.9585,1632.0,151.6178,zoning verification is complete and neighborhood information is confirmed.,0,,RM>Somerst,2554.0,110736.0,2024-01
1844,1255.0,10994.0,1937,2,494.0,1279.0,RM,Edwards,151925.0,116.5933,3028.0,281.3104,property inspection is complete and garage area is measured.,0,,RM>Edwards,1021.38,136732.0,2024-01
1845,1233.0,20231.0,2005,3,184.0,1215.0,RM,Somerst,140119.0,114.5494,2632.0,244.5208,sale condition was reviewed and valuation status is approved.,0,,RM>Somerst,20231.0,126107.0,2024-01
1846,1826.0,9968.0,1952,9,148.0,480.0,RL,OldTown,291551.0,169.641,2454.0,227.9841,lot area verification is complete because documents are available.,1,verified,RL>OldTown,9968.0,262396.0,2024-01
1847,1832.0,7456.0,1953,6,662.0,908.0,RL,NAmes,260720.0,170.1984,3402.0,316.0561,property inspection is complete and garage area is measured.,0,,RL>NAmes,7456.0,234648.0,2024-01
1848,1743.0,9919.0,1928,2,278.0,1050.0,FV,Edwards,204763.0,161.93,3071.0,285.3052,lot area verification is complete because documents are available.,0,,FV>Edwards,9919.0,184287.0,2024-01
1849,1926.0,15035.0,1996,6,632.0,1060.0,RH,NridgHt,,178.9313,3618.0,336.1232,zoning verification is complete and neighborhood information is confirmed.,0,,RH>NridgHt,1396.8,257590.0,2024-01
1850,1619.0,13893.0,1899,6,,509.0,RH,Somerst,245454.0,150.41,2579.0,239.5969,sale condition was reviewed and valuation stauts are approved.,0,,RH>Somerst,13893.0,220909.0,2024-01
1851,1100.0,,1897,6,561.0,1434.0,RL,CollgCr,206370.0,102.1933,3095.0,287.5349,sale condition was reviewed and valuation status is approved.,0,,RL>CollgCr,8852.0,185733.0,2024-01
1852,1220.0,14539.0,1926,6,753.0,1635.0,RM,NridgHt,220608.0,113.3417,3608.0,335.1942,property inspection are complete and garage area is measured.,0,,RM>NridgHt,14539.0,198547.0,2024-01
1853,2031.0,16170.0,1971,9,197.0,950.0,FV,CollgCr,304231.0,188.6861,3178.0,295.2459,zoning verification is complete and neighborhood information is confirmed.,1,verified,FV>CollgCr,16170.0,273808.0,2024-01
1854,1440.0,14593.0,2009,2,455.0,325.0,RM,NridgHt,192710.0,133.7804,2220.0,206.2447,zoning verification is complete and neighborhood information is confirmed.,0,,RM>NridgHt,1355.73,173439.0,2024-01
1855,1431.0,7680.0,1918,4,371.0,1495.0,RH,OldTown,246214.0,132.9443,3297.0,306.3013,sale condition was reviewed and valuation status is approved.,0,,RH>OldTown,7680.0,221593.0,2024-01
1856,965.0,,1947,4,382.0,1042.0,FV,OldTown,212334.0,89.6514,2389.0,221.9454,lot area verification is complete because documents are available.,0,,FV>OldTown,13198.0,191101.0,2024-01
1857,1089.0,9727.0,1914,3,470.0,437.0,RM,Somerst,178403.0,101.1714,1996.0,185.4345,property inspection is complete and garage area is measured.,0,,RM>Somerst,9727.0,160563.0,2024-01
1858,1377.0,10876.0,1893,4,,1157.0,RH,NAmes,205878.0,127.9275,2800.0,260.1285,lot area verification is complete because documents are available.,0,,RH>NAmes,1010.41,185290.0,2024-01
1859,1838.0,7772.0,1998,2,290.0,1221.0,RM,CollgCr,222197.0,170.7558,3349.0,311.1323,sale condition was reviewed and valuation status is approved.,0,,RM>CollgCr,7772.0,199977.0,2024-01
1860,1441.0,4931.0,1936,7,402.0,1253.0,FV,NridgHt,236313.0,133.8733,3096.0,287.6278,lot area verification is complete because documents are available.,0,,FV>NridgHt,4931.0,212682.0,2024-01
1861,471.0,8471.0,1987,8,246.0,1400.0,RM,OldTown,168164.0,43.7573,2117.0,196.6757,lot area verification is complete because documents are available.,1,verified,RM>OldTown,8471.0,151348.0,2024-01
1862,1554.0,5058.0,1907,7,,1563.0,FV,NridgHt,264129.0,144.3713,3544.0,329.2484,lot area verification is complete because documents are available.,0,,FV>NridgHt,5058.0,237716.0,2024-01
1863,1741.0,6768.0,1962,3,613.0,1015.0,RH,CollgCr,258776.0,161.7442,3369.0,312.9903,lot area verification is complete because documents are available.,0,,RH>CollgCr,628.77,232898.0,2024-01
1864,1865.0,9784.0,1947,3,305.0,961.0,FV,Edwards,227743.0,173.2642,3131.0,290.8794,zoning verification is complete and neighborhood information is confirmed.,0,,FV>Edwards,908.96,204969.0,2024-01
1865,1462.0,8645.0,1954,8,498.0,327.0,RH,OldTown,250727.0,135.8242,2287.0,212.4693,property inspection is complete and garage area is measured.,1,verified,RH>OldTown,8645.0,225654.0,2024-01
1866,1246.0,6055.0,1993,8,471.0,1047.0,FV,OldTown,225864.0,115.7572,2764.0,256.784,sale condition was reviewed and valuation status is approved.,1,verified,FV>OldTown,562.53,203278.0,2024-01
1867,1061.0,5205.0,1967,5,380.0,885.0,FV,Edwards,203109.0,98.5701,2326.0,216.0925,property inspection is complete and garage area is measured.,0,,FV>Edwards,5205.0,182798.0,2024-01
1868,1723.0,11264.0,1959,8,835.0,1018.0,FV,Somerst,273510.0,160.0719,3576.0,332.2213,property inspection is complete and garage area is measured.,1,verified,FV>Somerst,11264.0,246159.0,2024-01
1869,1442.0,12889.0,1962,2,533.0,405.0,RM,NridgHt,217454.0,133.9662,2380.0,221.1092,property inspection is complete and garage area is measured.,0,,RM>NridgHt,12889.0,195709.0,2024-01
1870,940.0,9929.0,1954,8,317.0,1247.0,FV,Edwards,181700.0,87.3289,2504.0,232.6292,sale condition was reviewed and valuation status is approved.,1,verified,FV>Edwards,9929.0,163530.0,2024-01
1871,1609.0,9730.0,1940,4,509.0,1301.0,RM,OldTown,206334.0,149.481,3419.0,317.6355,sale condition was reviewed and valuation status is approved.,0,,RM>OldTown,9730.0,185701.0,2024-01
1872,1672.0,6212.0,1946,2,528.0,657.0,RL,CollgCr,201912.0,155.3339,2857.0,265.424,zoning verification is complete and neighborhood information is confirmed.,0,,RL>CollgCr,577.11,181721.0,2024-01
1873,1640.0,6809.0,1991,7,507.0,1118.0,RL,CollgCr,250351.0,152.361,3265.0,303.3284,lot area verification is complete because documents are available.,0,,RL>CollgCr,6809.0,225316.0,2024-01
1874,1841.0,11971.0,2008,3,604.0,712.0,RL,CollgCr,254070.0,171.0345,3157.0,293.2949,zoning verification is complete and neighborhood information is confirmed.,0,,RL>CollgCr,11971.0,228663.0,2024-01
1875,564.0,5673.0,1945,2,517.0,228.0,RM,NAmes,94086.0,52.3973,1309.0,121.6101,lot area verification is complete because documents are available.,0,,RM>NAmes,5673.0,84677.0,2024-01
1876,1429.0,9772.0,2002,3,286.0,500.0,RL,Edwards,194213.0,132.7584,2215.0,205.7802,sale condition was reviewed and valuation status is approved.,0,,RL>Edwards,9772.0,174792.0,2024-01
1877,1061.0,7908.0,1932,6,583.0,829.0,RH,OldTown,203325.0,98.5701,2473.0,229.7492,lot area verification is complete because documents are available.,0,,RH>OldTown,7908.0,182992.0,2024-01
1878,1383.0,6537.0,2003,7,782.0,909.0,FV,Somerst,271167.0,128.4849,3074.0,285.5839,property inspection is complete and garage area is measured.,0,,FV>Somerst,6537.0,244050.0,2024-01
1879,1825.0,8319.0,1934,2,717.0,1008.0,FV,Somerst,269319.0,169.548,3550.0,329.8058,property inspection is complete and garage area is measured.,0,,FV>Somerst,8319.0,242387.0,2024-01
1880,1800.0,15888.0,1908,5,24.0,931.0,RM,Edwards,220543.0,167.2255,2755.0,255.9479,property inspection is complete and garage area is measured.,0,,RM>Edwards,15888.0,198489.0,2024-01
1881,1754.0,11283.0,1928,7,340.0,1199.0,RH,NridgHt,271462.0,162.9519,3293.0,305.9297,sale condition was reviewed and valuation status is approved.,0,,RH>NridgHt,1048.22,244316.0,2024-01
1882,484.0,19107.0,2000,8,493.0,806.0,RH,Edwards,153010.0,44.9651,1783.0,165.6461,zoning verification is complete and neighborhood information is confirmed.,1,verified,RH>Edwards,19107.0,137709.0,2024-01
1883,1909.0,9909.0,1905,5,273.0,542.0,RH,NridgHt,236668.0,177.3519,2724.0,253.0679,sale condition was reviewed and valuation status is approved.,0,,RH>NridgHt,9909.0,213001.0,2024-01
1884,1720.0,,1986,7,434.0,861.0,RM,Somerst,,159.7932,3015.0,280.1027,property inspection is complete and garage area is measured.,0,,RM>Somerst,1096.81,251169.0,2024-01
1885,1984.0,2002.0,2006,8,782.0,515.0,RM,NAmes,279464.0,184.3196,3281.0,304.8149,zoning verification is complete and neighborhood information is confirmed.,1,verified,RM>NAmes,2002.0,251518.0,2024-01
1886,1894.0,7716.0,1927,2,755.0,517.0,RM,Somerst,270760.0,175.9584,3166.0,294.131,sale condition was reviewed and valuation status is approved.,0,,RM>Somerst,7716.0,243684.0,2024-01
1887,912.0,6960.0,1904,7,372.0,849.0,RL,CollgCr,192845.0,84.7276,2133.0,198.1622,zoning verification is complete and neighborhood information is confirmed.,0,,RL>CollgCr,6960.0,173560.0,2024-01
1888,839.0,7685.0,1938,7,168.0,1176.0,RL,Somerst,195669.0,77.9457,2183.0,202.8073,lot area verification are complete because documments are available.,0,,RL>Somerst,7685.0,176102.0,2024-01
1889,1106.0,13799.0,1922,8,325.0,526.0,RM,OldTown,215354.0,102.7508,1957.0,181.8112,lot area verification is complete because documents are available.,1,verified,RM>OldTown,13799.0,193819.0,2024-01
1890,1316.0,11201.0,1936,2,545.0,418.0,RL,Edwards,219383.0,122.2604,2279.0,211.726,property inspection is complete and garage area is measured.,0,,RL>Edwards,11201.0,197445.0,2024-01
1891,1394.0,4669.0,1908,4,734.0,997.0,RM,Somerst,245111.0,129.5068,3125.0,290.322,lot area verification is complete because documents are available.,0,,RM>Somerst,4669.0,220600.0,2024-01
1892,2388.0,5772.0,1970,7,733.0,1467.0,RL,NAmes,333255.0,221.8525,4588.0,426.2391,sale condition was reviewed and valuation status is approved.,0,,RL>NAmes,5772.0,299930.0,2024-01
1893,895.0,10745.0,1987,6,530.0,846.0,FV,CollgCr,179132.0,83.1482,2271.0,210.9828,lot area verification is complete because documents are available.,0,,FV>CollgCr,10745.0,161219.0,2024-01
1894,1329.0,10119.0,2005,4,422.0,988.0,FV,NAmes,218100.0,123.4681,2739.0,254.4614,sale condition was reviewed and valuation status is approved.,0,,FV>NAmes,10119.0,196290.0,2024-01
1895,1605.0,14617.0,1905,6,436.0,255.0,RL,CollgCr,236238.0,149.1094,2296.0,213.3054,sale condition was reviewed and valuation status is approved.,0,,RL>CollgCr,14617.0,212614.0,2024-01
1896,1595.0,4379.0,1983,3,931.0,1360.0,RM,Edwards,247336.0,148.1803,3886.0,361.0212,property inspection is complete and garage area is measured.,0,,RM>Edwards,4379.0,222602.0,2024-01
1897,1379.0,13285.0,1931,4,149.0,975.0,RL,Edwards,208077.0,128.1133,2503.0,232.5363,property inspection is complete and garage area is measured.,0,,RL>Edwards,13285.0,187269.0,2024-01
1898,1747.0,13273.0,1912,7,,1095.0,FV,Edwards,273767.0,162.3016,3438.0,319.4007,sale condition was reviewed and valuation status is approved.,0,,FV>Edwards,1233.1,246390.0,2024-01
1899,2564.0,7024.0,1999,4,340.0,782.0,RH,OldTown,292362.0,238.2034,3686.0,342.4406,sale condition was reviewed and valuation status is approved.,0,,RH>OldTown,7024.0,263126.0,2024-01
1900,1322.0,8986.0,1950,3,281.0,1183.0,RM,NridgHt,192817.0,122.8178,2786.0,258.8279,lot area verification is complete because documents are available.,0,,RM>NridgHt,8986.0,173535.0,2024-01
1901,2002.0,14186.0,1914,2,,894.0,RL,Somerst,231266.0,185.9919,3502.0,325.3464,sale condition was reviewed and valuation status is approved.,0,,RL>Somerst,1317.92,208139.0,2024-01
1902,1372.0,2000.0,1904,4,,1200.0,RH,NAmes,231952.0,127.463,3202.0,297.4755,property inspection is complete and garage area is measured.,0,,RH>NAmes,2000.0,208757.0,2024-01
1903,962.0,12063.0,1905,5,-538.0,297.0,RL,OldTown,167930.0,89.3727,1797.0,166.9468,lot area verification is complete because documents are available.,0,,RL>OldTown,1120.69,151137.0,2024-01
1904,1848.0,13443.0,1954,8,439.0,694.0,RH,CollgCr,292760.0,171.6848,2981.0,276.944,zoning verification is complete and neighborhood information is confirmed.,1,verified,RH>CollgCr,13443.0,263484.0,2024-01
1905,1863.0,10531.0,1894,9,567.0,996.0,FV,OldTown,306458.0,173.0784,3426.0,318.2858,property inspection is complete and garage area is measured.,1,verified,FV>OldTown,10531.0,275812.0,2024-01
1906,1800.0,10739.0,1981,6,303.0,883.0,RL,NAmes,252857.0,167.2255,2986.0,277.4085,lot area verification is complete because documents are available.,0,,RL>NAmes,10739.0,227571.0,2024-01
1907,2426.0,4462.0,1906,8,549.0,759.0,RM,NridgHt,,225.3828,3734.0,346.9,sale condition was reviewed and valuation status is approved.,1,verified,RM>NridgHt,4462.0,334544.0,2024-01
1908,827.0,3777.0,2002,7,271.0,1065.0,RH,NridgHt,186837.0,76.8308,2163.0,200.9493,lot area verification is complete because documents are available.,0,,RH>NridgHt,3777.0,168153.0,2024-01
1909,1779.0,9727.0,1964,8,374.0,1376.0,RL,CollgCr,275618.0,165.2745,3529.0,327.8548,property inspection is complete and garage area is measured.,1,verified,RL>CollgCr,903.67,248056.0,2024-01
1910,1067.0,14864.0,1941,9,356.0,718.0,FV,OldTown,214564.0,99.1275,2141.0,198.9054,lot area verification is complete because documents are available.,1,verified,FV>OldTown,1380.91,193108.0,2024-01
1911,1584.0,9289.0,1988,8,352.0,1407.0,RL,OldTown,249871.0,147.1584,3343.0,310.5749,zoning verification is complete and neighborhood information is confirmed.,1,verified,RL>OldTown,9289.0,224884.0,2024-01
1912,1281.0,11523.0,1993,4,482.0,931.0,RH,OldTown,223505.0,119.0088,2694.0,250.2808,lot area verification is complete because documents are available.,0,,RH>OldTown,11523.0,201154.0,2024-01
1913,1664.0,5187.0,1979,8,509.0,1037.0,RM,NridgHt,294006.0,154.5907,3210.0,298.2188,property inspection is complete and garage area is measured.,1,verified,RM>NridgHt,5187.0,264605.0,2024-01
1914,1548.0,9622.0,2083,2,342.0,945.0,FV,CollgCr,196233.0,143.8139,2835.0,263.3801,lot area verification is complete because documents are available.,0,,FV>CollgCr,9622.0,176610.0,2024-01
1915,1621.0,5092.0,2004,9,175.0,181.0,RM,Edwards,274432.0,150.5958,1977.0,183.6693,lot area verification is complete because documents are available.,1,verified,RM>Edwards,473.06,246989.0,2024-01
1916,1017.0,15131.0,1934,3,341.0,1148.0,RH,NridgHt,175986.0,94.4824,2506.0,232.815,lot area verification is complete because documents are available.,0,,RH>NridgHt,15131.0,158387.0,2024-01
1917,1766.0,6664.0,1960,9,457.0,868.0,RM,CollgCr,,164.0668,3091.0,287.1633,sale condition was reviewed and valuation status is approved.,1,verified,RM>CollgCr,6664.0,282100.0,2024-01
1918,957.0,8963.0,1915,4,,861.0,FV,NridgHt,192355.0,88.9082,2291.0,212.8409,sale condition was reviewed and valuation status is approved.,0,,FV>NridgHt,8963.0,173120.0,2024-01
1919,1783.0,10236.0,1894,7,,827.0,FV,Somerst,268199.0,165.6461,2974.0,276.2936,zoning verification is complete and neighborhood information is confirmed.,0,,FV>Somerst,10236.0,241379.0,2024-01
1920,1388.0,9319.0,1894,8,478.0,1008.0,RM,CollgCr,265275.0,128.9494,2874.0,267.0033,sale condition was reviewed and valuation status is approved.,1,verified,RM>CollgCr,865.76,238748.0,2024-01
1921,1707.0,9368.0,1935,5,694.0,1178.0,RL,CollgCr,272377.0,158.5855,3579.0,332.5,property inspection is complete and garage area is measured.,0,,RL>CollgCr,9368.0,245139.0,2024-01
1922,951.0,,1926,7,710.0,931.0,RL,OldTown,202528.0,88.3508,2592.0,240.8047,property inspection is complete and garage area is measured.,0,,RL>OldTown,10676.0,182275.0,2024-01
1923,1933.0,9089.0,1928,2,214.0,1116.0,RM,NridgHt,225872.0,179.5816,3263.0,303.1426,sale condition was reviewed and valuation status is approved.,0,,RM>NridgHt,844.4,203285.0,2024-01
1924,1226.0,14714.0,1920,4,,596.0,RH,Edwards,173831.0,113.8991,2239.0,208.0099,zoning verification is complete and neighborhood information is confirmed.,0,,RH>Edwards,1366.97,156448.0,2024-01
1925,1307.0,14630.0,1899,8,485.0,208.0,FV,OldTown,,121.4243,2000.0,185.8061,lot area verification is complete because documents are available.,1,verified,FV>OldTown,14630.0,249948.0,2024-01
1926,1125.0,3512.0,1979,8,196.0,696.0,RL,OldTown,220717.0,104.5159,2017.0,187.3854,property inspection is complete and garage area is measured.,1,verified,RL>OldTown,326.28,198645.0,2024-01
1927,1444.0,9027.0,1919,9,784.0,1478.0,FV,NridgHt,289375.0,134.152,3706.0,344.2987,lot area verification is complete because documents are available.,1,verified,FV>NridgHt,838.64,260438.0,2024-01
1928,1943.0,12744.0,1922,7,504.0,1042.0,FV,OldTown,265929.0,180.5106,3489.0,324.1387,lot area verification is complete because documents are available.,0,,FV>OldTown,12744.0,239336.0,2024-01
1929,1701.0,8237.0,1897,5,380.0,1066.0,RL,NAmes,244039.0,158.0281,3147.0,292.3659,zoning verification is complete and neighborhood information is confirmed.,0,,RL>NAmes,8237.0,219635.0,2024-01
1930,1238.0,16268.0,1954,2,714.0,1230.0,RH,Somerst,197148.0,115.014,3182.0,295.6175,sale condition was reviewed and valuation status is approved.,0,,RH>Somerst,16268.0,177433.0,2024-01
1931,1793.0,8400.0,1994,8,595.0,629.0,RM,NAmes,287230.0,166.5752,3017.0,280.2885,zoning verification is complete and neighborhood information is confirmed.,1,verified,RM>NAmes,8400.0,258507.0,2024-01
1932,1636.0,3374.0,1963,2,668.0,993.0,RM,Somerst,209078.0,151.9894,3297.0,306.3013,sale condition was reviewed and valuation status is approved.,0,,RM>Somerst,3374.0,188170.0,2024-01
1933,1794.0,7365.0,1893,6,-350.0,1692.0,RL,CollgCr,268656.0,166.6681,3836.0,356.3761,zoning verification is complete and neighborhood information is confirmed.,0,,RL>CollgCr,7365.0,241790.0,2024-01
1934,836.0,9446.0,1891,8,645.0,659.0,FV,NridgHt,180843.0,77.6669,2140.0,198.8125,property inspection is complete and garage area is measured.,1,verified,FV>NridgHt,9446.0,162759.0,2024-01
1935,1851.0,9247.0,2005,5,287.0,1561.0,RL,Somerst,259885.0,171.9635,3699.0,343.6483,zoning verification is complete and neighborhood information is confirmed.,0,,RL>Somerst,859.07,233896.0,2024-01
1936,1120.0,4216.0,1894,3,525.0,331.0,RM,OldTown,166705.0,104.0514,1976.0,183.5764,lot area verification is complete because documents are available.,0,,RM>OldTown,4216.0,150034.0,2024-01
1937,1307.0,5525.0,2010,8,623.0,1338.0,RL,Somerst,278185.0,121.4243,3268.0,303.6071,zoning verification is complete and neighborhood information is confirmed.,1,verified,RL>Somerst,513.29,250366.0,2024-01
1938,1026.0,7912.0,1948,5,627.0,1632.0,RL,NridgHt,177053.0,95.3185,3285.0,305.1865,property inspection is complete and garage area is measured.,0,,RL>NridgHt,7912.0,159348.0,2024-01
1939,2249.0,6681.0,1893,6,,1111.0,RM,NAmes,321246.0,208.9389,3760.0,349.3154,property inspection is complete and garage area is measured.,0,,RM>NAmes,620.68,289121.0,2024-01
1940,1707.0,17114.0,1919,9,152.0,1706.0,RL,CollgCr,276775.0,158.5855,3565.0,331.1993,property inspection is complete and garage area is measured.,1,verified,RL>CollgCr,17114.0,249098.0,2024-01
1941,2011.0,10678.0,1931,3,371.0,1151.0,RM,OldTown,257852.0,186.828,3533.0,328.2264,zoning verification is complete and neighborhood information is confirmed.,0,,RM>OldTown,10678.0,232067.0,2024-01
1942,1491.0,17106.0,1899,9,729.0,363.0,RL,Edwards,260499.0,138.5184,2583.0,239.9686,sale condition was reviewed and valuation status is approved.,1,verified,RL>Edwards,17106.0,234449.0,2024-01
1943,1172.0,14128.0,2008,3,342.0,1009.0,RL,NridgHt,191997.0,108.8824,2523.0,234.3944,sale condition was reviewed and valuation status is approved.,0,,RL>NridgHt,1312.53,172797.0,2024-01
1944,1336.0,13446.0,2010,6,523.0,539.0,FV,NridgHt,212158.0,124.1185,2398.0,222.7815,zoning verification is complete and neighborhood information is confirmed.,0,,FV>NridgHt,13446.0,190942.0,2024-01
1945,1513.0,6994.0,1997,4,373.0,1381.0,RL,NridgHt,181900.0,140.5623,3267.0,303.5142,lot area verification is complete because documents are available.,0,,RL>NridgHt,6994.0,163710.0,2024-01
1946,936.0,11906.0,2006,8,555.0,1078.0,RL,NridgHt,224861.0,86.9572,2569.0,238.6679,sale condition was reviewed and valuation status is approved.,1,verified,RL>NridgHt,11906.0,202375.0,2024-01
1947,1257.0,17775.0,1931,6,520.0,672.0,RM,Somerst,211929.0,116.7791,2449.0,227.5195,sale condition was reviewed and valuation status is approved.,0,,RM>Somerst,17775.0,190736.0,2024-01
1948,974.0,13501.0,1928,3,515.0,875.0,RL,Edwards,191784.0,90.4876,2364.0,219.6228,zoning verification is complete and neighborhood information is confirmed.,0,,RL>Edwards,13501.0,172606.0,2024-01
1949,875.0,11077.0,1985,4,219.0,246.0,FV,NAmes,148316.0,81.2902,1340.0,124.4901,zoning verification are complete and neighborhood infromation is confirmed.,0,,FV>NAmes,11077.0,133484.0,2024-01
1950,1608.0,13918.0,1959,5,217.0,1542.0,RL,OldTown,228406.0,149.3881,3367.0,312.8045,sale condition was reviewed and valuation status is approved.,0,,RL>OldTown,13918.0,205565.0,2024-01
1951,2401.0,4520.0,1970,6,297.0,888.0,RM,Somerst,299705.0,223.0602,3586.0,333.1503,zoning verification is complete and neighborhood information is confirmed.,0,,RM>Somerst,4520.0,269734.0,2024-01
1952,1917.0,7256.0,1894,8,418.0,822.0,FV,Edwards,300106.0,178.0951,3157.0,293.2949,lot area verification is complete because documents are available.,1,verified,FV>Edwards,7256.0,270095.0,2024-01
1953,1922.0,16294.0,1908,2,424.0,953.0,RH,NridgHt,231150.0,178.5596,3299.0,306.4871,zoning verification is complete and neighborhood information is confirmed.,0,,RH>NridgHt,1513.76,208035.0,2024-01
1954,1426.0,15922.0,2006,9,188.0,1026.0,RH,Edwards,265344.0,132.4797,2640.0,245.264,zoning verification is complete and neighborhood information is confirmed.,1,verified,RH>Edwards,15922.0,238810.0,2024-01
1955,1817.0,9071.0,1936,5,886.0,1253.0,RH,NridgHt,276881.0,168.8048,3956.0,367.5244,sale condition was reviewed and valuation status is approved.,0,,RH>NridgHt,9071.0,249193.0,2024-01
1956,1634.0,2748.0,1935,5,164.0,825.0,RL,Somerst,218030.0,151.8036,2623.0,243.6847,sale condition was reviewed and valuation status is approved.,0,,RL>Somerst,2748.0,196227.0,2024-01
1957,1081.0,3481.0,2075,8,565.0,1211.0,RL,NAmes,214885.0,100.4282,2857.0,265.424,zoning verification is complete and neighborhood information is confirmed.,1,verified,RL>NAmes,323.4,193396.0,2024-01
1958,1197.0,12364.0,1925,4,676.0,819.0,RM,Edwards,188480.0,111.2049,2692.0,250.095,sale condition was reviewed and valuation status is approved.,0,,RM>Edwards,12364.0,169632.0,2024-01
1959,1469.0,8881.0,1987,4,371.0,1058.0,FV,NAmes,217617.0,136.4746,2898.0,269.233,sale condition was reviewed and valuation status is approved.,0,,FV>NAmes,8881.0,195855.0,2024-01
1960,1928.0,6556.0,1967,6,277.0,1406.0,RM,NridgHt,289458.0,179.1171,3611.0,335.4729,zoning verification is complete and neighborhood information is confirmed.,0,,RM>NridgHt,6556.0,260512.0,2024-01
1961,2080.0,,1967,3,335.0,983.0,RM,NridgHt,277739.0,193.2383,3398.0,315.6845,zoning verification is complete and neighborhood information is confirmed.,0,,RM>NridgHt,13441.0,249965.0,2024-01
1962,1830.0,8889.0,1991,8,806.0,1243.0,RH,OldTown,277282.0,170.0126,3879.0,360.3709,property inspection is complete and garage area is measured.,1,verified,RH>OldTown,825.81,249554.0,2024-01
1963,2533.0,4849.0,1923,8,455.0,1360.0,RH,OldTown,,235.3234,4348.0,403.9424,sale condition was reviewed and valuation status is approved.,1,verified,RH>OldTown,4849.0,295448.0,2024-01
1964,1444.0,10880.0,1997,6,399.0,886.0,RL,Edwards,233661.0,134.152,2729.0,253.5324,lot area verification is complete because documents are available.,0,,RL>Edwards,10880.0,210295.0,2024-01
1965,1252.0,12476.0,1967,4,407.0,586.0,RM,CollgCr,218538.0,116.3146,2245.0,208.5673,sale condition was reviewed and valuation status is approved.,0,,RM>CollgCr,12476.0,196684.0,2024-01
1966,1249.0,4764.0,1921,4,177.0,621.0,RH,NAmes,185372.0,116.0359,2047.0,190.1725,sale condition was reviewed and valuation status is approved.,0,,RH>NAmes,4764.0,166835.0,2024-01
1967,1471.0,5715.0,1978,6,708.0,569.0,RL,Somerst,249328.0,136.6604,2748.0,255.2976,sale condition was reviewed and valuation status is approved.,0,,RL>Somerst,5715.0,224395.0,2024-01
1968,911.0,6410.0,1898,9,374.0,788.0,RH,CollgCr,183714.0,84.6347,2073.0,192.588,zoning verification is complete and neighborhood information is confirmed.,1,verified,RH>CollgCr,6410.0,165343.0,2024-01
1969,1119.0,11815.0,1997,5,391.0,1210.0,RM,CollgCr,177788.0,103.9585,2720.0,252.6963,sale condition was reviewed and valuation status is approved.,0,,RM>CollgCr,11815.0,160009.0,2024-01
1970,1702.0,13969.0,1970,8,414.0,1334.0,RM,OldTown,274518.0,158.121,3450.0,320.5155,property inspection is complete and garage area is measured.,1,verified,RM>OldTown,13969.0,247066.0,2024-01
1971,1959.0,6416.0,1896,3,316.0,1143.0,RM,NAmes,238872.0,181.9971,3418.0,317.5426,zoning verification is complete and neighborhood information is confirmed.,0,,RM>NAmes,6416.0,214985.0,2024-01
1972,1120.0,7942.0,1930,9,262.0,953.0,FV,Somerst,203617.0,104.0514,2335.0,216.9286,property inspection is complete and garage area is measured.,1,verified,FV>Somerst,7942.0,183255.0,2024-01
1973,899.0,4601.0,1956,7,122.0,606.0,RL,NAmes,200679.0,83.5198,1627.0,151.1532,property inspection is complete and garage area is measured.,0,,RL>NAmes,4601.0,180611.0,2024-01
1974,1066.0,11175.0,1927,8,510.0,1166.0,FV,CollgCr,226870.0,99.0346,2742.0,254.7401,property inspection is complete and garage area is measured.,1,verified,FV>CollgCr,11175.0,204183.0,2024-01
1975,1518.0,7897.0,1923,4,387.0,1046.0,RH,OldTown,224717.0,141.0268,2951.0,274.1569,lot area verification is complete because documents are available.,0,,RH>OldTown,733.65,202245.0,2024-01
1976,1651.0,11155.0,1892,4,,1110.0,RL,NAmes,242298.0,153.3829,3039.0,282.3323,lot area verification is complete because documents are available.,0,,RL>NAmes,11155.0,218068.0,2024-01
1977,2248.0,9458.0,1990,3,651.0,1056.0,RH,NridgHt,278790.0,208.846,3955.0,367.4315,sale condition was reviewed and valuation status is approved.,0,,RH>NridgHt,9458.0,250911.0,2024-01
1978,1409.0,10777.0,1988,4,654.0,725.0,RH,OldTown,191884.0,130.9004,2788.0,259.0137,sale condition was reviewed and valuation status is approved.,0,,RH>OldTown,10777.0,172696.0,2024-01
1979,695.0,2632.0,1914,2,0.0,535.0,RH,Edwards,97768.0,64.5676,1230.0,114.2707,property inspection is complete and garage area is measured.,0,,RH>Edwards,2632.0,87991.0,2024-01
1980,1923.0,9735.0,1957,8,383.0,516.0,RH,Somerst,300344.0,178.6525,2822.0,262.1724,zoning verification is complete and neighborhood information is confirmed.,1,verified,RH>Somerst,904.41,270310.0,2024-01
1981,1791.0,11336.0,2002,9,294.0,688.0,RH,CollgCr,277919.0,166.3893,2773.0,257.6201,zoning verification is complete and neighborhood information is confirmed.,1,verified,RH>CollgCr,1053.15,250127.0,2024-01
1982,1589.0,2935.0,1946,9,543.0,1002.0,RM,Edwards,271056.0,147.6229,3134.0,291.1581,lot area verification is complete because documents are available.,1,verified,RM>Edwards,2935.0,243950.0,2024-01
1983,1484.0,14857.0,1909,2,,1302.0,RM,CollgCr,197981.0,137.8681,3194.0,296.7323,property inspection is complete and garage area is measured.,0,,RM>CollgCr,14857.0,178183.0,2024-01
1984,2144.0,14031.0,1977,5,708.0,1015.0,RM,OldTown,294753.0,199.1841,3867.0,359.2561,lot area verification is complete because documents are available.,0,,RM>OldTown,14031.0,265278.0,2024-01
1985,1737.0,,1949,2,137.0,1132.0,RM,Edwards,253780.0,161.3726,3006.0,279.2665,zoning verification is complete and neighborhood information is confirmed.,0,,RM>Edwards,14257.0,228402.0,2024-01
1986,1243.0,0.0,1995,4,360.0,1243.0,RM,Edwards,176836.0,115.4785,2846.0,264.4021,sale condition was reviewed and valuation status is approved.,0,,RM>Edwards,10339.0,159152.0,2024-01
1987,1175.0,13359.0,1949,4,109.0,1050.0,RL,Edwards,172313.0,109.1611,2334.0,216.8357,sale condition was reviewed and valuation status is approved.,0,,RL>Edwards,13359.0,155082.0,2024-01
1988,1519.0,17389.0,2006,3,348.0,1267.0,FV,Edwards,206899.0,141.1197,3134.0,291.1581,lot area verification is complete because documents are available.,0,,FV>Edwards,1615.49,186209.0,2024-01
1989,1831.0,5590.0,1902,5,241.0,1205.0,RH,Somerst,275019.0,170.1055,3277.0,304.4433,property inspection is complete and garage area is measured.,0,,RH>Somerst,519.33,247517.0,2024-01
1990,917.0,14756.0,1998,8,-573.0,1097.0,FV,NridgHt,192929.0,85.1921,2587.0,240.3402,sale condition was reviewed and valuation status is approved.,1,verified,FV>NridgHt,14756.0,173636.0,2024-01
1991,764.0,11005.0,1991,7,528.0,1075.0,RH,CollgCr,162587.0,70.9779,2367.0,219.9015,lot area verification is complete because documents are available.,0,,RH>CollgCr,11005.0,146328.0,2024-01
1992,1154.0,2956.0,1967,7,355.0,818.0,FV,Edwards,240920.0,107.2101,2327.0,216.1854,lot area verification is complete because documents are available.,0,,FV>Edwards,2956.0,216828.0,2024-01
1993,589.0,11189.0,1963,6,195.0,1172.0,FV,NridgHt,145622.0,54.7199,1956.0,181.7183,lot area verification is complete because documents are available.,0,,FV>NridgHt,11189.0,131060.0,2024-01
1994,1017.0,13081.0,1978,9,597.0,852.0,RH,CollgCr,249810.0,94.4824,2466.0,229.0989,lot area verification is complete because documents are available.,1,verified,RH>CollgCr,13081.0,224829.0,2024-01
1995,2285.0,13793.0,1944,7,479.0,400.0,RM,Somerst,336855.0,212.2834,3164.0,293.9452,property inspection is complete and garage area is measured.,0,,RM>Somerst,13793.0,303170.0,2024-01
1996,1713.0,12673.0,1943,5,384.0,376.0,RH,CollgCr,220864.0,159.1429,2473.0,229.7492,zoning verification is complete and neighborhood information is confirmed.,0,,RH>CollgCr,1177.36,198778.0,2024-01
1997,1781.0,13826.0,1905,6,,1281.0,RM,Somerst,274466.0,165.4603,3896.0,361.9502,property inspection is complete and garage area is measured.,0,,RM>Somerst,13826.0,247019.0,2024-01
1998,1502.0,11685.0,1977,7,789.0,1132.0,FV,OldTown,263469.0,139.5404,3423.0,318.0071,lot area verification is complete because documents are available.,0,,FV>OldTown,1085.57,237122.0,2024-01
1999,1187.0,6042.0,1900,9,506.0,815.0,RL,NridgHt,247966.0,110.2759,2508.0,233.0008,property inspection is complete and garage area is measured.,1,verified,RL>NridgHt,6042.0,223169.0,2024-01
2000,1315.0,9974.0,1986,7,49.0,1104.0,FV,NridgHt,239311.0,122.1675,2468.0,229.2847,zoning verification is complete and neighborhood information is confirmed.,0,,FV>NridgHt,926.61,215380.0,2024-01
2001,738.0,13247.0,1960,6,378.0,725.0,RH,Somerst,168314.0,68.5624,1841.0,171.0345,sale condition was reviewed and valuation status is approved.,0,,RH>Somerst,13247.0,151483.0,2024-01
2002,1864.0,9745.0,1920,2,151.0,592.0,RM,Edwards,218783.0,173.1713,2607.0,242.1982,zoning verification is complete and neighborhood information is confirmed.,0,,RM>Edwards,9745.0,196905.0,2024-01
2003,1386.0,9434.0,1946,4,728.0,1180.0,FV,NridgHt,217738.0,128.7636,3294.0,306.0226,zoning verification is complete and neighborhood information is confirmed.,0,,FV>NridgHt,9434.0,195964.0,2024-01
2004,1209.0,4452.0,1921,3,724.0,751.0,RH,CollgCr,161760.0,112.3198,2684.0,249.3518,lot area verification is complete because documents are available.,0,,RH>CollgCr,4452.0,145584.0,2024-01
2005,1241.0,11858.0,2003,7,441.0,960.0,FV,Edwards,209619.0,115.2927,2642.0,245.4498,sale condition was reviewed and valuation status is approved.,0,,FV>Edwards,11858.0,188657.0,2024-01
2006,2078.0,13614.0,1910,8,604.0,718.0,RM,NridgHt,322259.0,193.0525,3400.0,315.8703,property inspection is complete and garage area is measured.,1,verified,RM>NridgHt,13614.0,290033.0,2024-01
2007,888.0,11610.0,1937,7,630.0,677.0,RL,Edwards,180996.0,82.4979,2195.0,203.9222,sale condition was reviewed and valuation status is approved.,0,,RL>Edwards,11610.0,162896.0,2024-01
2008,1610.0,11550.0,2001,9,517.0,1655.0,RM,Edwards,275471.0,149.5739,3782.0,351.3593,property inspection is complete and garage area is measured.,1,verified,RM>Edwards,11550.0,247924.0,2024-01
2009,1259.0,9732.0,1962,5,581.0,1337.0,FV,Edwards,249815.0,116.9649,3177.0,295.153,property inspection is complete and garage area is measured.,0,,FV>Edwards,9732.0,224834.0,2024-01
2010,1718.0,14238.0,1958,6,898.0,1646.0,RL,OldTown,253206.0,159.6074,4262.0,395.9528,lot area verification is complete because documents are available.,0,,RL>OldTown,14238.0,227885.0,2024-01
2011,1274.0,18949.0,1985,6,438.0,899.0,RH,CollgCr,234161.0,118.3585,2611.0,242.5698,zoning verification is complete and neighborhood information is confirmed.,0,,RH>CollgCr,18949.0,210745.0,2024-01
2012,1114.0,,1994,8,267.0,532.0,RM,Edwards,201707.0,103.494,1913.0,177.7235,sale condition was reviewed and valuation status is approved.,1,verified,RM>Edwards,843.37,181536.0,2024-01
2013,1922.0,14505.0,1926,3,429.0,708.0,FV,Somerst,263992.0,178.5596,3059.0,284.1904,sale condition was reviewed and valuation status is approved.,0,,FV>Somerst,14505.0,237593.0,2024-01
2014,1185.0,7138.0,1991,7,409.0,606.0,RM,Somerst,234867.0,110.0901,2200.0,204.3867,zoning verification is complete and neighborhood information is confirmed.,0,,RM>Somerst,7138.0,211380.0,2024-01
2015,1818.0,8471.0,1896,5,,776.0,RH,OldTown,269878.0,168.8977,3165.0,294.0381,sale condition was reviewed and valuation status is approved.,0,,RH>OldTown,786.98,242890.0,2024-01
2016,1722.0,5607.0,1961,2,850.0,957.0,RL,OldTown,241106.0,159.979,3529.0,327.8548,sale condition was reviewed and valuation status is approved.,0,,RL>OldTown,5607.0,216995.0,2024-01
2017,2074.0,,1916,5,507.0,1366.0,FV,Somerst,282092.0,192.6809,3947.0,366.6883,property inspection is complete and garage area is measured.,0,,FV>Somerst,13685.0,253883.0,2024-01
2018,1238.0,9770.0,1976,6,743.0,1564.0,RH,NridgHt,223958.0,115.014,3545.0,329.3413,lot area verification is complete because documents are available.,0,,RH>NridgHt,9770.0,201562.0,2024-01
2019,1475.0,5103.0,1898,9,80.0,788.0,RH,NridgHt,241986.0,137.032,2343.0,217.6718,sale condition was reviewed and valuation stauts are approved.,1,verified,RH>NridgHt,5103.0,217787.0,2024-01
2020,814.0,14734.0,1913,7,,309.0,RL,NridgHt,180496.0,75.6231,1737.0,161.3726,sale condition was reviewed and valuation status is approved.,0,,RL>NridgHt,1368.83,162446.0,2024-01
2021,1244.0,5361.0,1992,7,403.0,570.0,RM,NAmes,217663.0,115.5714,2217.0,205.966,sale condition was reviewed and valuation status is approved.,0,,RM>NAmes,5361.0,195897.0,2024-01
2022,1191.0,13069.0,1958,4,535.0,973.0,RL,CollgCr,193770.0,110.6475,2699.0,250.7453,zoning verification is complete and neighborhood information is confirmed.,0,,RL>CollgCr,13069.0,174393.0,2024-01
2023,758.0,11372.0,1926,6,704.0,0.0,RM,CollgCr,184181.0,70.4205,1462.0,135.8242,lot area verification is complete because documents are available.,0,,RM>CollgCr,11372.0,165763.0,2024-01
2024,1297.0,2000.0,1980,4,701.0,674.0,RL,CollgCr,200397.0,120.4952,2672.0,248.2369,zoning verification is complete and neighborhood information is confirmed.,0,,RL>CollgCr,185.81,180357.0,2024-01
2025,1088.0,10259.0,1929,9,369.0,554.0,RM,CollgCr,220753.0,101.0785,2011.0,186.828,sale condition was reviewed and valuation status is approved.,1,verified,RM>CollgCr,10259.0,198678.0,2024-01
2026,1451.0,8773.0,1919,9,660.0,639.0,RL,CollgCr,254211.0,134.8023,2750.0,255.4834,property inspection is complete and garage area is measured.,1,verified,RL>CollgCr,8773.0,228790.0,2024-01
2027,1696.0,4226.0,1947,9,512.0,1209.0,FV,NAmes,311288.0,157.5636,3417.0,317.4497,sale condition was reviewed and valuation status is approved.,1,verified,FV>NAmes,4226.0,280159.0,2024-01
2028,1731.0,12953.0,1984,2,420.0,1528.0,FV,CollgCr,226389.0,160.8152,3679.0,341.7903,property inspection is complete and garage area is measured.,0,,FV>CollgCr,12953.0,203750.0,2024-01
2029,1568.0,10097.0,1940,8,557.0,1026.0,RL,CollgCr,245421.0,145.672,3151.0,292.7375,sale condition was reviewed and valuation status is approved.,1,verified,RL>CollgCr,10097.0,220879.0,2024-01
2030,1668.0,11512.0,1944,4,222.0,216.0,RL,Somerst,232651.0,154.9623,2106.0,195.6538,lot area verification is complete because documents are available.,0,,RL>Somerst,1069.5,209386.0,2024-01
2031,1545.0,7714.0,1972,4,0.0,429.0,FV,CollgCr,211912.0,143.5352,1974.0,183.3906,property inspection is complete and garage area is measured.,0,,FV>CollgCr,7714.0,190721.0,2024-01
2032,760.0,12715.0,1943,8,608.0,1385.0,RL,OldTown,203752.0,70.6063,2753.0,255.7621,property inspection is complete and garage area is measured.,1,verified,RL>OldTown,12715.0,183377.0,2024-01
2033,1478.0,7701.0,1917,3,346.0,1311.0,FV,NridgHt,229223.0,137.3107,3135.0,291.251,property inspection is complete and garage area is measured.,0,,FV>NridgHt,7701.0,206301.0,2024-01
2034,1550.0,15425.0,1954,3,790.0,1149.0,RM,NAmes,212027.0,143.9997,3489.0,324.1387,property inspection is complete and garage area is measured.,0,,RM>NAmes,1433.03,190824.0,2024-01
2035,1476.0,12020.0,1919,9,,752.0,FV,Edwards,264556.0,137.1249,2648.0,246.0072,property inspection is complete and garage area is measured.,1,verified,FV>Edwards,12020.0,238100.0,2024-01
2036,1913.0,7707.0,1930,4,128.0,738.0,RH,NAmes,253634.0,177.7235,2779.0,258.1775,sale condition was reviewed and valuation status is approved.,0,,RH>NAmes,7707.0,228271.0,2024-01
2037,1385.0,13344.0,1943,9,409.0,1013.0,RL,NAmes,221357.0,128.6707,2807.0,260.7788,sale condition was reviewed and valuation status is approved.,1,verified,RL>NAmes,13344.0,199221.0,2024-01
2038,1656.0,10777.0,1993,8,632.0,1711.0,RM,OldTown,294727.0,153.8474,3999.0,371.5193,lot area verification is complete because documents are available.,1,verified,RM>OldTown,10777.0,265254.0,2024-01
2039,1875.0,13103.0,1953,6,310.0,794.0,RM,NridgHt,303856.0,174.1932,2979.0,276.7582,sale condition was reviewed and valuation status is approved.,0,,RM>NridgHt,13103.0,273470.0,2024-01
2040,1310.0,5703.0,1989,9,564.0,762.0,FV,CollgCr,227512.0,121.703,2636.0,244.8924,lot area verification is complete because documents are available.,1,verified,FV>CollgCr,5703.0,204761.0,2024-01
2041,2058.0,2511.0,2004,2,334.0,959.0,FV,NAmes,264498.0,191.1945,3351.0,311.3181,sale condition was reviewed and valuation status is approved.,0,,FV>NAmes,2511.0,238048.0,2024-01
2042,1489.0,10644.0,1948,6,606.0,445.0,FV,CollgCr,235075.0,138.3326,2540.0,235.9737,lot area verification is complete because documents are available.,0,,FV>CollgCr,10644.0,211568.0,2024-01
2043,1283.0,7240.0,1954,8,89.0,1124.0,FV,NridgHt,217310.0,119.1946,2496.0,231.886,zoning verification is complete and neighborhood information is confirmed.,1,verified,FV>NridgHt,7240.0,195579.0,2024-01
2044,1452.0,12832.0,1934,9,796.0,957.0,FV,Somerst,263894.0,134.8952,3205.0,297.7542,property inspection is complete and garage area is measured.,1,verified,FV>Somerst,12832.0,237505.0,2024-01
2045,1294.0,13483.0,1923,7,442.0,539.0,FV,CollgCr,225574.0,120.2165,2275.0,211.3544,sale condition was reviewed and valuation status is approved.,0,,FV>CollgCr,1252.61,203017.0,2024-01
2046,1628.0,,1949,3,-328.0,526.0,RH,NridgHt,209919.0,151.2461,2482.0,230.5853,sale condition was reviewed and valuation status is approved.,0,,RH>NridgHt,6632.0,188927.0,2024-01
2047,1894.0,16573.0,1966,7,605.0,825.0,RM,NridgHt,286406.0,175.9584,3324.0,308.8097,lot area verification is complete because documents are available.,0,,RM>NridgHt,16573.0,257765.0,2024-01
2048,1893.0,11290.0,1951,6,461.0,926.0,RH,Edwards,291384.0,175.8655,3280.0,304.722,zoning verification is complete and neighborhood information is confirmed.,0,,RH>Edwards,11290.0,262246.0,2024-01
2049,777.0,8592.0,1897,3,384.0,1105.0,RL,Somerst,126147.0,72.1857,2266.0,210.5183,sale condition was reviewed and valuation status is approved.,0,,RL>Somerst,798.22,113532.0,2024-01
2050,2041.0,14234.0,2008,2,390.0,851.0,RL,Somerst,253487.0,189.6151,3282.0,304.9078,lot area verification is complete because documents are available.,0,,RL>Somerst,14234.0,228138.0,2024-01
2051,1772.0,0.0,2004,6,341.0,534.0,RM,Somerst,279021.0,164.6242,2647.0,245.9143,sale condition was reviewed and valuation status is approved.,0,,RM>Somerst,1253.63,251119.0,2024-01
2052,1196.0,9504.0,1968,8,580.0,1199.0,FV,Edwards,218123.0,111.112,2975.0,276.3865,sale condition was reviewed and valuation status is approved.,1,verified,FV>Edwards,882.95,196311.0,2024-01
2053,911.0,5228.0,1972,3,629.0,1258.0,RM,NridgHt,135994.0,84.6347,2798.0,259.9427,sale condition was reviewed and valuation status is approved.,0,,RM>NridgHt,5228.0,122395.0,2024-01
2054,1090.0,5629.0,1997,7,522.0,955.0,RL,Somerst,211937.0,101.2643,2567.0,238.4821,lot area verification is complete because documents are available.,0,,RL>Somerst,522.95,190743.0,2024-01
2055,1851.0,10102.0,2003,3,415.0,880.0,RL,Edwards,243677.0,171.9635,3146.0,292.273,lot area verification is complete because documents are available.,0,,RL>Edwards,10102.0,219309.0,2024-01
2056,1963.0,13384.0,1953,9,863.0,587.0,FV,Somerst,301414.0,182.3687,3413.0,317.0781,property inspection is complete and garage area is measured.,1,verified,FV>Somerst,13384.0,271273.0,2024-01
2057,1795.0,2296.0,1910,5,322.0,1052.0,RH,CollgCr,234428.0,166.761,3169.0,294.4097,sale condition was reviewed and valuation status is approved.,0,,RH>CollgCr,2296.0,210985.0,2024-01
2058,1697.0,10363.0,1920,8,,369.0,RL,Somerst,,157.6565,2577.0,239.4111,lot area verification is complete because documents are available.,1,verified,RL>Somerst,10363.0,280064.0,2024-01
2059,1715.0,9454.0,2007,6,225.0,622.0,RM,Edwards,261885.0,159.3287,2562.0,238.0176,sale condition was reviewed and valuation status is approved.,0,,RM>Edwards,9454.0,235696.0,2024-01
2060,728.0,14114.0,1996,9,352.0,1052.0,FV,NAmes,213496.0,67.6334,2132.0,198.0693,property inspection is complete and garage area is measured.,1,verified,FV>NAmes,14114.0,192146.0,2024-01
2061,1339.0,2000.0,1985,5,78.0,1153.0,RM,CollgCr,199516.0,124.3972,2570.0,238.7608,sale condition was reviewed and valuation status is approved.,0,,RM>CollgCr,2000.0,179564.0,2024-01
2062,1927.0,11304.0,2010,9,645.0,797.0,RM,NAmes,316356.0,179.0242,3369.0,312.9903,sale condition was reviewed and valuation status is approved.,1,verified,RM>NAmes,1050.18,284720.0,2024-01
2063,1882.0,7195.0,1922,5,105.0,780.0,RM,OldTown,252589.0,174.8435,2767.0,257.0627,lot area verfication is complete because documents are available.,0,,RM>OldTown,7195.0,227330.0,2024-01
2064,2367.0,11189.0,1980,7,122.0,873.0,RL,Edwards,313902.0,219.9015,3362.0,312.34,sale condition was reviewed and valuation status is approved.,0,,RL>Edwards,11189.0,282512.0,2024-01
2065,1561.0,20894.0,1920,4,518.0,248.0,RL,CollgCr,224268.0,145.0216,2327.0,216.1854,lot area verification is complete because documents are available.,0,,RL>CollgCr,20894.0,201841.0,2024-01
2066,1620.0,16746.0,1900,9,740.0,893.0,FV,Edwards,280618.0,150.5029,3253.0,302.2136,lot area verification is complete because documents are available.,1,verified,FV>Edwards,16746.0,252556.0,2024-01
2067,2105.0,11113.0,1952,4,676.0,1015.0,RL,Edwards,,195.5609,3796.0,352.6599,property inspection is complete and garage area is measured.,0,,RL>Edwards,1032.43,277078.0,2024-01
2068,1526.0,3800.0,1923,5,603.0,664.0,RM,NAmes,235328.0,141.77,2793.0,259.4782,property inspection is complete and garage area is measured.,0,,RM>NAmes,3800.0,211795.0,2024-01
2069,1656.0,7775.0,1941,3,202.0,249.0,RL,Edwards,191981.0,153.8474,2107.0,195.7467,zoning verification is complete and neighborhood information is confirmed.,0,,RL>Edwards,7775.0,172783.0,2024-01
2070,1555.0,14849.0,2007,6,590.0,613.0,RH,Edwards,268886.0,144.4642,2758.0,256.2266,zoning verification is complete and neighborhood information is confirmed.,0,,RH>Edwards,14849.0,241997.0,2024-01
2071,1044.0,8820.0,1921,7,,891.0,RH,NAmes,195982.0,96.9908,2305.0,214.1415,property inspection are complete and garage area is measured.,0,,RH>NAmes,8820.0,176384.0,2024-01
2072,1518.0,5720.0,1986,9,44.0,1077.0,RL,Edwards,234844.0,141.0268,2639.0,245.1711,zoning verification is complete and neighborhood information is confirmed.,1,verified,RL>Edwards,5720.0,211360.0,2024-01
2073,1769.0,10343.0,1897,8,419.0,1201.0,RH,Edwards,264201.0,164.3455,3389.0,314.8484,lot area verification is complete because documents are available.,1,verified,RH>Edwards,10343.0,237781.0,2024-01
2074,1420.0,9341.0,1968,3,588.0,1031.0,FV,Edwards,203762.0,131.9223,3039.0,282.3323,zoning verification is complete and neighborhood information is confirmed.,0,,FV>Edwards,9341.0,183386.0,2024-01
2075,1556.0,15285.0,1942,7,318.0,1079.0,RL,Somerst,241128.0,144.5571,2953.0,274.3427,sale condition was reviewed and valuation status is approved.,0,,RL>Somerst,15285.0,217015.0,2024-01
2076,2112.0,0.0,1956,5,650.0,1308.0,FV,NAmes,249314.0,196.2112,4070.0,378.1154,property inspection is complete and garage area is measured.,0,,FV>NAmes,6506.0,224383.0,2024-01
2077,954.0,7079.0,1891,2,529.0,1361.0,RL,NridgHt,130710.0,88.6295,2844.0,264.2162,zoning verification is complete and neighborhood information is confirmed.,0,,RL>NridgHt,7079.0,117639.0,2024-01
2078,1754.0,12345.0,1997,6,291.0,877.0,FV,NAmes,278335.0,162.9519,2922.0,271.4627,lot area verification is complete because documents are available.,0,,FV>NAmes,1146.89,250502.0,2024-01
2079,1839.0,11632.0,1987,7,379.0,431.0,RM,OldTown,273550.0,170.8487,2649.0,246.1002,sale condition was reviewed and valuation status is approved.,0,,RM>OldTown,11632.0,246195.0,2024-01
2080,964.0,10862.0,1940,3,214.0,662.0,FV,OldTown,148463.0,89.5585,1840.0,170.9416,property inspection is complete and garage area is measured.,0,,FV>OldTown,10862.0,133617.0,2024-01
2081,1980.0,11016.0,1992,5,517.0,771.0,RH,NridgHt,249041.0,183.948,3268.0,303.6071,lot area verification is complete because documents are available.,0,,RH>NridgHt,1023.42,224137.0,2024-01
2082,2760.0,18820.0,1932,4,649.0,881.0,RH,OldTown,335963.0,256.4124,4290.0,398.554,lot area verification is complete because documents are available.,0,,RH>OldTown,18820.0,302367.0,2024-01
2083,2048.0,7177.0,1983,3,337.0,901.0,FV,OldTown,,190.2654,3286.0,305.2794,sale condition was reviewed and valuation status is approved.,0,,FV>OldTown,666.76,248665.0,2024-01
2084,2260.0,9061.0,1942,2,611.0,1317.0,FV,NridgHt,298540.0,209.9609,4188.0,389.0779,sale condition was reviewed and valuation status is approved.,0,,FV>NridgHt,9061.0,268686.0,2024-01
2085,974.0,15930.0,1950,5,552.0,1085.0,RH,CollgCr,200263.0,90.4876,2611.0,242.5698,sale condition was reviewed and valuation status is approved.,0,,RH>CollgCr,15930.0,180237.0,2024-01
2086,1829.0,8124.0,1955,9,409.0,790.0,RM,NAmes,306493.0,169.9197,3028.0,281.3104,zoning verification is complete and neighborhood information is confirmed.,1,verified,RM>NAmes,754.74,275844.0,2024-01
2087,1655.0,14641.0,1900,7,111.0,395.0,RL,OldTown,252823.0,153.7545,2161.0,200.7635,zoning verification is complete and neighborhood information is confirmed.,0,,RL>OldTown,1360.19,227541.0,2024-01
2088,1316.0,,1949,2,0.0,1589.0,RL,NridgHt,180663.0,122.2604,2905.0,269.8833,property inspection is complete and garage area is measured.,0,,RL>NridgHt,11754.0,162597.0,2024-01
2089,2337.0,4000.0,1918,4,510.0,1616.0,RH,NridgHt,279961.0,217.1144,4463.0,414.6263,property inspection is complete and garage area is measured.,0,,RH>NridgHt,4000.0,251965.0,2024-01
2090,1309.0,7640.0,1991,9,637.0,1159.0,RL,NAmes,231154.0,121.6101,3105.0,288.4639,sale condition was reviewed and valuation status is approved.,1,verified,RL>NAmes,7640.0,208039.0,2024-01
2091,1106.0,10611.0,1978,2,523.0,852.0,RH,Edwards,163064.0,102.7508,2481.0,230.4924,lot area verification is complete because documents are available.,0,,RH>Edwards,10611.0,146758.0,2024-01
2092,1616.0,3790.0,1983,9,237.0,464.0,RL,NridgHt,278346.0,150.1313,2317.0,215.2563,property inspection is complete and garage area is measured.,1,verified,RL>NridgHt,3790.0,250511.0,2024-01
2093,1170.0,10627.0,1999,8,502.0,888.0,RM,Edwards,219003.0,108.6966,2560.0,237.8318,zoning verification is complete and neighborhood information is confirmed.,1,verified,RM>Edwards,10627.0,197103.0,2024-01
2094,2129.0,6976.0,1900,5,447.0,416.0,RL,Somerst,260033.0,197.7906,2992.0,277.9659,sale condition was reviewed and valuation status is approved.,0,,RL>Somerst,6976.0,234030.0,2024-01
2095,595.0,6649.0,1943,5,676.0,792.0,RM,CollgCr,174816.0,55.2773,2063.0,191.659,lot area verification is complete because documents are available.,0,,RM>CollgCr,6649.0,157334.0,2024-01
2096,1355.0,29474.0,1980,4,291.0,849.0,RH,Edwards,222277.0,125.8836,2495.0,231.7931,lot area verification is complete because documents are available.,0,,RH>Edwards,29474.0,200049.0,2024-01
2097,621.0,15611.0,1970,6,69.0,635.0,RM,NridgHt,130511.0,57.6928,1325.0,123.0965,lot area verification is complete because documents are available.,0,,RM>NridgHt,15611.0,117460.0,2024-01
2098,1663.0,14310.0,1897,8,,1219.0,RH,Edwards,280610.0,154.4978,3616.0,335.9374,sale condition was reviewed and valuation status is approved.,1,verified,RH>Edwards,1329.44,252549.0,2024-01
2099,1966.0,4352.0,1912,3,602.0,634.0,RH,OldTown,250450.0,182.6474,3202.0,297.4755,sale condition was reviewed and valuation status is approved.,0,,RH>OldTown,4352.0,225405.0,2024-01
2100,1713.0,4967.0,1965,4,441.0,834.0,RH,NridgHt,216622.0,159.1429,2988.0,277.5943,property inspection is complete and garage area is measured.,0,,RH>NridgHt,4967.0,194960.0,2024-01
2101,1973.0,12826.0,1963,3,377.0,1636.0,RM,NAmes,263053.0,183.2977,3986.0,370.3115,zoning verification is complete and neighborhood information is confirmed.,0,,RM>NAmes,12826.0,236748.0,2024-01
2102,965.0,,1903,2,126.0,1126.0,RH,Somerst,153845.0,89.6514,2217.0,205.966,zoning verification is complete and neighborhood information is confirmed.,0,,RH>Somerst,2000.0,138460.0,2024-01
2103,1544.0,6668.0,2004,5,402.0,1301.0,RM,Edwards,243497.0,143.4423,3247.0,301.6562,lot area verification is complete because documents are available.,0,,RM>Edwards,6668.0,219147.0,2024-01
2104,1493.0,6762.0,1913,5,,748.0,RL,NridgHt,232836.0,138.7042,3009.0,279.5452,property inspection is complete and garage area is measured.,0,,RL>NridgHt,6762.0,209552.0,2024-01
2105,1410.0,8493.0,1993,2,388.0,553.0,RL,Somerst,244326.0,130.9933,2351.0,218.415,zoning verification is complete and neighborhood information is confirmed.,0,,RL>Somerst,8493.0,219893.0,2024-01
2106,1135.0,14588.0,1993,8,459.0,972.0,RH,Edwards,188903.0,105.445,2566.0,238.3892,property inspection is complete and garage area is measured.,1,verified,RH>Edwards,14588.0,170013.0,2024-01
2107,1751.0,16060.0,2003,6,617.0,719.0,RH,NridgHt,273959.0,162.6732,3087.0,286.7917,zoning verification is complete and neighborhood information is confirmed.,0,,RH>NridgHt,16060.0,246563.0,2024-01
2108,911.0,12752.0,1901,8,109.0,1157.0,RM,OldTown,200660.0,84.6347,2177.0,202.2499,lot area verification is complete because documents are available.,1,verified,RM>OldTown,12752.0,180594.0,2024-01
2109,1496.0,5487.0,1909,8,,993.0,RL,NridgHt,266597.0,138.9829,3068.0,285.0265,property inspection is complete and garage area is measured.,1,verified,RL>NridgHt,5487.0,239937.0,2024-01
2110,1562.0,6029.0,1943,8,502.0,1452.0,RL,Somerst,233061.0,145.1145,3516.0,326.6471,zoning verification is complete and neighborhood information is confirmed.,1,verified,RL>Somerst,6029.0,209755.0,2024-01
2111,1338.0,14909.0,1991,3,722.0,965.0,RM,OldTown,212136.0,124.3043,3025.0,281.0317,lot area verification is complete because documents are available.,0,,RM>OldTown,14909.0,190922.0,2024-01
2112,909.0,13184.0,1977,4,372.0,1169.0,RH,NAmes,156122.0,84.4489,2450.0,227.6124,lot area verification is complete because documents are available.,0,,RH>NAmes,13184.0,140510.0,2024-01
2113,1633.0,14605.0,1893,7,663.0,1302.0,RM,OldTown,272162.0,151.7107,3598.0,334.2651,property inspection is complete and garage area is measured.,0,,RM>OldTown,1356.85,244946.0,2024-01
2114,1694.0,6175.0,1977,3,215.0,1135.0,FV,Somerst,211319.0,157.3777,3044.0,282.7969,sale condition was reviewed and valuation status is approved.,0,,FV>Somerst,6175.0,190187.0,2024-01
2115,1299.0,8597.0,1952,7,355.0,913.0,FV,NAmes,216097.0,120.681,2567.0,238.4821,lot area verification is complete because documents are available.,0,,FV>NAmes,8597.0,194487.0,2024-01
2116,1535.0,15059.0,1923,5,664.0,1473.0,FV,Edwards,253755.0,142.6062,3672.0,341.14,property inspection is complete and garage area is measured.,0,,FV>Edwards,15059.0,228380.0,2024-01
2117,1137.0,13662.0,1945,3,507.0,1425.0,RL,Edwards,161281.0,105.6308,3069.0,285.1194,lot area verification is complete because documents are available.,0,,RL>Edwards,13662.0,145153.0,2024-01
2118,2125.0,0.0,1917,5,517.0,699.0,FV,NAmes,290949.0,197.419,3341.0,310.3891,lot area verification is complete because documents are available.,0,,FV>NAmes,13685.0,261854.0,2024-01
2119,2445.0,12277.0,1941,3,490.0,1626.0,RH,CollgCr,,227.1479,4561.0,423.7308,lot area verification is complete because documents are available.,0,,RH>CollgCr,12277.0,287723.0,2024-01
2120,1656.0,7469.0,1914,3,566.0,613.0,FV,NridgHt,228935.0,153.8474,2835.0,263.3801,zoning verification is complete and neighborhood information is confirmed.,0,,FV>NridgHt,7469.0,206042.0,2024-01
2121,1810.0,12719.0,1971,4,718.0,950.0,FV,OldTown,226914.0,168.1545,3478.0,323.1168,property inspection is complete and garage area is measured.,0,,FV>OldTown,12719.0,204223.0,2024-01
2122,2206.0,11017.0,2007,7,572.0,898.0,FV,Edwards,,204.9441,3676.0,341.5116,sale condition was reviewed and valuation stauts are approved.,0,,FV>Edwards,11017.0,302197.0,2024-01
2123,1648.0,8047.0,1927,2,546.0,1156.0,RL,NridgHt,228419.0,153.1042,3350.0,311.2252,lot area verification is complete because documents are available.,0,,RL>NridgHt,8047.0,205577.0,2024-01
2124,2090.0,7807.0,1968,7,232.0,852.0,RH,NridgHt,287871.0,194.1674,3174.0,294.8742,sale condition were reviewed and valuation stauts is approved.,0,,RH>NridgHt,7807.0,259084.0,2024-01
2125,979.0,10974.0,1971,6,235.0,1140.0,RH,OldTown,169141.0,90.9521,2354.0,218.6938,sale condition was reviewed and valuation status is approved.,0,,RH>OldTown,10974.0,152227.0,2024-01
2126,450.0,10079.0,2007,5,422.0,662.0,FV,Edwards,136230.0,41.8064,1534.0,142.5133,zoning verification is complete and neighborhood information is confirmed.,0,,FV>Edwards,10079.0,122607.0,2024-01
2127,1804.0,8871.0,1981,3,317.0,148.0,RL,Somerst,225511.0,167.5971,2269.0,210.797,sale condition was reviewed and valuation status is approved.,0,,RL>Somerst,8871.0,202960.0,2024-01
2128,1918.0,10269.0,1900,6,381.0,978.0,RM,Somerst,,178.188,3277.0,304.4433,lot area verification is complete because documents are available.,0,,RM>Somerst,10269.0,264876.0,2024-01
2129,1300.0,8166.0,1953,6,522.0,361.0,FV,CollgCr,219930.0,120.774,2183.0,202.8073,property inspection is complete and garage area is measured.,0,,FV>CollgCr,8166.0,197937.0,2024-01
2130,1143.0,11881.0,1961,6,434.0,1025.0,FV,Somerst,215339.0,106.1882,2602.0,241.7337,lot area verification is complete because documents are available.,0,,FV>Somerst,1103.78,193805.0,2024-01
2131,1565.0,11643.0,1918,5,,720.0,FV,NridgHt,228474.0,145.3933,2738.0,254.3685,sale condition was reviewed and valuation status is approved.,0,,FV>NridgHt,11643.0,205627.0,2024-01
2132,1316.0,11906.0,1943,8,667.0,667.0,FV,OldTown,245409.0,122.2604,2650.0,246.1931,property inspection is complete and garage area is measured.,1,verified,FV>OldTown,11906.0,220868.0,2024-01
2133,2124.0,3404.0,1973,2,185.0,882.0,RH,NridgHt,262546.0,197.3261,3191.0,296.4536,zoning verification is complete and neighborhood information is confirmed.,0,,RH>NridgHt,3404.0,236291.0,2024-01
2134,726.0,6630.0,1977,5,648.0,975.0,RH,Edwards,148970.0,67.4476,2349.0,218.2292,property inspection is complete and garage area is measured.,0,,RH>Edwards,6630.0,134073.0,2024-01
2135,1406.0,6798.0,1901,2,,1038.0,FV,OldTown,149885.0,130.6217,2829.0,262.8227,property inspection is complete and garage area is measured.,0,,FV>OldTown,6798.0,134896.0,2024-01
2136,1448.0,4443.0,1981,7,570.0,189.0,RL,NridgHt,236011.0,134.5236,2207.0,205.037,zoning verification is complete and neighborhood information is confirmed.,0,,RL>NridgHt,412.77,212410.0,2024-01
2137,1142.0,15842.0,1927,6,718.0,657.0,FV,OldTown,202582.0,106.0953,2517.0,233.837,zoning verification is complete and neighborhood information is confirmed.,0,,FV>OldTown,15842.0,182324.0,2024-01
2138,1706.0,,1912,5,483.0,1203.0,FV,NridgHt,246306.0,158.4926,3392.0,315.1271,lot area verification is complete because documents are available.,0,,FV>NridgHt,11103.0,221675.0,2024-01
2139,1449.0,7639.0,1909,3,541.0,964.0,RM,Somerst,187163.0,134.6165,2954.0,274.4356,zoning verification is complete and neighborhood information is confirmed.,0,,RM>Somerst,7639.0,168447.0,2024-01
2140,2108.0,7759.0,1896,9,-616.0,1303.0,FV,CollgCr,,195.8396,4027.0,374.1205,lot area verification is complete because documents are available.,1,verified,FV>CollgCr,7759.0,286365.0,2024-01
2141,2342.0,4248.0,1937,9,642.0,2014.0,RH,NAmes,363437.0,217.5789,4998.0,464.3294,zoning verification is complete and neighborhood information is confirmed.,1,verified,RH>NAmes,4248.0,327093.0,2024-01
2142,450.0,3191.0,1911,5,-906.0,1174.0,RL,Edwards,137747.0,41.8064,2530.0,235.0447,lot area verification is complete because documents are available.,0,,RL>Edwards,296.45,123972.0,2024-01
2143,1772.0,11910.0,1961,9,383.0,1097.0,RH,OldTown,272463.0,164.6242,3252.0,302.1207,lot area verification is complete because documents are available.,1,verified,RH>OldTown,11910.0,245217.0,2024-01
2144,1143.0,19727.0,1937,9,485.0,1105.0,FV,CollgCr,247564.0,106.1882,2733.0,253.904,property inspection is complete and garage area is measured.,1,verified,FV>CollgCr,19727.0,222808.0,2024-01
2145,2249.0,13348.0,1962,3,673.0,639.0,FV,NAmes,271817.0,208.9389,3561.0,330.8277,sale condition was reviewed and valuation status is approved.,0,,FV>NAmes,13348.0,244635.0,2024-01
2146,1615.0,10469.0,1914,8,384.0,1144.0,FV,Somerst,234492.0,150.0384,3143.0,291.9943,sale condition was reviewed and valuation status is approved.,1,verified,FV>Somerst,10469.0,211043.0,2024-01
2147,1031.0,7219.0,1904,2,,894.0,RL,OldTown,135205.0,95.783,2360.0,219.2512,property inspection is complete and garage area is measured.,0,,RL>OldTown,7219.0,121684.0,2024-01
2148,1203.0,9479.0,1906,6,,1049.0,RH,NridgHt,221289.0,111.7624,2765.0,256.8769,sale condition was reviewed and valuation status is approved.,0,,RH>NridgHt,9479.0,199160.0,2024-01
2149,1024.0,2268.0,1973,8,437.0,812.0,RM,Somerst,201398.0,95.1327,2273.0,211.1686,sale condition was reviewed and valuation status is approved.,1,verified,RM>Somerst,2268.0,181258.0,2024-01
2150,1668.0,9692.0,1946,7,266.0,1334.0,RM,OldTown,258308.0,154.9623,3268.0,303.6071,zoning verification is complete and neighborhood information is confirmed.,0,,RM>OldTown,9692.0,232477.0,2024-01
2151,815.0,9084.0,1955,2,512.0,764.0,RM,OldTown,152805.0,75.716,2091.0,194.2603,zoning verification is complete and neighborhood information is confirmed.,0,,RM>OldTown,843.93,137524.0,2024-01
2152,1338.0,4506.0,1954,6,971.0,642.0,FV,OldTown,232957.0,124.3043,2951.0,274.1569,lot area verification is complete because documents are available.,0,,FV>OldTown,4506.0,209661.0,2024-01
2153,776.0,3665.0,1926,7,556.0,568.0,FV,CollgCr,171595.0,72.0928,1900.0,176.5158,zoning verification is complete and neighborhood information is confirmed.,0,,FV>CollgCr,3665.0,154436.0,2024-01
2154,1872.0,12001.0,1946,5,639.0,949.0,RM,NridgHt,271448.0,173.9145,3460.0,321.4445,property inspection is complete and garage area is measured.,0,,RM>NridgHt,12001.0,244303.0,2024-01
2155,1391.0,4546.0,1927,8,388.0,601.0,RL,Somerst,230539.0,129.2281,2380.0,221.1092,property inspection is complete and garage area is measured.,1,verified,RL>Somerst,4546.0,207485.0,2024-01
2156,1670.0,17867.0,1903,8,292.0,1186.0,RL,Somerst,278481.0,155.1481,3148.0,292.4588,lot area verification is complete because documents are available.,1,verified,RL>Somerst,17867.0,250633.0,2024-01
2157,1468.0,4251.0,1986,9,443.0,880.0,FV,Edwards,257786.0,136.3817,2791.0,259.2924,zoning verification is complete and neighborhood information is confirmed.,1,verified,FV>Edwards,4251.0,232007.0,2024-01
2158,781.0,13389.0,1911,2,244.0,1120.0,RL,NAmes,157518.0,72.5573,2145.0,199.277,zoning verification is complete and neighborhood information is confirmed.,0,,RL>NAmes,13389.0,141766.0,2024-01
2159,1300.0,3084.0,1915,3,,961.0,FV,CollgCr,210826.0,120.774,2925.0,271.7414,property inspection is complete and garage area is measured.,0,,FV>CollgCr,3084.0,189743.0,2024-01
2160,1531.0,11858.0,1957,6,758.0,1375.0,RH,NridgHt,227764.0,142.2346,3664.0,340.3967,sale condition was reviewed and valuation status is approved.,0,,RH>NridgHt,1101.64,204988.0,2024-01
2161,1180.0,7741.0,1928,6,1200.0,940.0,RL,Somerst,211321.0,109.6256,3320.0,308.4381,sale condition was reviewed and valuation status is approved.,0,,RL>Somerst,719.16,190189.0,2024-01
2162,909.0,9065.0,1904,6,,677.0,RM,Edwards,203729.0,84.4489,1803.0,167.5042,sale condition was reviewed and valuation status is approved.,0,,RM>Edwards,842.17,183356.0,2024-01
2163,2436.0,,1997,4,504.0,837.0,RM,CollgCr,314365.0,226.3118,3777.0,350.8948,property inspection is complete and garage area is measured.,0,,RM>CollgCr,11293.0,282928.0,2024-01
2164,980.0,6870.0,1952,7,675.0,1229.0,RH,CollgCr,221771.0,91.045,2884.0,267.9324,property inspection is complete and garage area is measured.,0,,RH>CollgCr,638.24,199594.0,2024-01
2165,1162.0,13469.0,1974,2,205.0,524.0,RL,NAmes,167455.0,107.9533,1891.0,175.6796,property inspection is complete and garage area is measured.,0,,RL>NAmes,13469.0,150710.0,2024-01
2166,1533.0,12181.0,1963,2,461.0,1171.0,RM,OldTown,205560.0,142.4204,3165.0,294.0381,lot area verification is complete because documents are available.,0,,RM>OldTown,12181.0,185004.0,2024-01
2167,1372.0,6547.0,1962,6,110.0,1117.0,RL,NridgHt,197162.0,127.463,2599.0,241.455,lot area verification is complete because documents are available.,0,,RL>NridgHt,6547.0,177446.0,2024-01
2168,1684.0,5227.0,1960,6,183.0,897.0,FV,CollgCr,234260.0,156.4487,2764.0,256.784,property inspection are complete and garage area is measured.,0,,FV>CollgCr,5227.0,210834.0,2024-01
2169,1185.0,9837.0,1982,6,298.0,720.0,RL,CollgCr,192968.0,110.0901,2203.0,204.6654,sale condition was reviewed and valuation status is approved.,0,,RL>CollgCr,9837.0,173671.0,2024-01
2170,1381.0,11698.0,1929,2,454.0,990.0,RH,NAmes,232248.0,128.2991,2825.0,262.4511,zoning verification is complete and neighborhood information is confirmed.,0,,RH>NAmes,11698.0,209023.0,2024-01
2171,1745.0,7036.0,1977,4,704.0,1274.0,FV,Edwards,232979.0,162.1158,3723.0,345.878,lot area verification is complete because documents are available.,0,,FV>Edwards,7036.0,209681.0,2024-01
2172,1587.0,10384.0,1933,4,757.0,680.0,RM,OldTown,246503.0,147.4371,3024.0,280.9388,lot area verification is complete because documents are available.,0,,RM>OldTown,10384.0,221853.0,2024-01
2173,2002.0,13031.0,1928,5,185.0,1154.0,RL,NridgHt,265286.0,185.9919,3341.0,310.3891,lot area verification is complete because documents are available.,0,,RL>NridgHt,13031.0,238757.0,2024-01
2174,1544.0,11790.0,1901,5,,1313.0,RM,NridgHt,237845.0,143.4423,3323.0,308.7168,sale condition were reviewed and valuation status is aproved.,0,,RM>NridgHt,11790.0,214060.0,2024-01
2175,1382.0,8332.0,1968,6,328.0,1090.0,RH,CollgCr,225553.0,128.392,2800.0,260.1285,sale condition was reviewed and valuation status is approved.,0,,RH>CollgCr,8332.0,202998.0,2024-01
2176,1984.0,15200.0,1919,5,,1064.0,RH,Somerst,231610.0,184.3196,3384.0,314.3839,zoning verification is complete and neighborhood information is confirmed.,0,,RH>Somerst,15200.0,208449.0,2024-01
2177,1214.0,7538.0,2009,7,746.0,1265.0,FV,CollgCr,210829.0,112.7843,3225.0,299.6123,zoning verification is complete and neighborhood information is confirmed.,0,,FV>CollgCr,7538.0,189746.0,2024-01
2178,1415.0,2000.0,1999,4,571.0,945.0,RH,NridgHt,211578.0,131.4578,2931.0,272.2988,lot area verification is complete because documents are available.,0,,RH>NridgHt,2000.0,190420.0,2024-01
2179,1425.0,2764.0,1909,3,765.0,718.0,RM,NridgHt,183000.0,132.3868,2908.0,270.162,lot area verification is complete because documents are available.,0,,RM>NridgHt,2764.0,164700.0,2024-01
2180,1778.0,8583.0,2052,5,703.0,1471.0,RL,Edwards,249752.0,165.1816,3952.0,367.1528,property inspection is complete and garage area is measured.,0,,RL>Edwards,797.39,224777.0,2024-01
2181,1901.0,8186.0,1944,8,402.0,1426.0,RL,Edwards,301858.0,176.6087,3729.0,346.4354,lot area verification is complete because documents are available.,1,verified,RL>Edwards,8186.0,271672.0,2024-01
2182,1452.0,8734.0,1890,2,,949.0,RL,NAmes,217652.0,134.8952,2819.0,261.8937,lot area verification is complete because documents are available.,0,,RL>NAmes,8734.0,195887.0,2024-01
2183,1419.0,7884.0,1947,7,935.0,990.0,RH,Somerst,230971.0,131.8294,3344.0,310.6678,zoning verification is complete and neighborhood information is confirmed.,0,,RH>Somerst,7884.0,207874.0,2024-01
2184,1432.0,8224.0,1906,9,685.0,1575.0,RL,OldTown,252166.0,133.0372,3692.0,342.998,sale condition was reviewed and valuation status is approved.,1,verified,RL>OldTown,8224.0,226949.0,2024-01
2185,1595.0,5971.0,1950,2,306.0,503.0,FV,NridgHt,209289.0,148.1803,2404.0,223.3389,lot area verification is complete because documents are available.,0,,FV>NridgHt,5971.0,188360.0,2024-01
2186,1688.0,12442.0,1935,3,657.0,902.0,RM,OldTown,243840.0,156.8203,3247.0,301.6562,lot area verification is complete because documents are available.,0,,RM>OldTown,1155.9,219456.0,2024-01
2187,1833.0,9283.0,1916,2,452.0,768.0,RM,Edwards,230176.0,170.2913,3053.0,283.633,lot area verification is complete because documents are available.,0,,RM>Edwards,9283.0,207158.0,2024-01
2188,806.0,13831.0,1914,2,841.0,1083.0,FV,NAmes,161891.0,74.8799,2730.0,253.6253,property inspection is complete and garage area is measured.,0,,FV>NAmes,1284.94,145702.0,2024-01
2189,1251.0,11079.0,2000,9,386.0,804.0,RH,NridgHt,244523.0,116.2217,2441.0,226.7763,sale condition was reviewed and valuation status is approved.,1,verified,RH>NridgHt,11079.0,220071.0,2024-01
2190,1947.0,7871.0,2000,8,459.0,1499.0,RH,Somerst,,180.8822,3905.0,362.7864,zoning verification is complete and neighborhood information is confirmed.,1,verified,RH>Somerst,7871.0,252165.0,2024-01
2191,999.0,8967.0,1937,2,775.0,850.0,RL,OldTown,150984.0,92.8101,2624.0,243.7776,sale condition was reviewed and valuation status is approved.,0,,RL>OldTown,8967.0,135886.0,2024-01
2192,946.0,10886.0,1960,5,378.0,722.0,RL,OldTown,175231.0,87.8863,2046.0,190.0796,property inspection is complete and garage area is measured.,0,,RL>OldTown,10886.0,157708.0,2024-01
2193,1695.0,5703.0,1898,7,140.0,635.0,RH,Edwards,267712.0,157.4707,2470.0,229.4705,property inspection is complete and garage area is measured.,0,,RH>Edwards,5703.0,240941.0,2024-01
2194,852.0,11014.0,2008,9,973.0,973.0,RM,NridgHt,211505.0,79.1534,2798.0,259.9427,property inspection is complete and garage area is measured.,1,verified,RM>NridgHt,11014.0,190354.0,2024-01
2195,1782.0,12246.0,1979,2,919.0,404.0,RM,OldTown,253975.0,165.5532,3105.0,288.4639,zoning verification is complete and neighborhood information is confirmed.,0,,RM>OldTown,12246.0,228578.0,2024-01
2196,1900.0,2000.0,1947,4,380.0,1159.0,FV,Edwards,270530.0,176.5158,3439.0,319.4936,property inspection is complete and garage area is measured.,0,,FV>Edwards,2000.0,243477.0,2024-01
2197,2112.0,6277.0,1948,9,565.0,1488.0,RL,OldTown,308497.0,196.2112,4165.0,386.9412,property inspection is complete and garage area is measured.,1,verified,RL>OldTown,6277.0,277647.0,2024-01
2198,1664.0,12702.0,2001,6,794.0,536.0,RH,CollgCr,,154.5907,2994.0,278.1517,zoning verification is complete and neighborhood information is confirmed.,0,,RH>CollgCr,12702.0,255988.0,2024-01
2199,1643.0,11526.0,1993,5,555.0,1051.0,RL,CollgCr,233294.0,152.6397,3249.0,301.842,zoning verification is complete and neighborhood information is confirmed.,0,,RL>CollgCr,11526.0,209965.0,2024-01
2200,450.0,9183.0,2002,4,191.0,864.0,FV,OldTown,72223.0,41.8064,1505.0,139.8191,sale condition was reviewed and valuation status is approved.,0,,FV>OldTown,9183.0,65001.0,2024-01
2201,1282.0,10346.0,1912,2,252.0,689.0,RL,CollgCr,187289.0,119.1017,2223.0,206.5235,property inspection is complete and garage area is measured.,0,,RL>CollgCr,10346.0,168560.0,2024-01
2202,2064.0,9846.0,1973,8,715.0,569.0,RH,OldTown,,191.7519,3348.0,311.0394,sale condition was reviewed and valuation status is approved.,1,verified,RH>OldTown,9846.0,311961.0,2024-01
2203,1013.0,15096.0,1927,3,338.0,1086.0,RH,CollgCr,137316.0,94.1108,2437.0,226.4047,sale condition was reviewed and valuation status is approved.,0,,RH>CollgCr,15096.0,123584.0,2024-01
2204,1199.0,5074.0,1977,9,501.0,806.0,RL,OldTown,230389.0,111.3907,2506.0,232.815,property inspection is complete and garage area is measured.,1,verified,RL>OldTown,5074.0,207350.0,2024-01
2205,1715.0,13980.0,2009,2,457.0,547.0,RL,NAmes,219775.0,159.3287,2719.0,252.6034,zoning verification is complete and neighborhood information is confirmed.,0,,RL>NAmes,13980.0,197798.0,2024-01
2206,1823.0,11409.0,1896,9,,1267.0,FV,OldTown,268869.0,169.3622,3578.0,332.4071,lot area verification is complete because documents are available.,1,verified,FV>OldTown,1059.93,241982.0,2024-01
2207,1749.0,15072.0,1894,9,,960.0,RL,CollgCr,348719.0,162.4874,3569.0,331.5709,zoning verification is complete and neighborhood information is confirmed.,1,verified,RL>CollgCr,15072.0,313847.0,2024-01
2208,1808.0,12681.0,1975,3,543.0,1175.0,FV,Edwards,220154.0,167.9687,3526.0,327.5761,property inspection is complete and garage area is measured.,0,,FV>Edwards,1178.1,198139.0,2024-01
2209,1992.0,11837.0,1971,7,486.0,1544.0,RL,NAmes,,185.0629,4022.0,373.656,lot area verification are complete becuase documents are available.,0,,RL>NAmes,1099.69,275344.0,2024-01
2210,1865.0,9887.0,1974,5,479.0,1107.0,RH,NAmes,263402.0,173.2642,3451.0,320.6084,property inspection is complete and garage area is measured.,0,,RH>NAmes,9887.0,237062.0,2024-01
2211,2029.0,9780.0,1995,9,448.0,947.0,RL,NridgHt,,188.5003,3424.0,318.1,lot area verification is complete because documents are available.,1,verified,RL>NridgHt,908.59,274166.0,2024-01
2212,1415.0,16484.0,1967,5,613.0,806.0,RH,Edwards,210699.0,131.4578,2834.0,263.2872,lot area verification is complete because documents are available.,0,,RH>Edwards,16484.0,189629.0,2024-01
2213,1259.0,4645.0,1964,7,52.0,1146.0,FV,Edwards,223004.0,116.9649,2457.0,228.2628,zoning verification is complete and neighborhood information is confirmed.,0,,FV>Edwards,4645.0,200704.0,2024-01
2214,2220.0,7043.0,1997,9,536.0,1256.0,RL,NridgHt,329580.0,206.2447,4012.0,372.727,lot area verification is complete because documents are available.,1,verified,RL>NridgHt,654.32,296622.0,2024-01
2215,1568.0,13748.0,1944,4,400.0,1406.0,RL,NridgHt,233200.0,145.672,3374.0,313.4549,sale condition was reviewed and valuation status is approved.,0,,RL>NridgHt,13748.0,209880.0,2024-01
2216,1698.0,12499.0,1973,8,627.0,322.0,RH,CollgCr,282444.0,157.7494,2647.0,245.9143,sale condition was reviewed and valuation status is approved.,1,verified,RH>CollgCr,1161.19,254200.0,2024-01
2217,1348.0,17880.0,2003,8,538.0,1141.0,RM,OldTown,262495.0,125.2333,3027.0,281.2175,sale condition was reviewed and valuation status is approved.,1,verified,RM>OldTown,17880.0,236246.0,2024-01
2218,888.0,7972.0,1890,9,366.0,1156.0,RM,Edwards,167894.0,82.4979,2410.0,223.8963,sale condition was reviewed and valuation status is approved.,1,verified,RM>Edwards,7972.0,151105.0,2024-01
2219,1944.0,10526.0,1956,7,394.0,1719.0,RH,Edwards,253803.0,180.6035,4057.0,376.9076,lot area verification is complete because documents are available.,0,,RH>Edwards,10526.0,228423.0,2024-01
2220,1863.0,15002.0,1955,3,488.0,1118.0,FV,Edwards,260776.0,173.0784,3469.0,322.2806,zoning verification is complete and neighborhood information is confirmed.,0,,FV>Edwards,15002.0,234698.0,2024-01
2221,1821.0,11995.0,1924,4,354.0,610.0,RM,CollgCr,219934.0,169.1764,2785.0,258.735,sale condition was reviewed and valuation status is approved.,0,,RM>CollgCr,11995.0,197941.0,2024-01
2222,942.0,15043.0,1952,6,551.0,891.0,RL,Somerst,208151.0,87.5147,2384.0,221.4808,zoning verification is complete and neighborhood information is confirmed.,0,,RL>Somerst,15043.0,187336.0,2024-01
2223,1559.0,7769.0,1928,9,514.0,1041.0,RH,NAmes,260250.0,144.8358,3114.0,289.3001,property inspection is complete and garage area is measured.,1,verified,RH>NAmes,7769.0,234225.0,2024-01
2224,1934.0,12405.0,1999,3,563.0,742.0,RH,NAmes,238816.0,179.6745,3239.0,300.9129,property inspection is complete and garage area is measured.,0,,RH>NAmes,12405.0,214934.0,2024-01
2225,1012.0,4406.0,1977,7,258.0,408.0,RL,NridgHt,207803.0,94.0179,1678.0,155.8913,property inspection is complete and garage area is measured.,0,,RL>NridgHt,4406.0,187023.0,2024-01
2226,1100.0,15538.0,1935,3,616.0,1144.0,RM,Edwards,197699.0,102.1933,2860.0,265.7027,property inspection is complete and garage area is measured.,0,,RM>Edwards,1443.53,177929.0,2024-01
2227,1629.0,11354.0,1993,4,199.0,202.0,RM,CollgCr,232457.0,151.3391,2030.0,188.5932,property inspection is complete and garage area is measured.,0,,RM>CollgCr,11354.0,209211.0,2024-01
2228,1038.0,12524.0,1986,5,698.0,700.0,RM,Edwards,182616.0,96.4334,2436.0,226.3118,zoning verification is complete and neighborhood information is confirmed.,0,,RM>Edwards,12524.0,164354.0,2024-01
2229,450.0,8454.0,1897,2,,1185.0,RL,OldTown,98780.0,41.8064,2018.0,187.4783,sale condition was reviewed and valuation status is approved.,0,,RL>OldTown,8454.0,88902.0,2024-01
2230,1296.0,11653.0,1965,5,613.0,975.0,RL,CollgCr,208256.0,120.4023,2884.0,267.9324,lot area verification is complete because documents are available.,0,,RL>CollgCr,1082.6,187430.0,2024-01
2231,1163.0,,1972,2,423.0,623.0,RH,NridgHt,146886.0,108.0462,2209.0,205.2228,lot area verification is complete because documents are available.,0,,RH>NridgHt,15212.0,132197.0,2024-01
2232,1733.0,6298.0,1979,2,562.0,1073.0,RM,CollgCr,223878.0,161.001,3368.0,312.8974,lot area verification is complete because documents are available.,0,,RM>CollgCr,585.1,201490.0,2024-01
2233,1897.0,16587.0,1976,6,584.0,832.0,RH,OldTown,290860.0,176.2371,3313.0,307.7878,sale condition was reviewed and valuation status is approved.,0,,RH>OldTown,16587.0,261774.0,2024-01
2234,1204.0,11925.0,1960,3,426.0,1296.0,RM,CollgCr,179945.0,111.8553,2926.0,271.8343,property inspection is complete and garage area is measured.,0,,RM>CollgCr,1107.87,161950.0,2024-01
2235,2541.0,7617.0,1939,6,951.0,109.0,RL,NAmes,373367.0,236.0666,3601.0,334.5438,property inspection is complete and garage area is measured.,0,,RL>NAmes,7617.0,336030.0,2024-01
2236,1644.0,8008.0,1948,8,347.0,1335.0,RM,NridgHt,247468.0,152.7326,3326.0,308.9955,zoning verification is complete and neighborhood information is confirmed.,1,verified,RM>NridgHt,8008.0,222721.0,2024-01
2237,1182.0,12338.0,1993,9,405.0,749.0,FV,Somerst,233398.0,109.8114,2336.0,217.0215,lot area verfication are complete because documents are available.,1,verified,FV>Somerst,1146.24,210058.0,2024-01
2238,1767.0,8253.0,1964,4,606.0,663.0,RH,OldTown,239881.0,164.1597,3036.0,282.0536,zoning verification is complete and neighborhood information is confirmed.,0,,RH>OldTown,8253.0,215893.0,2024-01
2239,1685.0,,1893,9,306.0,588.0,RL,CollgCr,279254.0,156.5416,2579.0,239.5969,property inspection is complete and garage area is measured.,1,verified,RL>CollgCr,1283.45,251329.0,2024-01
2240,1724.0,11296.0,1966,8,371.0,1104.0,RM,CollgCr,244068.0,160.1648,3199.0,297.1968,sale condition was reviewed and valuation status is approved.,1,verified,RM>CollgCr,11296.0,219661.0,2024-01
2241,2193.0,16247.0,2005,2,550.0,1200.0,FV,Somerst,,203.7364,3943.0,366.3167,sale condition was reviewed and valuation status is approved.,0,,FV>Somerst,16247.0,266447.0,2024-01
2242,1056.0,12263.0,1909,3,,1359.0,RH,NAmes,199658.0,98.1056,3210.0,298.2188,sale condition was reviewed and valuation status is approved.,0,,RH>NAmes,12263.0,179692.0,2024-01
2243,1790.0,14298.0,1891,8,318.0,999.0,RL,Edwards,,166.2964,3107.0,288.6497,zoning verification is complete and neighborhood information is confirmed.,1,verified,RL>Edwards,14298.0,260190.0,2024-01
2244,1534.0,10937.0,1899,7,,1517.0,RM,CollgCr,225018.0,142.5133,3552.0,329.9916,zoning verification is complete and neighborhood information is confirmed.,0,,RM>CollgCr,10937.0,202516.0,2024-01
2245,729.0,5099.0,1940,4,689.0,1227.0,FV,Edwards,161970.0,67.7263,2645.0,245.7285,sale condition was reviewed and valuation status is approved.,0,,FV>Edwards,5099.0,145773.0,2024-01
2246,837.0,9985.0,1913,4,415.0,679.0,FV,Somerst,129924.0,77.7598,1931.0,179.3958,sale condition was reviewed and valuation status is approved.,0,,FV>Somerst,927.64,116932.0,2024-01
2247,2013.0,4629.0,1971,5,156.0,732.0,RM,CollgCr,243379.0,187.0138,2901.0,269.5117,zoning verification is complete and neighborhood information is confirmed.,0,,RM>CollgCr,4629.0,219041.0,2024-01
2248,1859.0,10334.0,1890,4,453.0,1463.0,FV,NridgHt,244859.0,172.7068,3775.0,350.709,zoning verification is complete and neighborhood information is confirmed.,0,,FV>NridgHt,10334.0,220373.0,2024-01
2249,2184.0,11974.0,1969,5,540.0,797.0,RM,CollgCr,293324.0,202.9002,3521.0,327.1116,property inspection is complete and garage area is measured.,0,,RM>CollgCr,11974.0,263992.0,2024-01
2250,1619.0,7688.0,2007,9,505.0,770.0,RM,Somerst,295107.0,150.41,2894.0,268.8614,lot area verification is complete because documents are available.,1,verified,RM>Somerst,7688.0,265596.0,2024-01
2251,712.0,7163.0,1921,2,,1264.0,RM,NAmes,135953.0,66.147,2264.0,210.3325,lot area verification is complete because documents are available.,0,,RM>NAmes,7163.0,122358.0,2024-01
2252,1390.0,15113.0,1898,4,924.0,1277.0,RH,NridgHt,242438.0,129.1352,3591.0,333.6148,sale condition was reviewed and valuation status is approved.,0,,RH>NridgHt,1404.04,218194.0,2024-01
2253,1410.0,3838.0,1992,3,514.0,1022.0,FV,Edwards,174675.0,130.9933,2946.0,273.6924,property inspection is complete and garage area is measured.,0,,FV>Edwards,3838.0,157208.0,2024-01
2254,1463.0,15917.0,1989,5,434.0,1116.0,RM,Edwards,241854.0,135.9171,3013.0,279.9169,property inspection is complete and garage area is measured.,0,,RM>Edwards,15917.0,217669.0,2024-01
2255,1056.0,12903.0,1983,7,441.0,632.0,RM,Somerst,170406.0,98.1056,2129.0,197.7906,zoning verfication are complete and neighborhood information is confirmed.,0,,RM>Somerst,12903.0,153365.0,2024-01
2256,2101.0,4041.0,1921,9,409.0,427.0,FV,Edwards,302989.0,195.1893,2937.0,272.8562,lot area verification is complete because documents are available.,1,verified,FV>Edwards,4041.0,272690.0,2024-01
2257,1119.0,2000.0,1954,7,481.0,715.0,RL,OldTown,214780.0,103.9585,2315.0,215.0705,sale condition was reviewed and valuation status is approved.,0,,RL>OldTown,185.81,193302.0,2024-01
2258,1514.0,6212.0,1972,4,163.0,1209.0,RH,CollgCr,227282.0,140.6552,2886.0,268.1182,sale condition was reviewed and valuation status is approved.,0,,RH>CollgCr,6212.0,204554.0,2024-01
2259,1161.0,7541.0,1967,3,450.0,817.0,RH,Edwards,171605.0,107.8604,2428.0,225.5686,lot area verification is complete because documents are available.,0,,RH>Edwards,700.58,154444.0,2024-01
2260,1797.0,9894.0,1920,9,,1410.0,RM,CollgCr,282887.0,166.9468,3662.0,340.2109,lot area verification is complete because documents are available.,1,verified,RM>CollgCr,919.18,254598.0,2024-01
2261,938.0,8836.0,1899,7,292.0,942.0,RL,CollgCr,191489.0,87.1431,2172.0,201.7854,property inspection is complete and garage area is measured.,0,,RL>CollgCr,8836.0,172340.0,2024-01
2262,908.0,12814.0,1993,5,573.0,473.0,RM,NridgHt,154028.0,84.356,1954.0,181.5325,lot area verification is complete because documents are available.,0,,RM>NridgHt,12814.0,138625.0,2024-01
2263,1940.0,6996.0,1930,6,726.0,603.0,RL,CollgCr,281309.0,180.2319,3269.0,303.7,zoning verification is complete and neighborhood information is confirmed.,0,,RL>CollgCr,649.95,253178.0,2024-01
2264,1697.0,10082.0,1936,4,552.0,524.0,FV,Edwards,240622.0,157.6565,2773.0,257.6201,zoning verification are complete and neighborhood infromation is confirmed.,0,,FV>Edwards,10082.0,216560.0,2024-01
2265,2244.0,9003.0,1993,5,192.0,1051.0,FV,CollgCr,316964.0,208.4744,3487.0,323.9529,zoning verification is complete and neighborhood information is confirmed.,0,,FV>CollgCr,9003.0,285268.0,2024-01
2266,1600.0,10205.0,1984,2,347.0,1144.0,RM,CollgCr,227473.0,148.6449,3091.0,287.1633,sale condition was reviewed and valuation status is approved.,0,,RM>CollgCr,10205.0,204726.0,2024-01
2267,1620.0,12128.0,1896,6,590.0,1167.0,RH,Somerst,284714.0,150.5029,3377.0,313.7336,sale condition was reviewed and valuation status is approved.,0,,RH>Somerst,12128.0,256243.0,2024-01
2268,1093.0,10651.0,1965,5,477.0,639.0,RM,Somerst,198837.0,101.543,2209.0,205.2228,zoning verification is complete and neighborhood information is confirmed.,0,,RM>Somerst,10651.0,178953.0,2024-01
2269,2025.0,13208.0,1944,3,281.0,1237.0,RL,NAmes,241244.0,188.1287,3543.0,329.1555,lot area verification is complete because documents are available.,0,,RL>NAmes,13208.0,217120.0,2024-01
2270,1932.0,12927.0,1950,4,357.0,1353.0,RM,NAmes,245393.0,179.4887,3642.0,338.3529,zoning verification is complete and neighborhood information is confirmed.,0,,RM>NAmes,12927.0,220854.0,2024-01
2271,1942.0,4930.0,1942,7,567.0,851.0,FV,CollgCr,304962.0,180.4177,3360.0,312.1542,property inspection is complete and garage area is measured.,0,,FV>CollgCr,4930.0,274466.0,2024-01
2272,1642.0,12151.0,1968,5,627.0,1068.0,RH,NridgHt,263510.0,152.5468,3337.0,310.0174,sale condition was reviewed and valuation status is approved.,0,,RH>NridgHt,12151.0,237159.0,2024-01
2273,1288.0,7919.0,1953,6,360.0,699.0,RH,NridgHt,206975.0,119.6591,2347.0,218.0434,property inspection is complete and garage area is measured.,0,,RH>NridgHt,735.7,186278.0,2024-01
2274,1521.0,12133.0,1901,8,,1002.0,RL,Edwards,243435.0,141.3055,2839.0,263.7517,lot area verification is complete because documents are available.,1,verified,RL>Edwards,1127.19,219092.0,2024-01
2275,1619.0,12102.0,1891,9,605.0,1111.0,RL,NridgHt,279899.0,150.41,3335.0,309.8316,sale condition was reviewed and valuation status is approved.,1,verified,RL>NridgHt,12102.0,251909.0,2024-01
2276,1445.0,7369.0,1905,9,629.0,1120.0,RM,NAmes,264367.0,134.2449,3194.0,296.7323,sale condition was reviewed and valuation status is approved.,1,verified,RM>NAmes,7369.0,237930.0,2024-01
2277,1380.0,10973.0,1942,9,261.0,417.0,FV,Edwards,229105.0,128.2062,2058.0,191.1945,lot area verification is complete because documents are available.,1,verified,FV>Edwards,10973.0,206194.0,2024-01
2278,1853.0,,1996,5,0.0,794.0,RM,NAmes,221155.0,172.1493,2647.0,245.9143,zoning verification is complete and neighborhood information is confirmed.,0,,RM>NAmes,10214.0,199040.0,2024-01
2279,1979.0,13039.0,1918,6,,1091.0,FV,OldTown,,183.8551,3399.0,315.7774,lot area verification is complete because documents are available.,0,,FV>OldTown,13039.0,277629.0,2024-01
2280,1122.0,12137.0,1986,4,461.0,1028.0,FV,Somerst,166758.0,104.2372,2611.0,242.5698,sale condition was reviewed and valuation status is approved.,0,,FV>Somerst,12137.0,150082.0,2024-01
2281,1601.0,13047.0,2004,6,185.0,1143.0,FV,NAmes,229062.0,148.7378,2929.0,272.113,sale condition was reviewed and valuation status is approved.,0,,FV>NAmes,13047.0,206156.0,2024-01
2282,2216.0,11853.0,1895,9,473.0,988.0,RH,OldTown,328690.0,205.8731,3677.0,341.6045,zoning verification are complete and neighborhood infromation is confirmed.,1,verified,RH>OldTown,11853.0,295821.0,2024-01
2283,1215.0,3319.0,1914,6,592.0,571.0,RH,NAmes,219680.0,112.8772,2378.0,220.9234,property inspection is complete and garage area is measured.,0,,RH>NAmes,3319.0,197712.0,2024-01
2284,1397.0,13182.0,2008,2,820.0,1450.0,FV,CollgCr,222073.0,129.7855,3667.0,340.6754,property inspection is complete and garage area is measured.,0,,FV>CollgCr,13182.0,199866.0,2024-01
2285,1183.0,11415.0,1990,2,309.0,1188.0,RL,Somerst,144382.0,109.9043,2680.0,248.9801,zoning verification is complete and neighborhood information is confirmed.,0,,RL>Somerst,11415.0,129944.0,2024-01
2286,1479.0,19493.0,2090,5,330.0,589.0,FV,Somerst,255153.0,137.4036,2398.0,222.7815,sale condition was reviewed and valuation status is approved.,0,,FV>Somerst,1810.96,229638.0,2024-01
2287,1649.0,13065.0,1914,7,,1037.0,RM,CollgCr,241896.0,153.1971,3280.0,304.722,lot area verification is complete because documents are available.,0,,RM>CollgCr,1213.78,217706.0,2024-01
2288,1564.0,13984.0,1932,5,497.0,1074.0,RH,NridgHt,258583.0,145.3004,3135.0,291.251,lot area verification is complete because documents are available.,0,,RH>NridgHt,13984.0,232725.0,2024-01
2289,1887.0,13975.0,1919,9,435.0,725.0,RH,CollgCr,306707.0,175.308,3047.0,283.0756,zoning verification is complete and neighborhood information is confirmed.,1,verified,RH>CollgCr,13975.0,276036.0,2024-01
2290,1563.0,11056.0,1959,7,428.0,718.0,FV,OldTown,282682.0,145.2075,2709.0,251.6743,zoning verification is complete and neighborhood information is confirmed.,0,,FV>OldTown,11056.0,254414.0,2024-01
2291,1686.0,7609.0,1928,6,15.0,1013.0,RH,NAmes,263336.0,156.6345,2714.0,252.1389,lot area verification are complete becuase documents are available.,0,,RH>NAmes,7609.0,237002.0,2024-01
2292,1326.0,11394.0,1900,9,87.0,0.0,FV,Somerst,251792.0,123.1894,1413.0,131.272,sale condition was reviewed and valuation status is approved.,1,verified,FV>Somerst,11394.0,226613.0,2024-01
2293,1038.0,12121.0,1971,7,616.0,1154.0,RL,Edwards,210034.0,96.4334,2808.0,260.8717,zoning verification is complete and neighborhood information is confirmed.,0,,RL>Edwards,12121.0,189031.0,2024-01
2294,2326.0,9047.0,1923,6,376.0,887.0,RH,NAmes,283838.0,216.0925,3589.0,333.429,sale condition was reviewed and valuation status is approved.,0,,RH>NAmes,9047.0,255454.0,2024-01
2295,1802.0,2057.0,1999,3,232.0,1041.0,RL,CollgCr,240487.0,167.4113,3075.0,285.6768,property inspection are complete and garage area is measured.,0,,RL>CollgCr,2057.0,216438.0,2024-01
2296,1199.0,6968.0,1947,7,137.0,1589.0,RM,NAmes,206081.0,111.3907,2925.0,271.7414,sale condition was reviewed and valuation status is approved.,0,,RM>NAmes,6968.0,185473.0,2024-01
2297,1514.0,9673.0,1948,4,300.0,1022.0,RH,Somerst,220328.0,140.6552,2836.0,263.473,property inspection is complete and garage area is measured.,0,,RH>Somerst,9673.0,198295.0,2024-01
2298,1808.0,18912.0,2000,8,542.0,751.0,FV,CollgCr,269984.0,167.9687,3101.0,288.0923,lot area verification is complete because documents are available.,1,verified,FV>CollgCr,18912.0,242986.0,2024-01
2299,1371.0,8704.0,1923,6,584.0,429.0,RH,Somerst,203755.0,127.3701,2384.0,221.4808,zoning verification is complete and neighborhood information is confirmed.,0,,RH>Somerst,8704.0,183380.0,2024-01
2300,1518.0,20254.0,1972,2,93.0,1109.0,FV,NAmes,198843.0,141.0268,2720.0,252.6963,sale condition was reviewed and valuation status is approved.,0,,FV>NAmes,20254.0,178959.0,2024-01
2301,1745.0,10688.0,1989,2,313.0,577.0,RM,OldTown,216979.0,162.1158,2635.0,244.7995,lot area verification is complete because documents are available.,0,,RM>OldTown,10688.0,195281.0,2024-01
2302,1685.0,9494.0,1994,9,593.0,663.0,FV,CollgCr,273844.0,156.5416,2941.0,273.2278,sale condition was reviewed and valuation status is approved.,1,verified,FV>CollgCr,9494.0,246460.0,2024-01
2303,852.0,9165.0,2009,6,611.0,1278.0,FV,NridgHt,173998.0,79.1534,2741.0,254.6472,zoning verification is complete and neighborhood information is confirmed.,0,,FV>NridgHt,9165.0,156598.0,2024-01
2304,1504.0,13230.0,1904,9,,1012.0,RH,NridgHt,272665.0,139.7262,2909.0,270.2549,property inspection is complete and garage area is measured.,1,verified,RH>NridgHt,13230.0,245398.0,2024-01
2305,788.0,8044.0,1987,6,264.0,607.0,RM,OldTown,189434.0,73.2076,1659.0,154.1261,lot area verification are complete because documments are available.,0,,RM>OldTown,8044.0,170491.0,2024-01
2306,1636.0,10280.0,1978,5,465.0,907.0,RL,NridgHt,266222.0,151.9894,3008.0,279.4523,zoning verification is complete and neighborhood information is confirmed.,0,,RL>NridgHt,10280.0,239600.0,2024-01
2307,1637.0,6208.0,1948,7,236.0,1008.0,RM,Somerst,235138.0,152.0823,2881.0,267.6537,lot area verification is complete because documents are available.,0,,RM>Somerst,6208.0,211624.0,2024-01
2308,1552.0,5648.0,1991,3,465.0,916.0,RL,OldTown,219430.0,144.1855,2933.0,272.4846,sale condition was reviewed and valuation status is approved.,0,,RL>OldTown,5648.0,197487.0,2024-01
2309,1778.0,,1987,2,683.0,755.0,RH,Edwards,244816.0,165.1816,3216.0,298.7762,property inspection is complete and garage area is measured.,0,,RH>Edwards,13011.0,220334.0,2024-01
2310,730.0,3608.0,1976,8,649.0,985.0,RM,NridgHt,159295.0,67.8192,2364.0,219.6228,sale condition was reviewed and valuation status is approved.,1,verified,RM>NridgHt,3608.0,143366.0,2024-01
2311,1355.0,8117.0,1898,2,241.0,1147.0,RH,OldTown,185436.0,125.8836,2743.0,254.833,sale condition was reviewed and valuation status is approved.,0,,RH>OldTown,8117.0,166892.0,2024-01
2312,1241.0,12118.0,1914,5,,995.0,RM,Somerst,170143.0,115.2927,2639.0,245.1711,sale condition was reviewed and valuation status is approved.,0,,RM>Somerst,12118.0,153129.0,2024-01
2313,1310.0,8422.0,1966,2,746.0,1110.0,RH,Somerst,161093.0,121.703,3166.0,294.131,property inspection is complete and garage area is measured.,0,,RH>Somerst,782.43,144984.0,2024-01
2314,1162.0,8664.0,1890,2,635.0,1160.0,RH,NridgHt,186752.0,107.9533,2957.0,274.7143,sale condition was reviewed and valuation status is approved.,0,,RH>NridgHt,8664.0,168077.0,2024-01
2315,1265.0,15524.0,1934,6,197.0,607.0,RL,Somerst,196112.0,117.5223,2069.0,192.2164,lot area verification is complete because documents are available.,0,,RL>Somerst,15524.0,176501.0,2024-01
2316,958.0,13851.0,1957,3,550.0,1006.0,RH,NridgHt,150013.0,89.0011,2514.0,233.5582,zoning verification is complete and neighborhood information is confirmed.,0,,RH>NridgHt,13851.0,135012.0,2024-01
2317,1468.0,15300.0,1905,5,383.0,626.0,RM,NAmes,219802.0,136.3817,2477.0,230.1208,zoning verification is complete and neighborhood information is confirmed.,0,,RM>NAmes,1421.42,197822.0,2024-01
2318,1613.0,7211.0,1937,9,317.0,1263.0,RL,Somerst,276635.0,149.8526,3193.0,296.6394,property inspection is complete and garage area is measured.,1,verified,RL>Somerst,7211.0,248972.0,2024-01
2319,1848.0,13136.0,1959,3,743.0,1306.0,RH,CollgCr,255530.0,171.6848,3897.0,362.0431,lot area verification is complete because documents are available.,0,,RH>CollgCr,13136.0,229977.0,2024-01
2320,1392.0,10316.0,1920,4,783.0,944.0,FV,CollgCr,232613.0,129.321,3119.0,289.7646,zoning verification is complete and neighborhood information is confirmed.,0,,FV>CollgCr,10316.0,209352.0,2024-01
2321,1819.0,3796.0,2007,4,164.0,909.0,FV,CollgCr,227458.0,168.9906,2892.0,268.6756,property inspection is complete and garage area is measured.,0,,FV>CollgCr,3796.0,204712.0,2024-01
2322,1415.0,7558.0,1973,8,630.0,1159.0,RH,NridgHt,254715.0,131.4578,3204.0,297.6613,property inspection is complete and garage area is measured.,1,verified,RH>NridgHt,702.16,229244.0,2024-01
2323,2005.0,19044.0,1914,5,891.0,1047.0,FV,OldTown,273630.0,186.2706,3943.0,366.3167,sale condition was reviewed and valuation status is approved.,0,,FV>OldTown,19044.0,246267.0,2024-01
2324,1648.0,,1959,4,622.0,1185.0,RL,NridgHt,265565.0,153.1042,3455.0,320.98,lot area verification is complete because documents are available.,0,,RL>NridgHt,7995.0,239008.0,2024-01
2325,1332.0,14543.0,2008,9,131.0,397.0,RL,OldTown,222224.0,123.7468,1860.0,172.7997,sale condition was reviewed and valuation status is approved.,1,verified,RL>OldTown,14543.0,200002.0,2024-01
2326,1965.0,11939.0,1947,3,522.0,1112.0,RM,Edwards,245860.0,182.5545,3599.0,334.358,property inspection is complete and garage area is measured.,0,,RM>Edwards,1109.17,221274.0,2024-01
2327,1222.0,5605.0,1947,9,408.0,681.0,RH,NAmes,209066.0,113.5275,2311.0,214.6989,lot area verification are complete because documments are available.,1,verified,RH>NAmes,5605.0,188159.0,2024-01
2328,1686.0,17029.0,1909,5,,1032.0,RM,CollgCr,203673.0,156.6345,2868.0,266.4459,zoning verification is complete and neighborhood information is confirmed.,0,,RM>CollgCr,17029.0,183306.0,2024-01
2329,1162.0,12217.0,1973,8,451.0,1183.0,RL,NridgHt,227760.0,107.9533,2796.0,259.7569,lot area verification is complete because documents are available.,1,verified,RL>NridgHt,12217.0,204984.0,2024-01
2330,1942.0,9438.0,1931,5,260.0,1109.0,RL,NridgHt,282914.0,180.4177,3311.0,307.602,lot area verification are complete because documments are available.,0,,RL>NridgHt,9438.0,254623.0,2024-01
2331,2214.0,15767.0,1918,2,509.0,335.0,FV,NAmes,,205.6873,3058.0,284.0975,property inspection is complete and garage area is measured.,0,,FV>NAmes,15767.0,273769.0,2024-01
2332,717.0,4731.0,1941,6,545.0,765.0,RM,NAmes,179292.0,66.6115,2027.0,188.3145,property inspection is complete and garage area is measured.,0,,RM>NAmes,4731.0,161363.0,2024-01
2333,1438.0,9057.0,2002,4,246.0,1132.0,FV,Somerst,199601.0,133.5946,2816.0,261.615,sale condition was reviewed and valuation status is approved.,0,,FV>Somerst,9057.0,179641.0,2024-01
2334,2364.0,14191.0,1991,4,551.0,799.0,RH,NridgHt,,219.6228,3714.0,345.0419,lot area verification is complete because documents are available.,0,,RH>NridgHt,1318.39,277772.0,2024-01
2335,1140.0,,2009,3,329.0,751.0,RM,Somerst,179350.0,105.9095,2220.0,206.2447,sale condition was reviewed and valuation status is approved.,0,,RM>Somerst,12924.0,161415.0,2024-01
2336,1364.0,13588.0,1933,7,376.0,1424.0,RL,OldTown,246464.0,126.7197,3164.0,293.9452,sale condition was reviewed and valuation status is approved.,0,,RL>OldTown,1262.37,221818.0,2024-01
2337,1552.0,12862.0,1947,2,706.0,684.0,RL,OldTown,221686.0,144.1855,2942.0,273.3207,property inspection is complete and garage area is measured.,0,,RL>OldTown,12862.0,199517.0,2024-01
2338,1310.0,10817.0,1994,7,65.0,1321.0,FV,NAmes,217708.0,121.703,2696.0,250.4666,property inspection is complete and garage area is measured.,0,,FV>NAmes,1004.93,195937.0,2024-01
2339,2175.0,6768.0,1931,6,488.0,444.0,RL,NAmes,325010.0,202.0641,3107.0,288.6497,property inspection is complete and garage area is measured.,0,,RL>NAmes,6768.0,292509.0,2024-01
2340,2047.0,7576.0,1962,4,236.0,934.0,FV,NridgHt,256702.0,190.1725,3217.0,298.8691,property inspection is complete and garage area is measured.,0,,FV>NridgHt,7576.0,231032.0,2024-01
2341,872.0,12997.0,1943,5,305.0,764.0,RL,NAmes,179180.0,81.0115,1941.0,180.3248,zoning verification is complete and neighborhood information is confirmed.,0,,RL>NAmes,12997.0,161262.0,2024-01
2342,1372.0,7014.0,1970,6,544.0,1368.0,RL,NridgHt,241360.0,127.463,3284.0,305.0936,property inspection is complete and garage area is measured.,0,,RL>NridgHt,7014.0,217224.0,2024-01
2343,2233.0,4487.0,1928,6,501.0,1001.0,RL,Edwards,273641.0,207.4525,3735.0,346.9929,property inspection is complete and garage area is measured.,0,,RL>Edwards,416.86,246277.0,2024-01
2344,1210.0,14933.0,1981,9,277.0,1136.0,RM,Somerst,238390.0,112.4127,2623.0,243.6847,zoning verification is complete and neighborhood information is confirmed.,1,verified,RM>Somerst,14933.0,214551.0,2024-01
2345,1591.0,23290.0,1893,8,193.0,482.0,FV,NridgHt,240355.0,147.8087,2266.0,210.5183,sale condition was reviewed and valuation status is approved.,1,verified,FV>NridgHt,23290.0,216320.0,2024-01
2346,974.0,9189.0,1894,4,,1424.0,RM,Somerst,179026.0,90.4876,2826.0,262.544,property inspection is complete and garage area is measured.,0,,RM>Somerst,9189.0,161123.0,2024-01
2347,1837.0,6531.0,2009,7,741.0,980.0,FV,CollgCr,,170.6629,3558.0,330.549,sale condition was reviewed and valuation status is approved.,0,,FV>CollgCr,6531.0,261920.0,2024-01
2348,1682.0,16964.0,1901,9,305.0,1296.0,RL,NAmes,275496.0,156.2629,3283.0,305.0007,sale condition was reviewed and valuation status is approved.,1,verified,RL>NAmes,16964.0,247946.0,2024-01
2349,1183.0,8821.0,1900,9,584.0,534.0,RL,Edwards,252224.0,109.9043,2301.0,213.7699,lot area verification is complete because documents are available.,1,verified,RL>Edwards,8821.0,227002.0,2024-01
2350,1831.0,10227.0,1983,4,405.0,1436.0,RH,OldTown,243206.0,170.1055,3672.0,341.14,sale condition was reviewed and valuation status is approved.,0,,RH>OldTown,10227.0,218885.0,2024-01
2351,1069.0,2127.0,1931,7,372.0,887.0,RH,Somerst,215980.0,99.3133,2328.0,216.2783,sale condition was reviewed and valuation status is approved.,0,,RH>Somerst,2127.0,194382.0,2024-01
2352,1977.0,4173.0,1917,5,,940.0,RL,NAmes,289925.0,183.6693,3390.0,314.9413,sale condition was reviewed and valuation status is approved.,0,,RL>NAmes,4173.0,260932.0,2024-01
2353,1974.0,11464.0,1988,7,382.0,1532.0,RM,Somerst,277497.0,183.3906,3888.0,361.207,property inspection is complete and garage area is measured.,0,,RM>Somerst,11464.0,249747.0,2024-01
2354,1801.0,8386.0,1926,8,494.0,1194.0,RM,Edwards,265791.0,167.3184,3489.0,324.1387,sale condition was reviewed and valuation status is approved.,1,verified,RM>Edwards,8386.0,239212.0,2024-01
2355,1585.0,6494.0,1896,5,175.0,842.0,FV,CollgCr,199020.0,147.2513,2602.0,241.7337,zoning verification is complete and neighborhood information is confirmed.,0,,FV>CollgCr,603.31,179118.0,2024-01
2356,1164.0,,1909,3,,491.0,RM,OldTown,161104.0,108.1391,1892.0,175.7726,zoning verification is complete and neighborhood information is confirmed.,0,,RM>OldTown,12165.0,144994.0,2024-01
2357,1049.0,9439.0,1905,3,528.0,1230.0,RL,Somerst,181254.0,97.4553,2807.0,260.7788,zoning verification is complete and neighborhood information is confirmed.,0,,RL>Somerst,9439.0,163129.0,2024-01
2358,1857.0,9658.0,1930,4,521.0,464.0,FV,NAmes,254105.0,172.5209,2842.0,264.0304,sale condition was reviewed and valuation status is approved.,0,,FV>NAmes,9658.0,228694.0,2024-01
2359,608.0,14039.0,1982,2,338.0,941.0,FV,CollgCr,126755.0,56.485,1887.0,175.308,property inspection is complete and garage area is measured.,0,,FV>CollgCr,14039.0,114080.0,2024-01
2360,1108.0,9851.0,2005,6,526.0,184.0,RH,CollgCr,225219.0,102.9366,1818.0,168.8977,sale condition was reviewed and valuation status is approved.,0,,RH>CollgCr,915.19,202697.0,2024-01
2361,1648.0,6796.0,1912,9,638.0,483.0,RL,Edwards,293566.0,153.1042,2769.0,257.2485,sale condition was reviewed and valuation status is approved.,1,verified,RL>Edwards,6796.0,264209.0,2024-01
2362,1244.0,13820.0,1972,3,132.0,1352.0,FV,NridgHt,175391.0,115.5714,2728.0,253.4395,zoning verification is complete and neighborhood information is confirmed.,0,,FV>NridgHt,13820.0,157852.0,2024-01
2363,2187.0,10741.0,2001,5,503.0,1507.0,RL,NAmes,296712.0,203.1789,4197.0,389.9141,property inspection is complete and garage area is measured.,0,,RL>NAmes,10741.0,267041.0,2024-01
2364,1123.0,8065.0,1969,8,358.0,1631.0,RL,Edwards,219809.0,104.3301,3112.0,289.1143,lot area verification is complete because documents are available.,1,verified,RL>Edwards,8065.0,197828.0,2024-01
2365,1167.0,13446.0,1894,8,358.0,1118.0,FV,Somerst,192980.0,108.4178,2643.0,245.5427,zoning verification is complete and neighborhood information is confirmed.,1,verified,FV>Somerst,13446.0,173682.0,2024-01
2366,1247.0,5793.0,1999,3,844.0,861.0,FV,Edwards,211490.0,115.8501,2952.0,274.2498,property inspection is complete and garage area is measured.,0,,FV>Edwards,5793.0,190341.0,2024-01
2367,1016.0,9250.0,1980,5,415.0,641.0,RH,Somerst,161976.0,94.3895,2072.0,192.4951,property inspection is complete and garage area is measured.,0,,RH>Somerst,9250.0,145778.0,2024-01
2368,1979.0,9202.0,1899,5,626.0,716.0,FV,CollgCr,,183.8551,3321.0,308.531,property inspection is complete and garage area is measured.,0,,FV>CollgCr,854.89,266769.0,2024-01
2369,751.0,17116.0,1898,8,451.0,930.0,RM,NAmes,205377.0,69.7702,2132.0,198.0693,property inspection is complete and garage area is measured.,1,verified,RM>NAmes,17116.0,184839.0,2024-01
2370,1515.0,15982.0,1900,4,,380.0,RL,Somerst,220191.0,140.7481,2233.0,207.4525,zoning verification is complete and neighborhood information is confirmed.,0,,RL>Somerst,15982.0,198172.0,2024-01
2371,2162.0,9095.0,1903,5,267.0,1122.0,RM,NAmes,,200.8564,3551.0,329.8987,sale condition was reviewed and valuation status is approved.,0,,RM>NAmes,9095.0,284986.0,2024-01
2372,1792.0,15538.0,2010,7,529.0,1256.0,RH,OldTown,249410.0,166.4822,3577.0,332.3142,property inspection is complete and garage area is measured.,0,,RH>OldTown,15538.0,224469.0,2024-01
2373,1576.0,10153.0,1897,4,413.0,299.0,RM,Somerst,250617.0,146.4152,2288.0,212.5622,property inspection is complete and garage area is measured.,0,,RM>Somerst,943.24,225555.0,2024-01
2374,1208.0,13107.0,2005,7,776.0,1159.0,FV,NAmes,236135.0,112.2269,3143.0,291.9943,property inspection is complete and garage area is measured.,0,,FV>NAmes,13107.0,212522.0,2024-01
2375,1361.0,8494.0,1901,6,423.0,766.0,FV,Somerst,254124.0,126.441,2550.0,236.9028,lot area verfication are complete because documents are available.,0,,FV>Somerst,8494.0,228712.0,2024-01
2376,1751.0,15704.0,1913,4,276.0,1012.0,FV,NAmes,220453.0,162.6732,3039.0,282.3323,property inspection is complete and garage area is measured.,0,,FV>NAmes,15704.0,198408.0,2024-01
2377,2305.0,,1946,3,599.0,1395.0,RH,Edwards,,214.1415,4299.0,399.3902,zoning verification is complete and neighborhood information is confirmed.,0,,RH>Edwards,17037.0,263254.0,2024-01
2378,1353.0,9457.0,1995,3,441.0,1406.0,RL,NAmes,186996.0,125.6978,3200.0,297.2897,property inspection is complete and garage area is measured.,0,,RL>NAmes,9457.0,168296.0,2024-01
2379,701.0,13258.0,1978,7,468.0,1195.0,FV,NAmes,156540.0,65.125,2364.0,219.6228,zoning verification is complete and neighborhood information is confirmed.,0,,FV>NAmes,13258.0,140886.0,2024-01
2380,2001.0,18315.0,1992,2,507.0,1080.0,RM,Edwards,285944.0,185.899,3588.0,333.3361,sale condition was reviewed and valuation status is approved.,0,,RM>Edwards,18315.0,257350.0,2024-01
2381,1538.0,15916.0,1922,2,100.0,310.0,FV,CollgCr,190289.0,142.8849,1948.0,180.9751,lot area verification are complete because documments are available.,0,,FV>CollgCr,15916.0,171260.0,2024-01
2382,1561.0,10018.0,1990,6,796.0,989.0,RL,Edwards,253189.0,145.0216,3346.0,310.8536,zoning verification is complete and neighborhood information is confirmed.,0,,RL>Edwards,930.7,227870.0,2024-01
2383,1261.0,6176.0,1985,2,630.0,717.0,RL,Edwards,178973.0,117.1507,2608.0,242.2911,property inspection is complete and garage area is measured.,0,,RL>Edwards,6176.0,161076.0,2024-01
2384,1129.0,15994.0,1894,5,,730.0,RL,CollgCr,196511.0,104.8875,2311.0,214.6989,property inspection is complete and garage area is measured.,0,,RL>CollgCr,15994.0,176860.0,2024-01
2385,784.0,7384.0,1986,8,603.0,1153.0,RH,NAmes,171100.0,72.836,2540.0,235.9737,property inspection is complete and garage area is measured.,1,verified,RH>NAmes,7384.0,153990.0,2024-01
2386,1663.0,8726.0,1953,9,334.0,1046.0,RH,NAmes,260033.0,154.4978,3043.0,282.704,lot area verification is complete because documents are available.,1,verified,RH>NAmes,8726.0,234030.0,2024-01
2387,1853.0,10414.0,1926,3,604.0,613.0,RH,Somerst,250904.0,172.1493,3070.0,285.2123,zoning verification is complete and neighborhood information is confirmed.,0,,RH>Somerst,10414.0,225814.0,2024-01
2388,1729.0,7149.0,2002,6,464.0,1107.0,FV,Edwards,260963.0,160.6294,3300.0,306.58,zoning verification is complete and neighborhood information is confirmed.,0,,FV>Edwards,7149.0,234867.0,2024-01
2389,1246.0,17696.0,2005,4,218.0,589.0,RL,Somerst,191405.0,115.7572,2053.0,190.7299,property inspection is complete and garage area is measured.,0,,RL>Somerst,1644.01,172264.0,2024-01
2390,2449.0,10040.0,1962,4,342.0,1675.0,RM,Edwards,249961.0,227.5195,4466.0,414.905,sale condition was reviewed and valuation status is approved.,0,,RM>Edwards,10040.0,224965.0,2024-01
2391,2125.0,7661.0,1895,4,374.0,1220.0,RM,NridgHt,320121.0,197.419,3719.0,345.5064,lot area verification is complete becuase documents are available.,0,,RM>NridgHt,7661.0,288109.0,2024-01
2392,1827.0,15771.0,1950,3,259.0,870.0,RH,OldTown,248047.0,169.7339,2956.0,274.6214,zoning verification is complete and neighborhood information is confirmed.,0,,RH>OldTown,15771.0,223242.0,2024-01
2393,1391.0,9916.0,1903,8,751.0,477.0,RM,CollgCr,253096.0,129.2281,2619.0,243.3131,property inspection is complete and garage area is measured.,1,verified,RM>CollgCr,9916.0,227786.0,2024-01
2394,1916.0,7817.0,1978,5,696.0,550.0,RL,NridgHt,269743.0,178.0022,3162.0,293.7594,property inspection is complete and garage area is measured.,0,,RL>NridgHt,7817.0,242769.0,2024-01
2395,1456.0,8667.0,1894,6,271.0,904.0,FV,OldTown,234678.0,135.2668,2631.0,244.4279,sale condition were reviewed and valuation stauts is approved.,0,,FV>OldTown,8667.0,211210.0,2024-01
2396,2089.0,11302.0,1916,5,276.0,789.0,RL,Somerst,,194.0745,3154.0,293.0162,sale condition was reviewed and valuation status is approved.,0,,RL>Somerst,11302.0,252166.0,2024-01
2397,1527.0,14263.0,1932,2,349.0,1139.0,RM,Edwards,224960.0,141.8629,3015.0,280.1027,sale condition was reviewed and valuation status is approved.,0,,RM>Edwards,14263.0,202464.0,2024-01
2398,1205.0,18693.0,1974,4,392.0,20.0,RL,Somerst,201065.0,111.9482,1617.0,150.2242,property inspection is complete and garage area is measured.,0,,RL>Somerst,1736.64,180958.0,2024-01
2399,2015.0,15280.0,1947,5,33.0,682.0,RL,NridgHt,269598.0,187.1996,2730.0,253.6253,zoning verification is complete and neighborhood information is confirmed.,0,,RL>NridgHt,15280.0,242638.0,2024-01
2400,2097.0,11529.0,1917,3,405.0,1966.0,RM,CollgCr,,194.8177,4468.0,415.0908,property inspection is complete and garage area is measured.,0,,RM>CollgCr,11529.0,256291.0,2024-01
2401,1634.0,15153.0,1896,5,,1721.0,FV,Somerst,239083.0,151.8036,4058.0,377.0005,sale condition was reviewed and valuation status is approved.,0,,FV>Somerst,1407.76,215175.0,2024-01
2402,1651.0,14300.0,1962,8,480.0,1175.0,RM,OldTown,285190.0,153.3829,3306.0,307.1375,property inspection is complete and garage area is measured.,1,verified,RM>OldTown,1328.51,256671.0,2024-01
2403,1946.0,10980.0,1938,5,191.0,1326.0,RM,OldTown,264417.0,180.7893,3463.0,321.7232,zoning verification is complete and neighborhood information is confirmed.,0,,RM>OldTown,10980.0,237975.0,2024-01
2404,821.0,7738.0,1940,3,159.0,1067.0,RM,Somerst,130422.0,76.2734,2047.0,190.1725,sale condition was reviewed and valuation status is approved.,0,,RM>Somerst,718.88,117380.0,2024-01
2405,1758.0,9360.0,1960,8,793.0,0.0,RL,NridgHt,268600.0,163.3235,2551.0,236.9957,lot area verification is complete because documents are available.,1,verified,RL>NridgHt,869.57,241740.0,2024-01
2406,1571.0,11428.0,1966,6,616.0,1278.0,RL,CollgCr,245524.0,145.9507,3465.0,321.909,lot area verification is complete because documents are available.,0,,RL>CollgCr,11428.0,220972.0,2024-01
2407,1256.0,12099.0,1931,5,527.0,1604.0,RL,OldTown,214308.0,116.6862,3387.0,314.6626,property inspection is complete and garage area is measured.,0,,RL>OldTown,1124.03,192877.0,2024-01
2408,1716.0,12509.0,1923,9,784.0,944.0,RM,OldTown,277679.0,159.4216,3444.0,319.9581,sale condition was reviewed and valuation status is approved.,1,verified,RM>OldTown,1162.12,249911.0,2024-01
2409,2430.0,2000.0,1963,7,476.0,628.0,FV,NridgHt,330011.0,225.7544,3534.0,328.3193,property inspection is complete and garage area is measured.,0,,FV>NridgHt,2000.0,297010.0,2024-01
2410,1023.0,11209.0,1974,7,717.0,1081.0,RH,Edwards,220052.0,95.0398,2821.0,262.0795,property inspection is complete and garage area is measured.,0,,RH>Edwards,11209.0,198047.0,2024-01
2411,1687.0,14998.0,1932,6,755.0,1029.0,FV,Somerst,234970.0,156.7274,3471.0,322.4665,property inspection is complete and garage area is measured.,0,,FV>Somerst,14998.0,211473.0,2024-01
2412,1355.0,14363.0,1952,7,532.0,1393.0,RL,NAmes,258239.0,125.8836,3280.0,304.722,lot area verification is complete because documents are available.,0,,RL>NAmes,14363.0,232415.0,2024-01
2413,1167.0,5375.0,2010,2,592.0,1108.0,RL,Edwards,145880.0,108.4178,2867.0,266.353,sale condition was reviewed and valuation status is approved.,0,,RL>Edwards,5375.0,131292.0,2024-01
2414,1293.0,12481.0,1966,2,464.0,962.0,RM,OldTown,186055.0,120.1236,2719.0,252.6034,property inspection is complete and garage area is measured.,0,,RM>OldTown,12481.0,167450.0,2024-01
2415,1810.0,12184.0,1901,5,,1589.0,RM,NAmes,261536.0,168.1545,3806.0,353.589,lot area verification is complete because documents are available.,0,,RM>NAmes,12184.0,235382.0,2024-01
2416,1468.0,,1979,9,367.0,1300.0,RM,Somerst,262483.0,136.3817,3135.0,291.251,lot area verification is complete because documents are available.,1,verified,RM>Somerst,947.52,236235.0,2024-01
2417,1822.0,10831.0,1939,9,417.0,807.0,RL,NridgHt,309614.0,169.2693,3046.0,282.9827,sale condition was reviewed and valuation status is approved.,1,verified,RL>NridgHt,10831.0,278653.0,2024-01
2418,1321.0,13563.0,1945,2,404.0,511.0,RH,CollgCr,179594.0,122.7249,2236.0,207.7312,zoning verification is complete and neighborhood information is confirmed.,0,,RH>CollgCr,1260.04,161635.0,2024-01
2419,1898.0,4036.0,1900,2,,1042.0,FV,NridgHt,235093.0,176.33,3365.0,312.6187,zoning verification is complete and neighborhood information is confirmed.,0,,FV>NridgHt,4036.0,211584.0,2024-01
2420,948.0,12359.0,1899,6,-413.0,1350.0,RH,NridgHt,202236.0,88.0721,2711.0,251.8601,lot area verification is complete because documents are available.,0,,RH>NridgHt,1148.19,182012.0,2024-01
2421,1895.0,10692.0,1914,7,435.0,912.0,FV,Somerst,255526.0,176.0513,3242.0,301.1917,zoning verification is complete and neighborhood information is confirmed.,0,,FV>Somerst,10692.0,229973.0,2024-01
2422,819.0,13067.0,1968,9,686.0,1183.0,RL,CollgCr,217544.0,76.0876,2688.0,249.7234,lot area verification is complete because documents are available.,1,verified,RL>CollgCr,13067.0,195790.0,2024-01
2423,1667.0,9321.0,1900,9,,608.0,RL,Somerst,266970.0,154.8694,2381.0,221.2021,lot area verfication are complete because documents are available.,1,verified,RL>Somerst,9321.0,240273.0,2024-01
2424,1401.0,9258.0,1957,9,352.0,961.0,RL,NAmes,255475.0,130.1572,2714.0,252.1389,sale condition was reviewed and valuation status is approved.,1,verified,RL>NAmes,9258.0,229928.0,2024-01
2425,804.0,9676.0,1956,5,620.0,1078.0,RH,Edwards,166426.0,74.694,2502.0,232.4434,property inspection is complete and garage area is measured.,0,,RH>Edwards,9676.0,149783.0,2024-01
2426,1835.0,6767.0,1990,4,680.0,813.0,RH,NridgHt,217821.0,170.4771,3328.0,309.1813,sale condition was reviewed and valuation status is approved.,0,,RH>NridgHt,628.67,196039.0,2024-01
2427,1710.0,8985.0,1914,4,424.0,950.0,RH,NridgHt,243584.0,158.8642,3084.0,286.513,sale condition was reviewed and valuation status is approved.,0,,RH>NridgHt,834.73,219226.0,2024-01
2428,1433.0,10791.0,1958,7,321.0,748.0,RL,NAmes,242706.0,133.1301,2502.0,232.4434,property inspection is complete and garage area is measured.,0,,RL>NAmes,10791.0,218435.0,2024-01
2429,561.0,11401.0,1959,9,55.0,1176.0,RM,NridgHt,143457.0,52.1186,1792.0,166.4822,lot area verification is complete because documents are available.,1,verified,RM>NridgHt,1059.19,129111.0,2024-01
2430,1720.0,4474.0,1983,7,102.0,663.0,RH,NridgHt,267460.0,159.7932,2485.0,230.8641,sale condition was reviewed and valuation status is approved.,0,,RH>NridgHt,4474.0,240714.0,2024-01
2431,1567.0,4839.0,1922,7,453.0,264.0,RH,Edwards,255323.0,145.5791,2284.0,212.1905,lot area verification is complete because documents are available.,0,,RH>Edwards,4839.0,229791.0,2024-01
2432,505.0,12070.0,1953,3,699.0,1030.0,RL,OldTown,149536.0,46.916,2234.0,207.5454,sale condition was reviewed and valuation status is approved.,0,,RL>OldTown,12070.0,134582.0,2024-01
2433,1752.0,8737.0,1925,2,275.0,521.0,RH,Somerst,202734.0,162.7661,2548.0,236.7169,zoning verification is complete and neighborhood information is confirmed.,0,,RH>Somerst,8737.0,182461.0,2024-01
2434,2217.0,12646.0,1937,9,499.0,664.0,RM,Somerst,354901.0,205.966,3380.0,314.0123,property inspection is complete and garage area is measured.,1,verified,RM>Somerst,1174.85,319411.0,2024-01
2435,809.0,7436.0,1944,4,478.0,843.0,RL,NAmes,154177.0,75.1586,2130.0,197.8835,sale condition was reviewed and valuation status is approved.,0,,RL>NAmes,7436.0,138759.0,2024-01
2436,1141.0,17882.0,1977,4,480.0,281.0,FV,Somerst,211187.0,106.0024,1902.0,176.7016,sale condition was reviewed and valuation status is approved.,0,,FV>Somerst,17882.0,190068.0,2024-01
2437,1654.0,13335.0,1901,4,621.0,465.0,FV,OldTown,226731.0,153.6616,2740.0,254.5543,property inspection is complete and garage area is measured.,0,,FV>OldTown,1238.86,204058.0,2024-01
2438,2224.0,15300.0,1992,4,543.0,1230.0,FV,Edwards,290228.0,206.6164,3997.0,371.3335,sale condition was reviewed and valuation status is approved.,0,,FV>Edwards,1421.42,261205.0,2024-01
2439,1531.0,9823.0,1962,3,959.0,728.0,RL,NridgHt,244063.0,142.2346,3218.0,298.962,sale condition were reviewed and valuation stauts is approved.,0,,RL>NridgHt,9823.0,219657.0,2024-01
2440,1681.0,9729.0,2008,2,158.0,1719.0,FV,NAmes,215921.0,156.17,3558.0,330.549,property inspection is complete and garage area is measured.,0,,FV>NAmes,903.85,194329.0,2024-01
2441,646.0,14313.0,1903,8,450.0,1138.0,RH,NAmes,201401.0,60.0154,2234.0,207.5454,lot area verification is complete because documents are available.,1,verified,RH>NAmes,14313.0,181261.0,2024-01
2442,1714.0,6953.0,1892,8,311.0,1326.0,FV,OldTown,285296.0,159.2358,3351.0,311.3181,lot area verification is complete because documents are available.,1,verified,FV>OldTown,6953.0,256766.0,2024-01
2443,1356.0,11626.0,1894,5,,1072.0,RL,Somerst,248204.0,125.9765,3021.0,280.6601,sale condition was reviewed and valuation status is approved.,0,,RL>Somerst,11626.0,223384.0,2024-01
2444,1726.0,13083.0,2002,5,419.0,696.0,FV,NAmes,252064.0,160.3506,2841.0,263.9375,sale condition was reviewed and valuation status is approved.,0,,FV>NAmes,13083.0,226858.0,2024-01
2445,2021.0,4885.0,2004,9,355.0,992.0,FV,CollgCr,305468.0,187.757,3368.0,312.8974,property inspection is complete and garage area is measured.,1,verified,FV>CollgCr,4885.0,274921.0,2024-01
2446,2201.0,9626.0,1907,9,545.0,814.0,RM,NAmes,,204.4796,3560.0,330.7348,sale condition was reviewed and valuation status is approved.,1,verified,RM>NAmes,9626.0,317349.0,2024-01
2447,1872.0,10719.0,1905,2,,1592.0,RH,Edwards,276009.0,173.9145,4040.0,375.3283,lot area verification is complete because documents are available.,0,,RH>Edwards,10719.0,248408.0,2024-01
2448,1408.0,13857.0,1986,8,508.0,582.0,RL,Somerst,244374.0,130.8075,2498.0,232.0718,lot area verification is complete because documents are available.,1,verified,RL>Somerst,1287.36,219937.0,2024-01
2449,1155.0,6113.0,1991,7,523.0,926.0,RH,NAmes,189539.0,107.303,2604.0,241.9195,zoning verification is complete and neighborhood information is confirmed.,0,,RH>NAmes,6113.0,170585.0,2024-01
2450,1088.0,8914.0,1988,5,216.0,917.0,RH,OldTown,190823.0,101.0785,2221.0,206.3377,property inspection is complete and garage area is measured.,0,,RH>OldTown,8914.0,171741.0,2024-01
2451,1276.0,11616.0,1915,3,,1259.0,RH,Edwards,215179.0,118.5443,2937.0,272.8562,property inspection is complete and garage area is measured.,0,,RH>Edwards,11616.0,193661.0,2024-01
2452,2196.0,14826.0,1954,8,3.0,1254.0,RM,NAmes,294275.0,204.0151,3453.0,320.7942,lot area verification is complete because documents are available.,1,verified,RM>NAmes,14826.0,264848.0,2024-01
2453,1138.0,14379.0,1903,8,490.0,1349.0,RH,CollgCr,213290.0,105.7237,2977.0,276.5724,zoning verification is complete and neighborhood information is confirmed.,1,verified,RH>CollgCr,14379.0,191961.0,2024-01
2454,1134.0,14158.0,1977,2,293.0,894.0,RL,OldTown,170104.0,105.352,2321.0,215.628,zoning verification is complete and neighborhood information is confirmed.,0,,RL>OldTown,14158.0,153094.0,2024-01
2455,1315.0,13560.0,1951,7,177.0,1890.0,RL,OldTown,202444.0,122.1675,3382.0,314.1981,property inspection is complete and garage area is measured.,0,,RL>OldTown,13560.0,182200.0,2024-01
2456,1387.0,8911.0,1953,8,402.0,1751.0,FV,Somerst,245186.0,128.8565,3540.0,328.8768,lot area verification is complete because documents are available.,1,verified,FV>Somerst,8911.0,220667.0,2024-01
2457,1146.0,5719.0,1966,9,252.0,514.0,RH,Somerst,227301.0,106.4669,1912.0,177.6306,property inspection is complete and garage area is measured.,1,verified,RH>Somerst,5719.0,204571.0,2024-01
2458,1692.0,7452.0,2006,8,421.0,350.0,FV,NridgHt,300134.0,157.1919,2463.0,228.8202,lot area verification is complete because documents are available.,1,verified,FV>NridgHt,7452.0,270121.0,2024-01
2459,1729.0,12856.0,1955,2,561.0,905.0,RM,OldTown,219600.0,160.6294,3195.0,296.8252,sale condition was reviewed and valuation status is approved.,0,,RM>OldTown,12856.0,197640.0,2024-01
2460,1363.0,4315.0,1909,4,,1110.0,RH,CollgCr,164041.0,126.6268,3022.0,280.753,lot area verification is complete because documents are available.,0,,RH>CollgCr,4315.0,147637.0,2024-01
2461,1495.0,17523.0,1909,6,580.0,1263.0,RL,Somerst,280285.0,138.89,3338.0,310.1103,property inspection is complete and garage area is measured.,0,,RL>Somerst,17523.0,252256.0,2024-01
2462,1334.0,3572.0,1957,5,596.0,1400.0,RL,Somerst,221023.0,123.9327,3330.0,309.3671,lot area verification is complete because documents are available.,0,,RL>Somerst,3572.0,198921.0,2024-01
2463,1930.0,6236.0,2006,7,450.0,942.0,RL,OldTown,298605.0,179.3029,3322.0,308.6239,zoning verification is complete and neighborhood information is confirmed.,0,,RL>OldTown,6236.0,268744.0,2024-01
2464,1200.0,10536.0,1913,2,467.0,998.0,RH,Edwards,173274.0,111.4836,2665.0,247.5866,sale condition was reviewed and valuation status is approved.,0,,RH>Edwards,978.83,155947.0,2024-01
2465,1104.0,8602.0,1975,2,547.0,391.0,FV,CollgCr,185100.0,102.565,2042.0,189.708,zoning verification is complete and neighborhood information is confirmed.,0,,FV>CollgCr,8602.0,166590.0,2024-01
2466,2381.0,7842.0,1925,5,594.0,685.0,RL,NAmes,,221.2021,3660.0,340.0251,property inspection is complete and garage area is measured.,0,,RL>NAmes,728.55,298549.0,2024-01
2467,937.0,7824.0,1966,5,418.0,1067.0,FV,Somerst,165872.0,87.0501,2422.0,225.0112,property inspection is complete and garage area is measured.,0,,FV>Somerst,7824.0,149285.0,2024-01
2468,1692.0,11602.0,1934,2,699.0,958.0,RM,Edwards,240893.0,157.1919,3349.0,311.1323,property inspection is complete and garage area is measured.,0,,RM>Edwards,11602.0,216804.0,2024-01
2469,1288.0,15071.0,1943,4,550.0,575.0,RM,NAmes,186855.0,119.6591,2413.0,224.175,zoning verification is complete and neighborhood information is confirmed.,0,,RM>NAmes,15071.0,168170.0,2024-01
2470,2067.0,6670.0,1897,4,,930.0,RH,NAmes,199150.0,192.0306,3218.0,298.962,zoning verification is complete and neighborhood information is confirmed.,0,,RH>NAmes,6670.0,179235.0,2024-01
2471,1063.0,9560.0,1900,7,203.0,1130.0,RL,Edwards,209029.0,98.7559,2396.0,222.5957,lot area verification is complete because documents are available.,0,,RL>Edwards,9560.0,188126.0,2024-01
2472,1613.0,7852.0,1914,6,,654.0,RL,NridgHt,226642.0,149.8526,2598.0,241.3621,lot area verification is complete because documents are available.,0,,RL>NridgHt,7852.0,203978.0,2024-01
2473,1660.0,3966.0,1926,3,385.0,1037.0,FV,CollgCr,177395.0,154.219,3082.0,286.3272,lot area verification is complete because documents are available.,0,,FV>CollgCr,3966.0,159656.0,2024-01
2474,1954.0,5504.0,1946,7,510.0,850.0,FV,OldTown,,181.5325,3314.0,307.8807,sale condition was reviewed and valuation status is approved.,0,,FV>OldTown,5504.0,276287.0,2024-01
2475,1375.0,,1922,6,784.0,1442.0,RL,NridgHt,220674.0,127.7417,3601.0,334.5438,lot area verification is complete because documents are available.,0,,RL>NridgHt,6910.0,198607.0,2024-01
2476,2241.0,12526.0,1908,6,31.0,1310.0,RL,Somerst,319534.0,208.1957,3582.0,332.7787,zoning verification is complete and neighborhood information is confirmed.,0,,RL>Somerst,1163.7,287581.0,2024-01
2477,1707.0,4925.0,1951,2,371.0,0.0,RH,OldTown,205501.0,158.5855,2078.0,193.0525,property inspection is complete and garage area is measured.,0,,RH>OldTown,4925.0,184951.0,2024-01
2478,1964.0,14486.0,1905,3,783.0,1262.0,RL,Somerst,269945.0,182.4616,4009.0,372.4483,lot area verification is complete because documents are available.,0,,RL>Somerst,14486.0,242950.0,2024-01
2479,1983.0,13732.0,1947,6,79.0,832.0,RL,NAmes,253049.0,184.2267,2894.0,268.8614,property inspection is complete and garage area is measured.,0,,RL>NAmes,13732.0,227744.0,2024-01
2480,1534.0,8068.0,1900,9,664.0,679.0,RH,OldTown,259175.0,142.5133,2877.0,267.282,sale condition was reviewed and valuation status is approved.,1,verified,RH>OldTown,8068.0,233258.0,2024-01
2481,1377.0,14648.0,1941,9,505.0,829.0,RH,NridgHt,251274.0,127.9275,2711.0,251.8601,lot area verification is complete because documents are available.,1,verified,RH>NridgHt,14648.0,226147.0,2024-01
2482,1176.0,6722.0,1972,5,325.0,965.0,RL,CollgCr,153511.0,109.254,2466.0,229.0989,lot area verification is complete because documents are available.,0,,RL>CollgCr,624.49,138160.0,2024-01
2483,1599.0,10846.0,1902,6,747.0,1023.0,FV,NAmes,284220.0,148.552,3369.0,312.9903,zoning verification is complete and neighborhood information is confirmed.,0,,FV>NAmes,10846.0,255798.0,2024-01
2484,1199.0,,1995,9,416.0,927.0,RL,CollgCr,211485.0,111.3907,2542.0,236.1595,property inspection is complete and garage area is measured.,1,verified,RL>CollgCr,1040.23,190336.0,2024-01
2485,1598.0,19305.0,1999,7,603.0,636.0,RM,Somerst,252434.0,148.4591,2837.0,263.5659,lot area verification is complete because documents are available.,0,,RM>Somerst,19305.0,227191.0,2024-01
2486,1952.0,11596.0,1923,8,429.0,968.0,RH,NAmes,321535.0,181.3467,3349.0,311.1323,sale condition was reviewed and valuation status is approved.,1,verified,RH>NAmes,11596.0,289382.0,2024-01
2487,1322.0,9834.0,1900,6,380.0,1099.0,RH,Edwards,225921.0,122.8178,2801.0,260.2214,property inspection is complete and garage area is measured.,0,,RH>Edwards,9834.0,203329.0,2024-01
2488,866.0,11179.0,1980,8,251.0,1078.0,RL,OldTown,208060.0,80.454,2195.0,203.9222,lot area verification is complete because documents are available.,1,verified,RL>OldTown,11179.0,187254.0,2024-01
2489,1432.0,10701.0,1916,7,298.0,1284.0,RH,NridgHt,257818.0,133.0372,3014.0,280.0098,sale condition was reviewed and valuation status is approved.,0,,RH>NridgHt,10701.0,232036.0,2024-01
2490,1403.0,14635.0,1958,8,590.0,1338.0,RM,Edwards,268917.0,130.343,3331.0,309.46,lot area verification is complete because documents are available.,1,verified,RM>Edwards,14635.0,242025.0,2024-01
2491,1636.0,7346.0,1903,7,501.0,1949.0,RH,Somerst,267424.0,151.9894,4086.0,379.6018,lot area verification is complete because documents are available.,0,,RH>Somerst,7346.0,240682.0,2024-01
2492,1548.0,16730.0,2004,4,431.0,862.0,RH,NridgHt,223367.0,143.8139,2841.0,263.9375,property inspection are complete and garage area is measured.,0,,RH>NridgHt,16730.0,201030.0,2024-01
2493,1527.0,4612.0,1951,5,366.0,1729.0,RL,Edwards,214320.0,141.8629,3622.0,336.4948,property inspection is complete and garage area is measured.,0,,RL>Edwards,4612.0,192888.0,2024-01
2494,1688.0,14781.0,1940,2,462.0,1532.0,RL,Edwards,258821.0,156.8203,3682.0,342.069,zoning verification is complete and neighborhood information is confirmed.,0,,RL>Edwards,14781.0,232939.0,2024-01
2495,1695.0,16558.0,1936,3,519.0,669.0,RL,NridgHt,247845.0,157.4707,2883.0,267.8395,sale condition was reviewed and valuation status is approved.,0,,RL>NridgHt,16558.0,223060.0,2024-01
2496,1810.0,3350.0,1966,5,358.0,790.0,RL,OldTown,261903.0,168.1545,2958.0,274.8072,sale condition was reviewed and valuation status is approved.,0,,RL>OldTown,3350.0,235713.0,2024-01
2497,1222.0,14733.0,1996,8,524.0,572.0,RM,CollgCr,235290.0,113.5275,2318.0,215.3492,zoning verification is complete and neighborhood information is confirmed.,1,verified,RM>CollgCr,1368.74,211761.0,2024-01
2498,1316.0,9808.0,1994,3,563.0,590.0,RL,CollgCr,217333.0,122.2604,2469.0,229.3776,sale condition was reviewed and valuation status is approved.,0,,RL>CollgCr,9808.0,195600.0,2024-01
2499,1233.0,9559.0,1902,5,404.0,898.0,RH,OldTown,225039.0,114.5494,2535.0,235.5092,lot area verification is complete because documents are available.,0,,RH>OldTown,9559.0,202535.0,2024-01
2500,1738.0,11294.0,1977,7,439.0,346.0,RL,OldTown,257444.0,161.4655,2523.0,234.3944,lot area verification is complete because documents are available.,0,,RL>OldTown,11294.0,231700.0,2024-01
2402,1651.0,14300.0,1962,8,480.0,1175.0,RM,OldTown,289131.0,153.3829,3306.0,307.1375,property inspection is complete and garage area is measured.,1,verified,RM>OldTown,1328.51,256671.0,2024-02
1404,1264.0,8732.0,1995,4,307.0,1164.0,RM,NAmes,221894.0,117.4294,2735.0,254.0898,property inspection is complete and garage area is measured.,0,,RM>NAmes,8732.0,199017.0,2024-02
1515,1443.0,10354.0,1921,9,430.0,1009.0,RL,NridgHt,264638.0,134.0591,2882.0,267.7466,zoning verification is complete and neighborhood information is confirmed.,1,verified,RL>NridgHt,10354.0,237638.0,2024-02
1731,1421.0,0.0,1937,6,589.0,423.0,RH,CollgCr,253593.0,132.0152,2433.0,226.0331,lot area verification is complete because documents are available.,0,,RH>CollgCr,10692.0,227150.0,2024-02
2335,1140.0,,2009,3,329.0,751.0,RM,Somerst,181544.0,105.9095,2220.0,206.2447,sale condition was reviewed and valuation status is approved.,0,,RM>Somerst,12924.0,161415.0,2024-02
1725,1382.0,14771.0,2094,3,185.0,0.0,RL,CollgCr,180562.0,128.392,1567.0,145.5791,zoning verification is complete and neighborhood information is confirmed.,0,,RL>CollgCr,1372.27,165441.0,2024-02
1992,1154.0,2956.0,1967,7,355.0,818.0,FV,Edwards,244176.0,107.2101,2327.0,216.1854,lot area verification is complete because documents are available.,0,,FV>Edwards,2956.0,216828.0,2024-02
393,1854.0,11228.0,1946,8,383.0,1325.0,RL,Edwards,296281.0,172.2422,3562.0,330.9206,lot area verification is complete because documents are available.,1,verified,RL>Edwards,11228.0,268482.0,2024-02
582,1447.0,15023.0,1950,5,315.0,998.0,RL,NridgHt,222260.0,134.4307,2760.0,256.4124,sale condition was reviewed and valuation status is approved.,0,,RL>NridgHt,15023.0,197622.0,2024-02
524,1075.0,,1925,9,519.0,711.0,RM,OldTown,199702.0,99.8708,2305.0,214.1415,sale condition was reviewed and valuation status is approved.,1,verified,RM>OldTown,819.03,182847.0,2024-02
40,909.0,14477.0,1988,7,188.0,734.0,FV,NAmes,204443.0,84.4489,1831.0,170.1055,zoning verification is complete and neighborhood information is confirmed.,0,,FV>NAmes,14477.0,187723.0,2024-02
670,1114.0,6794.0,1919,3,,450.0,RM,NridgHt,176303.0,103.494,2165.0,201.1351,sale condition was reviewed and valuation status is approved.,0,,RM>NridgHt,6794.0,153958.0,2024-02
2006,2078.0,13614.0,1910,8,604.0,718.0,RM,NridgHt,328728.0,193.0525,3400.0,315.8703,property inspection is complete and garage area is measured.,1,verified,RM>NridgHt,13614.0,290033.0,2024-02
720,1429.0,7107.0,1946,7,523.0,603.0,RL,NAmes,254378.0,132.7584,2555.0,237.3673,sale condition was reviewed and valuation status is approved.,0,,RL>NAmes,7107.0,224286.0,2024-02
816,2005.0,12818.0,1971,4,537.0,1091.0,RH,Somerst,290119.0,186.2706,3633.0,337.5167,sale condition was reviewed and valuation status is approved.,0,,RH>Somerst,12818.0,260093.0,2024-02
1068,1651.0,0.0,2000,8,772.0,1253.0,RM,OldTown,256574.0,153.3829,3676.0,341.5116,zoning verification is complete and neighborhood information is confirmed.,1,verified,RM>OldTown,8683.0,232327.0,2024-02
1956,1634.0,2748.0,1935,5,164.0,825.0,RL,Somerst,216251.0,151.8036,2623.0,243.6847,sale condition was reviewed and valuation status is approved.,0,,RL>Somerst,2748.0,196227.0,2024-02
1070,1404.0,7294.0,1993,2,0.0,1379.0,RL,NridgHt,169113.0,130.4359,2783.0,258.5492,zoning verification is complete and neighborhood information is confirmed.,0,,RL>NridgHt,7294.0,152535.0,2024-02
987,1620.0,3314.0,1938,7,768.0,641.0,RH,OldTown,265986.0,150.5029,3029.0,281.4033,sale condition was reviewed and valuation status is approved.,0,,RH>OldTown,3314.0,242623.0,2024-02
2412,1355.0,14363.0,1952,7,532.0,1393.0,RL,NAmes,255410.0,125.8836,3280.0,304.722,lot area verification is complete because documents are available.,0,,RL>NAmes,14363.0,232415.0,2024-02
1103,1761.0,12540.0,1985,6,180.0,1056.0,RH,NAmes,268103.0,163.6023,2997.0,278.4304,lot area verification is complete because documents are available.,0,,RH>NAmes,12540.0,233734.0,2024-02
1904,1848.0,13443.0,1954,8,439.0,694.0,RH,CollgCr,295453.0,171.6848,2981.0,276.944,zoning verification is complete and neighborhood information is confirmed.,1,verified,RH>CollgCr,13443.0,263484.0,2024-02
1153,1389.0,13543.0,1932,2,635.0,1100.0,RM,OldTown,179187.0,129.0423,3124.0,290.2291,lot area verification is complete because documents are available.,0,,RM>OldTown,13543.0,164789.0,2024-02
1255,1576.0,18831.0,1936,6,531.0,858.0,RM,OldTown,281389.0,146.4152,2965.0,275.4575,sale condition was reviewed and valuation status is approved.,0,,RM>OldTown,1749.46,255904.0,2024-02
1929,1701.0,8237.0,1897,5,380.0,1066.0,RL,NAmes,244599.0,158.0281,3147.0,292.3659,zoning verification is complete and neighborhood information is confirmed.,0,,RL>NAmes,8237.0,219635.0,2024-02
798,1130.0,,1905,3,346.0,1236.0,RL,Somerst,168953.0,104.9804,2712.0,251.953,sale condition was reviewed and valuation status is approved.,0,,RL>Somerst,10568.0,150862.0,2024-02
665,1903.0,7107.0,1958,3,417.0,377.0,FV,NridgHt,209542.0,176.7945,2697.0,250.5595,property inspection is complete and garage area is measured.,0,,FV>NridgHt,7107.0,193305.0,2024-02
1247,1558.0,7833.0,1994,8,625.0,1220.0,RM,Somerst,260390.0,144.7429,3403.0,316.149,sale condition was reviewed and valuation status is approved.,1,verified,RM>Somerst,727.71,234627.0,2024-02
2195,1782.0,12246.0,1979,2,919.0,404.0,RM,OldTown,250565.0,165.5532,3105.0,288.4639,zoning verification is complete and neighborhood information is confirmed.,0,,RM>OldTown,12246.0,228578.0,2024-02
1045,1295.0,12039.0,1972,3,721.0,1019.0,RL,NAmes,188803.0,120.3094,3035.0,281.9607,property inspection is complete and garage area is measured.,0,,RL>NAmes,1118.46,170451.0,2024-02
922,2147.0,11550.0,1938,4,583.0,578.0,FV,OldTown,308228.0,199.4628,3308.0,307.3233,zoning verification is complete and neighborhood information is confirmed.,0,,FV>OldTown,11550.0,269810.0,2024-02
2073,1769.0,10343.0,1897,8,419.0,1201.0,RH,Edwards,265919.0,164.3455,3389.0,314.8484,lot area verification is complete because documents are available.,1,verified,RH>Edwards,10343.0,237781.0,2024-02
657,1674.0,4993.0,1980,7,160.0,877.0,RM,CollgCr,255890.0,155.5197,2711.0,251.8601,lot area verification is complete because documents are available.,0,,RM>CollgCr,463.86,227212.0,2024-02
2235,2541.0,7617.0,1939,6,951.0,109.0,RL,NAmes,367911.0,236.0666,3601.0,334.5438,property inspection is complete and garage area is measured.,0,,RL>NAmes,7617.0,336030.0,2024-02
1194,2085.0,11204.0,1931,2,690.0,406.0,FV,NAmes,260552.0,193.7028,3181.0,295.5246,lot area verification is complete because documents are available.,0,,FV>NAmes,11204.0,231744.0,2024-02
963,2001.0,13809.0,1919,2,,1040.0,FV,OldTown,290243.0,185.899,3326.0,308.9955,sale condition was reviewed and valuation status is approved.,0,,FV>OldTown,13809.0,260256.0,2024-02
765,1060.0,10492.0,1972,5,488.0,989.0,RH,Edwards,181044.0,98.4772,2537.0,235.695,sale condition was reviewed and valuation status is approved.,0,,RH>Edwards,10492.0,160296.0,2024-02
19,2063.0,12390.0,1979,3,105.0,1114.0,FV,OldTown,242387.0,191.659,3282.0,304.9078,zoning verification is complete and neighborhood information is confirmed.,0,,FV>OldTown,12390.0,225878.0,2024-02
1730,1739.0,11380.0,1983,8,428.0,1027.0,RM,Edwards,262892.0,161.5584,3194.0,296.7323,zoning verification is complete and neighborhood information is confirmed.,1,verified,RM>Edwards,11380.0,234073.0,2024-02
1060,734.0,9343.0,1928,7,476.0,1368.0,RM,NridgHt,135994.0,68.1908,2578.0,239.504,lot area verification is complete because documents are available.,0,,RM>NridgHt,9343.0,124918.0,2024-02
1133,1932.0,0.0,1950,3,782.0,1718.0,FV,NAmes,256424.0,179.4887,4432.0,411.7463,lot area verification is complete because documents are available.,0,,FV>NAmes,996.57,241588.0,2024-02
481,962.0,19269.0,1899,6,,815.0,FV,Somerst,213614.0,89.3727,2071.0,192.4022,property inspection is complete and garage area is measured.,0,,FV>Somerst,19269.0,190932.0,2024-02
1146,1665.0,15922.0,1901,2,341.0,1145.0,RM,Somerst,242398.0,154.6836,3151.0,292.7375,lot area verification is complete because documents are available.,0,,RM>Somerst,15922.0,221021.0,2024-02
25,2047.0,11460.0,1912,8,353.0,1188.0,RM,NridgHt,287352.0,190.1725,3588.0,333.3361,property inspection are complete and garage area is measured.,1,verified,RM>NridgHt,11460.0,261932.0,2024-02
1156,1527.0,7394.0,1973,3,461.0,1196.0,RH,OldTown,210686.0,141.8629,3184.0,295.8033,property inspection is complete and garage area is measured.,0,,RH>OldTown,7394.0,186780.0,2024-02
973,1039.0,9668.0,1913,5,474.0,1247.0,RL,NAmes,205339.0,96.5263,2760.0,256.4124,zoning verification is complete and neighborhood information is confirmed.,0,,RL>NAmes,9668.0,181842.0,2024-02
764,1230.0,4172.0,2009,6,593.0,1362.0,FV,OldTown,180761.0,114.2707,3185.0,295.8962,property inspection is complete and garage area is measured.,0,,FV>OldTown,4172.0,162940.0,2024-02
2315,1265.0,15524.0,1934,6,197.0,607.0,RL,Somerst,193505.0,117.5223,2069.0,192.2164,lot area verification is complete because documents are available.,0,,RL>Somerst,15524.0,176501.0,2024-02
575,1278.0,9185.0,1971,2,838.0,1360.0,RL,NAmes,176548.0,118.7301,3476.0,322.931,zoning verification are complete and neighborhood infromation is confirmed.,0,,RL>NAmes,853.31,162741.0,2024-02
1028,867.0,11169.0,2008,5,117.0,1212.0,RL,NAmes,144228.0,80.5469,2196.0,204.0151,sale condition was reviewed and valuation status are aproved.,0,,RL>NAmes,11169.0,131138.0,2024-02
2138,1706.0,,1912,5,483.0,1203.0,FV,NridgHt,247444.0,158.4926,3392.0,315.1271,lot area verification is complete because documents are available.,0,,FV>NridgHt,11103.0,221675.0,2024-02
569,1680.0,16363.0,1967,4,575.0,1028.0,RH,NAmes,224519.0,156.0771,3283.0,305.0007,property inspection is complete and garage area is measured.,0,,RH>NAmes,1520.17,203251.0,2024-02
804,1844.0,14569.0,1996,2,506.0,1005.0,RH,NridgHt,235680.0,171.3132,3355.0,311.6897,sale condition was reviewed and valuation status is approved.,0,,RH>NridgHt,14569.0,209139.0,2024-02
1776,1485.0,0.0,1902,6,491.0,1060.0,FV,OldTown,280872.0,137.961,3036.0,282.0536,zoning verification is complete and neighborhood information is confirmed.,0,,FV>OldTown,9488.0,249889.0,2024-02
42,1579.0,,1924,3,420.0,1270.0,FV,NridgHt,221284.0,146.6939,3269.0,303.7,zoning verification is complete and neighborhood information is confirmed.,0,,FV>NridgHt,873.01,198743.0,2024-02
1879,1825.0,8319.0,1934,2,717.0,1008.0,FV,Somerst,270807.0,169.548,3550.0,329.8058,property inspection is complete and garage area is measured.,0,,FV>Somerst,8319.0,242387.0,2024-02
2329,1162.0,12217.0,1973,8,451.0,1183.0,RL,NridgHt,224669.0,107.9533,2796.0,259.7569,lot area verification is complete because documents are available.,1,verified,RL>NridgHt,12217.0,204984.0,2024-02
1991,764.0,11005.0,1991,7,528.0,1075.0,RH,CollgCr,162218.0,70.9779,2367.0,219.9015,lot area verification is complete because documents are available.,0,,RH>CollgCr,11005.0,146328.0,2024-02
1178,1930.0,11630.0,1952,4,377.0,981.0,RH,NAmes,275626.0,179.3029,3288.0,305.4652,property inspection is complete and garage area is measured.,0,,RH>NAmes,11630.0,243885.0,2024-02
347,1379.0,13657.0,1967,5,449.0,810.0,RM,NAmes,194969.0,128.1133,2638.0,245.0782,property inspection is complete and garage area is measured.,0,,RM>NAmes,13657.0,173681.0,2024-02
1115,1367.0,11926.0,1973,9,719.0,680.0,RH,NridgHt,256322.0,126.9985,2766.0,256.9698,property inspection is complete and garage area is measured.,1,verified,RH>NridgHt,11926.0,229153.0,2024-02
672,1012.0,9922.0,1971,4,340.0,1157.0,RL,NridgHt,196350.0,94.0179,2509.0,233.0937,zoning verification is complete and neighborhood information is confirmed.,0,,RL>NridgHt,9922.0,174833.0,2024-02
356,1100.0,15248.0,1980,5,540.0,1098.0,RH,OldTown,200000.0,102.1933,2738.0,254.3685,sale condition was reviewed and valuation status is approved.,0,,RH>OldTown,15248.0,180295.0,2024-02
326,1418.0,10322.0,1973,9,468.0,713.0,RH,Edwards,250988.0,131.7365,2599.0,241.455,sale condition was reviewed and valuation status is approved.,1,verified,RH>Edwards,958.94,229242.0,2024-02
648,1643.0,7648.0,1977,3,236.0,1026.0,RL,OldTown,197991.0,152.6397,2905.0,269.8833,sale condition was reviewed and valuation status is approved.,0,,RL>OldTown,7648.0,178004.0,2024-02
2020,814.0,14734.0,1913,7,,309.0,RL,NridgHt,179649.0,75.6231,1737.0,161.3726,sale condition was reviewed and valuation status is approved.,0,,RL>NridgHt,1368.83,162446.0,2024-02
2239,1685.0,,1893,9,306.0,588.0,RL,CollgCr,275634.0,156.5416,2579.0,239.5969,property inspection is complete and garage area is measured.,1,verified,RL>CollgCr,1283.45,251329.0,2024-02
223,1730.0,8913.0,2073,7,414.0,336.0,RM,NAmes,230740.0,160.7223,2480.0,230.3995,zoning verification is complete and neighborhood information is confirmed.,0,,RM>NAmes,8913.0,201625.0,2024-02
814,1933.0,13692.0,1919,4,202.0,466.0,FV,CollgCr,260347.0,179.5816,2601.0,241.6408,property inspection is complete and garage area is measured.,0,,FV>CollgCr,13692.0,227657.0,2024-02
745,2029.0,9198.0,1894,6,389.0,789.0,RH,OldTown,,188.5003,3207.0,297.94,property inspection is complete and garage area is measured.,0,,RH>OldTown,9198.0,259780.0,2024-02
2023,758.0,11372.0,1926,6,704.0,0.0,RM,CollgCr,188283.0,70.4205,1462.0,135.8242,lot area verification is complete because documents are available.,0,,RM>CollgCr,11372.0,165763.0,2024-02
1486,1155.0,11273.0,2010,2,556.0,1518.0,RL,CollgCr,175085.0,107.303,3229.0,299.9839,zoning verification is complete and neighborhood information is confirmed.,0,,RL>CollgCr,11273.0,152932.0,2024-02
437,1405.0,10600.0,1965,6,788.0,923.0,FV,CollgCr,265883.0,130.5288,3116.0,289.4859,lot area verification is complete because documents are available.,0,,FV>CollgCr,984.77,230143.0,2024-02
2152,1338.0,4506.0,1954,6,971.0,642.0,FV,OldTown,229346.0,124.3043,2951.0,274.1569,lot area verification is complete because documents are available.,0,,FV>OldTown,4506.0,209661.0,2024-02
462,1587.0,8425.0,1927,9,566.0,765.0,RL,NridgHt,264627.0,147.4371,2918.0,271.0911,sale condition was reviewed and valuation status is approved.,1,verified,RL>NridgHt,8425.0,234505.0,2024-02
150,1402.0,6884.0,1949,8,431.0,816.0,RH,Edwards,247787.0,130.2501,2649.0,246.1002,zoning verification is complete and neighborhood information is confirmed.,1,verified,RH>Edwards,639.54,223395.0,2024-02
2016,1722.0,5607.0,1961,2,850.0,957.0,RL,OldTown,238801.0,159.979,3529.0,327.8548,sale condition was reviewed and valuation status is approved.,0,,RL>OldTown,5607.0,216995.0,2024-02
1967,1471.0,5715.0,1978,6,708.0,569.0,RL,Somerst,251249.0,136.6604,2748.0,255.2976,sale condition was reviewed and valuation status is approved.,0,,RL>Somerst,5715.0,224395.0,2024-02
276,1569.0,18163.0,1932,5,448.0,1215.0,FV,OldTown,246209.0,145.7649,3232.0,300.2626,property inspection is complete and garage area is measured.,0,,FV>OldTown,18163.0,228182.0,2024-02
2260,1797.0,9894.0,1920,9,,1410.0,RM,CollgCr,288998.0,166.9468,3662.0,340.2109,lot area verification is complete because documents are available.,1,verified,RM>CollgCr,919.18,254598.0,2024-02
1624,1238.0,10803.0,1944,6,562.0,740.0,RM,Somerst,221976.0,115.014,2540.0,235.9737,zoning verification is complete and neighborhood information is confirmed.,0,,RM>Somerst,10803.0,201163.0,2024-02
2282,2216.0,11853.0,1895,9,473.0,988.0,RH,OldTown,328487.0,205.8731,3677.0,341.6045,zoning verification are complete and neighborhood infromation is confirmed.,1,verified,RH>OldTown,11853.0,295821.0,2024-02
1728,2175.0,10666.0,1897,7,,843.0,RH,NridgHt,,202.0641,3507.0,325.811,zoning verification is complete and neighborhood information is confirmed.,0,,RH>NridgHt,10666.0,284651.0,2024-02
2373,1576.0,10153.0,1897,4,413.0,299.0,RM,Somerst,248053.0,146.4152,2288.0,212.5622,property inspection is complete and garage area is measured.,0,,RM>Somerst,943.24,225555.0,2024-02
2106,1135.0,14588.0,1993,8,459.0,972.0,RH,Edwards,188453.0,105.445,2566.0,238.3892,property inspection is complete and garage area is measured.,1,verified,RH>Edwards,14588.0,170013.0,2024-02
1444,1054.0,7618.0,1987,9,699.0,717.0,RH,OldTown,250081.0,97.9198,2470.0,229.4705,property inspection is complete and garage area is measured.,1,verified,RH>OldTown,7618.0,226829.0,2024-02
241,1977.0,7280.0,2004,3,400.0,1261.0,RL,NridgHt,256292.0,183.6693,3638.0,337.9813,property inspection is complete and garage area is measured.,0,,RL>NridgHt,7280.0,231718.0,2024-02
2085,974.0,15930.0,1950,5,552.0,1085.0,RH,CollgCr,200940.0,90.4876,2611.0,242.5698,sale condition was reviewed and valuation status is approved.,0,,RH>CollgCr,15930.0,180237.0,2024-02
1631,954.0,8187.0,2004,8,427.0,1056.0,FV,OldTown,172862.0,88.6295,2437.0,226.4047,property inspection is complete and garage area is measured.,1,verified,FV>OldTown,760.6,154335.0,2024-02
1842,1650.0,8398.0,1937,4,485.0,1345.0,RM,Somerst,250138.0,153.29,3480.0,323.3026,property inspection is complete and garage area is measured.,0,,RM>Somerst,8398.0,218405.0,2024-02
1292,1441.0,4944.0,1920,2,,857.0,RL,Edwards,189702.0,133.8733,2747.0,255.2047,sale condition was reviewed and valuation status is approved.,0,,RL>Edwards,4944.0,175313.0,2024-02
312,1020.0,6206.0,1904,3,-353.0,1251.0,RH,OldTown,143460.0,94.7611,2624.0,243.7776,zoning verfication are complete and neighborhood information is confirmed.,0,,RH>OldTown,6206.0,129243.0,2024-02
2222,942.0,15043.0,1952,6,551.0,891.0,RL,Somerst,208273.0,87.5147,2384.0,221.4808,zoning verification is complete and neighborhood information is confirmed.,0,,RL>Somerst,15043.0,187336.0,2024-02
214,1252.0,11895.0,1924,2,680.0,627.0,RM,NridgHt,179919.0,116.3146,2559.0,237.7389,sale condition was reviewed and valuation status is approved.,0,,RM>NridgHt,1105.08,163365.0,2024-02
886,1755.0,5739.0,1935,6,457.0,998.0,RL,Edwards,255905.0,163.0448,3210.0,298.2188,sale condition was reviewed and valuation stauts are approved.,0,,RL>Edwards,533.17,232575.0,2024-02
1790,1215.0,20977.0,1996,3,103.0,967.0,RL,NridgHt,158141.0,112.8772,2285.0,212.2834,lot area verification is complete because documents are available.,0,,RL>NridgHt,20977.0,139417.0,2024-02
1272,1451.0,5548.0,1994,3,355.0,1365.0,RL,OldTown,208553.0,134.8023,3171.0,294.5955,property inspection is complete and garage area is measured.,0,,RL>OldTown,515.43,190532.0,2024-02
26,1499.0,3660.0,1944,8,585.0,958.0,RH,CollgCr,244487.0,139.2617,3042.0,282.611,zoning verification is complete and neighborhood information is confirmed.,1,verified,RH>CollgCr,340.02,218666.0,2024-02
2238,1767.0,8253.0,1964,4,606.0,663.0,RH,OldTown,241582.0,164.1597,3036.0,282.0536,zoning verification is complete and neighborhood information is confirmed.,0,,RH>OldTown,8253.0,215893.0,2024-02
723,1410.0,2000.0,1973,2,566.0,876.0,RM,Edwards,199192.0,130.9933,2852.0,264.9595,property inspection is complete and garage area is measured.,0,,RM>Edwards,2000.0,179754.0,2024-02
1220,2005.0,10135.0,2002,9,145.0,750.0,RL,NAmes,285122.0,186.2706,2900.0,269.4188,sale condition was reviewed and valuation status is approved.,1,verified,RL>NAmes,10135.0,268505.0,2024-02
2050,2041.0,14234.0,2008,2,390.0,851.0,RL,Somerst,257178.0,189.6151,3282.0,304.9078,lot area verification is complete because documents are available.,0,,RL>Somerst,14234.0,228138.0,2024-02
187,1566.0,11502.0,1903,5,,1028.0,RM,CollgCr,241020.0,145.4862,3164.0,293.9452,zoning verification is complete and neighborhood information is confirmed.,0,,RM>CollgCr,11502.0,221243.0,2024-02
184,1900.0,12939.0,1963,5,496.0,337.0,RH,Edwards,279588.0,176.5158,2733.0,253.904,zoning verification is complete and neighborhood information is confirmed.,0,,RH>Edwards,12939.0,254650.0,2024-02
1249,1467.0,7081.0,1900,8,,592.0,RL,Somerst,256078.0,136.2888,2375.0,220.6447,sale condition was reviewed and valuation status is approved.,1,verified,RL>Somerst,7081.0,229436.0,2024-02
1225,1180.0,7853.0,1967,9,350.0,1034.0,RL,NridgHt,226673.0,109.6256,2564.0,238.2034,zoning verification is complete and neighborhood information is confirmed.,1,verified,RL>NridgHt,729.57,200253.0,2024-02
218,1925.0,5155.0,1899,9,,542.0,FV,NridgHt,316384.0,178.8384,2833.0,263.1943,property inspection is complete and garage area is measured.,1,verified,FV>NridgHt,5155.0,287452.0,2024-02
969,1801.0,13561.0,1918,9,,1111.0,FV,NridgHt,280570.0,167.3184,3233.0,300.3555,lot area verfication are complete because documents are available.,1,verified,FV>NridgHt,1259.86,252546.0,2024-02
689,1647.0,4573.0,1911,7,742.0,975.0,FV,NridgHt,265227.0,153.0113,3364.0,312.5258,sale condition was reviewed and valuation status is approved.,0,,FV>NridgHt,424.85,241405.0,2024-02
426,1712.0,8057.0,1984,8,467.0,1159.0,RH,NridgHt,282785.0,159.05,3338.0,310.1103,property inspection is complete and garage area is measured.,1,verified,RH>NridgHt,748.52,253457.0,2024-02
1999,1187.0,6042.0,1900,9,506.0,815.0,RL,NridgHt,249091.0,110.2759,2508.0,233.0008,property inspection is complete and garage area is measured.,1,verified,RL>NridgHt,6042.0,223169.0,2024-02
838,1518.0,9133.0,1950,2,768.0,1182.0,RL,Somerst,221454.0,141.0268,3468.0,322.1877,zoning verification is complete and neighborhood information is confirmed.,0,,RL>Somerst,9133.0,203680.0,2024-02
1014,1884.0,12289.0,1941,4,703.0,1253.0,RL,NridgHt,,175.0293,3840.0,356.7477,sale condition was reviewed and valuation status is approved.,0,,RL>NridgHt,12289.0,254740.0,2024-02
1872,1672.0,6212.0,1946,2,528.0,657.0,RL,CollgCr,204130.0,155.3339,2857.0,265.424,zoning verification is complete and neighborhood information is confirmed.,0,,RL>CollgCr,577.11,181721.0,2024-02
153,1507.0,8126.0,1903,7,370.0,1443.0,FV,Edwards,249984.0,140.0049,3320.0,308.4381,property inspection is complete and garage area is measured.,0,,FV>Edwards,754.93,223466.0,2024-02
1427,942.0,6228.0,1938,3,424.0,1260.0,FV,CollgCr,162940.0,87.5147,2626.0,243.9634,zoning verification is complete and neighborhood information is confirmed.,0,,FV>CollgCr,6228.0,144928.0,2024-02
2234,1204.0,11925.0,1960,3,426.0,1296.0,RM,CollgCr,180315.0,111.8553,2926.0,271.8343,property inspection is complete and garage area is measured.,0,,RM>CollgCr,1107.87,161950.0,2024-02
124,2079.0,10233.0,1957,2,340.0,1144.0,RH,NridgHt,283893.0,193.1454,3563.0,331.0135,property inspection is complete and garage area is measured.,0,,RH>NridgHt,10233.0,254611.0,2024-02
267,1691.0,15899.0,1893,7,,946.0,RL,Somerst,243753.0,157.099,3271.0,303.8858,property inspection is complete and garage area is measured.,0,,RL>Somerst,15899.0,226134.0,2024-02
12,1661.0,8813.0,1924,8,377.0,604.0,FV,Edwards,246494.0,154.3119,2642.0,245.4498,zoning verification is complete and neighborhood information is confirmed.,1,verified,FV>Edwards,8813.0,222440.0,2024-02
1627,1514.0,12910.0,1937,2,331.0,999.0,RH,Edwards,155914.0,140.6552,2844.0,264.2162,property inspection is complete and garage area is measured.,0,,RH>Edwards,1199.38,143439.0,2024-02
1467,1670.0,12623.0,1949,8,351.0,1042.0,RM,Somerst,299823.0,155.1481,3063.0,284.562,property inspection is complete and garage area is measured.,1,verified,RM>Somerst,1172.71,266157.0,2024-02
1308,1958.0,7227.0,1910,9,405.0,1220.0,RL,NridgHt,264289.0,181.9042,3583.0,332.8716,sale condition was reviewed and valuation status is approved.,1,verified,RL>NridgHt,7227.0,244119.0,2024-02
2081,1980.0,11016.0,1992,5,517.0,771.0,RH,NridgHt,245646.0,183.948,3268.0,303.6071,lot area verification is complete because documents are available.,0,,RH>NridgHt,1023.42,224137.0,2024-02
88,1733.0,8791.0,2000,8,186.0,698.0,FV,Somerst,300179.0,161.001,2617.0,243.1273,zoning verification is complete and neighborhood information is confirmed.,1,verified,FV>Somerst,8791.0,269052.0,2024-02
186,1861.0,12143.0,1916,8,,679.0,RM,NridgHt,293029.0,172.8926,2918.0,271.0911,zoning verification is complete and neighborhood information is confirmed.,1,verified,RM>NridgHt,12143.0,263105.0,2024-02
2354,1801.0,8386.0,1926,8,494.0,1194.0,RM,Edwards,266882.0,167.3184,3489.0,324.1387,sale condition was reviewed and valuation status is approved.,1,verified,RM>Edwards,8386.0,239212.0,2024-02
494,1217.0,12677.0,1972,8,576.0,1188.0,FV,Edwards,223338.0,113.063,2981.0,276.944,zoning verification is complete and neighborhood information is confirmed.,1,verified,FV>Edwards,1177.73,201861.0,2024-02
2001,738.0,13247.0,1960,6,378.0,725.0,RH,Somerst,166121.0,68.5624,1841.0,171.0345,sale condition was reviewed and valuation status is approved.,0,,RH>Somerst,13247.0,151483.0,2024-02
235,2062.0,13541.0,1904,9,,311.0,RM,Somerst,329821.0,191.5661,2757.0,256.1337,zoning verification is complete and neighborhood information is confirmed.,1,verified,RM>Somerst,13541.0,300492.0,2024-02
2030,1668.0,11512.0,1944,4,222.0,216.0,RL,Somerst,232863.0,154.9623,2106.0,195.6538,lot area verification is complete because documents are available.,0,,RL>Somerst,1069.5,209386.0,2024-02
506,1713.0,10463.0,1965,7,418.0,1310.0,RL,CollgCr,256166.0,159.1429,3441.0,319.6794,sale condition was reviewed and valuation status is approved.,0,,RL>CollgCr,10463.0,233280.0,2024-02
1834,1673.0,8094.0,2009,5,354.0,1079.0,RM,Somerst,234648.0,155.4268,3106.0,288.5568,zoning verification is complete and neighborhood information is confirmed.,0,,RM>Somerst,8094.0,209956.0,2024-02
1006,1708.0,18412.0,2009,4,638.0,1372.0,RH,NAmes,274088.0,158.6784,3718.0,345.4135,property inspection is complete and garage area is measured.,0,,RH>NAmes,18412.0,247806.0,2024-02
457,2031.0,9246.0,1934,8,340.0,1031.0,FV,CollgCr,288627.0,188.6861,3402.0,316.0561,zoning verification is complete and neighborhood information is confirmed.,1,verified,FV>CollgCr,9246.0,252124.0,2024-02
2365,1167.0,13446.0,1894,8,358.0,1118.0,FV,Somerst,195092.0,108.4178,2643.0,245.5427,zoning verification is complete and neighborhood information is confirmed.,1,verified,FV>Somerst,13446.0,173682.0,2024-02
1445,2123.0,11806.0,2006,4,722.0,1396.0,RM,Edwards,265282.0,197.2332,4241.0,394.0018,zoning verification is complete and neighborhood information is confirmed.,0,,RM>Edwards,11806.0,235623.0,2024-02
1951,2401.0,4520.0,1970,6,297.0,888.0,RM,Somerst,301212.0,223.0602,3586.0,333.1503,zoning verification is complete and neighborhood information is confirmed.,0,,RM>Somerst,4520.0,269734.0,2024-02
1754,1972.0,11915.0,1981,6,659.0,1475.0,FV,CollgCr,283199.0,183.2048,4106.0,381.4599,sale condition was reviewed and valuation status is approved.,0,,FV>CollgCr,11915.0,255452.0,2024-02
47,2048.0,4971.0,1930,2,515.0,766.0,RM,Edwards,228974.0,190.2654,3329.0,309.2742,sale condition were reviewed and valuation status is aproved.,0,,RM>Edwards,4971.0,203810.0,2024-02
2348,1682.0,16964.0,1901,9,305.0,1296.0,RL,NAmes,275427.0,156.2629,3283.0,305.0007,sale condition was reviewed and valuation status is approved.,1,verified,RL>NAmes,16964.0,247946.0,2024-02
2454,1134.0,14158.0,1977,2,293.0,894.0,RL,OldTown,167096.0,105.352,2321.0,215.628,zoning verification is complete and neighborhood information is confirmed.,0,,RL>OldTown,14158.0,153094.0,2024-02
1286,1649.0,8744.0,1977,6,766.0,1258.0,RL,NAmes,263668.0,153.1971,3673.0,341.2329,zoning verification is complete and neighborhood information is confirmed.,0,,RL>NAmes,8744.0,242128.0,2024-02
1582,1603.0,10922.0,1931,9,223.0,897.0,RL,Somerst,267034.0,148.9236,2723.0,252.975,property inspection is complete and garage area is measured.,1,verified,RL>Somerst,1014.69,245811.0,2024-02
271,2105.0,13550.0,2003,2,427.0,322.0,RH,NAmes,243802.0,195.5609,2854.0,265.1453,lot area verification is complete because documents are available.,0,,RH>NAmes,1258.84,213295.0,2024-02
277,1355.0,,1945,2,327.0,1368.0,RH,OldTown,207195.0,125.8836,3050.0,283.3543,property inspection is complete and garage area is measured.,0,,RH>OldTown,13387.0,185917.0,2024-02
41,1859.0,11195.0,2002,8,513.0,486.0,RM,NridgHt,310744.0,172.7068,2858.0,265.5169,zoning verification is complete and neighborhood information is confirmed.,1,verified,RM>NridgHt,11195.0,278298.0,2024-02
1644,1484.0,9660.0,1899,8,289.0,590.0,FV,NridgHt,235370.0,137.8681,2363.0,219.5299,property inspection is complete and garage area is measured.,1,verified,FV>NridgHt,897.44,213277.0,2024-02
1408,1662.0,6680.0,1997,2,488.0,1422.0,RH,NridgHt,202663.0,154.4049,3572.0,331.8497,property inspection is complete and garage area is measured.,0,,RH>NridgHt,6680.0,181020.0,2024-02
1961,2080.0,,1967,3,335.0,983.0,RM,NridgHt,275645.0,193.2383,3398.0,315.6845,zoning verification is complete and neighborhood information is confirmed.,0,,RM>NridgHt,13441.0,249965.0,2024-02
1333,1645.0,10877.0,1945,9,204.0,355.0,RH,OldTown,290609.0,152.8255,2204.0,204.7583,sale condition was reviewed and valuation status is approved.,1,verified,RH>OldTown,10877.0,259427.0,2024-02
222,1618.0,10024.0,1932,2,656.0,375.0,RH,Edwards,221203.0,150.3171,2649.0,246.1002,lot area verification is complete because documents are available.,0,,RH>Edwards,10024.0,207432.0,2024-02
2080,964.0,10862.0,1940,3,214.0,662.0,FV,OldTown,150023.0,89.5585,1840.0,170.9416,property inspection is complete and garage area is measured.,0,,FV>OldTown,10862.0,133617.0,2024-02
324,1015.0,13038.0,1982,6,451.0,551.0,RH,NridgHt,183409.0,94.2966,2017.0,187.3854,lot area verification is complete because documents are available.,0,,RH>NridgHt,13038.0,164426.0,2024-02
421,1745.0,14291.0,1944,6,276.0,1102.0,FV,Edwards,277144.0,162.1158,3123.0,290.1362,sale condition was reviewed and valuation status is approved.,0,,FV>Edwards,14291.0,253463.0,2024-02
263,1210.0,15718.0,1970,4,116.0,418.0,FV,NridgHt,216199.0,112.4127,1744.0,162.0229,sale condition was reviewed and valuation status is approved.,0,,FV>NridgHt,15718.0,193669.0,2024-02
2446,2201.0,9626.0,1907,9,545.0,814.0,RM,NAmes,,204.4796,3560.0,330.7348,sale condition was reviewed and valuation status is approved.,1,verified,RM>NAmes,9626.0,317349.0,2024-02
2409,2430.0,2000.0,1963,7,476.0,628.0,FV,NridgHt,330319.0,225.7544,3534.0,328.3193,property inspection is complete and garage area is measured.,0,,FV>NridgHt,2000.0,297010.0,2024-02
145,1051.0,11664.0,1934,5,246.0,1253.0,RL,Edwards,165726.0,97.6411,2550.0,236.9028,sale condition was reviewed and valuation status is approved.,0,,RL>Edwards,11664.0,147073.0,2024-02
438,1538.0,15133.0,1981,3,415.0,916.0,FV,NAmes,224450.0,142.8849,2869.0,266.5388,sale condition was reviewed and valuation status is approved.,0,,FV>NAmes,15133.0,197940.0,2024-02
1401,1253.0,13968.0,2006,5,562.0,651.0,RM,NAmes,201474.0,116.4075,2466.0,229.0989,property inspection is complete and garage area is measured.,0,,RM>NAmes,13968.0,176582.0,2024-02
580,1714.0,5738.0,1933,6,443.0,798.0,RH,NridgHt,257943.0,159.2358,2955.0,274.5285,sale condition was reviewed and valuation status is approved.,0,,RH>NridgHt,533.08,230898.0,2024-02
2484,1199.0,,1995,9,416.0,927.0,RL,CollgCr,212856.0,111.3907,2542.0,236.1595,property inspection is complete and garage area is measured.,1,verified,RL>CollgCr,1040.23,190336.0,2024-02
456,1266.0,12520.0,1923,3,201.0,1011.0,RL,Edwards,163852.0,117.6152,2478.0,230.2137,zoning verification is complete and neighborhood information is confirmed.,0,,RL>Edwards,12520.0,147840.0,2024-02
470,1900.0,6942.0,1992,4,540.0,645.0,RM,Edwards,272050.0,176.5158,3085.0,286.6059,lot area verification is complete because documents are available.,0,,RM>Edwards,6942.0,244967.0,2024-02
292,1604.0,13675.0,1948,2,406.0,1057.0,RH,NAmes,212435.0,149.0165,3067.0,284.9336,lot area verification is complete because documents are available.,0,,RH>NAmes,13675.0,194165.0,2024-02
833,2309.0,7564.0,1948,5,389.0,1403.0,FV,NridgHt,,214.5131,4101.0,380.9954,lot area verification is complete because documents are available.,0,,FV>NridgHt,702.72,280370.0,2024-02
655,1215.0,11207.0,2006,7,590.0,1303.0,RL,Somerst,204961.0,112.8772,3108.0,288.7426,lot area verification is complete because documents are available.,0,,RL>Somerst,11207.0,182451.0,2024-02
2101,1973.0,12826.0,1963,3,377.0,1636.0,RM,NAmes,258099.0,183.2977,3986.0,370.3115,zoning verification is complete and neighborhood information is confirmed.,0,,RM>NAmes,12826.0,236748.0,2024-02
290,1236.0,15619.0,1904,7,,734.0,RL,Edwards,234431.0,114.8282,2475.0,229.935,zoning verification is complete and neighborhood information is confirmed.,0,,RL>Edwards,15619.0,208124.0,2024-02
209,1741.0,6318.0,1971,8,696.0,1127.0,FV,Edwards,,161.7442,3564.0,331.1064,zoning verification is complete and neighborhood information is confirmed.,1,verified,FV>Edwards,6318.0,272416.0,2024-02
2227,1629.0,11354.0,1993,4,199.0,202.0,RM,CollgCr,231293.0,151.3391,2030.0,188.5932,property inspection is complete and garage area is measured.,0,,RM>CollgCr,11354.0,209211.0,2024-02
1896,1595.0,4379.0,1983,3,931.0,1360.0,RM,Edwards,251517.0,148.1803,3886.0,361.0212,property inspection is complete and garage area is measured.,0,,RM>Edwards,4379.0,222602.0,2024-02
195,2105.0,11947.0,1947,3,351.0,607.0,RL,CollgCr,229612.0,195.5609,3063.0,284.562,sale condition was reviewed and valuation status is approved.,0,,RL>CollgCr,1109.91,210555.0,2024-02
1701,1514.0,6795.0,1936,4,95.0,1712.0,FV,NAmes,188476.0,140.6552,3321.0,308.531,lot area verification is complete because documents are available.,0,,FV>NAmes,6795.0,165362.0,2024-02
1112,1258.0,15102.0,1948,6,321.0,1508.0,FV,NridgHt,205518.0,116.872,3087.0,286.7917,zoning verification is complete and neighborhood information is confirmed.,0,,FV>NridgHt,15102.0,184382.0,2024-02
999,1341.0,2870.0,1940,6,301.0,791.0,RL,Somerst,222855.0,124.583,2433.0,226.0331,zoning verification is complete and neighborhood information is confirmed.,0,,RL>Somerst,2870.0,195234.0,2024-02
449,1430.0,13828.0,1936,9,364.0,1172.0,RL,CollgCr,259194.0,132.8513,2966.0,275.5504,property inspection is complete and garage area is measured.,1,verified,RL>CollgCr,13828.0,232474.0,2024-02
1406,924.0,14803.0,1905,5,276.0,995.0,RL,Somerst,195166.0,85.8424,2195.0,203.9222,property inspection is complete and garage area is measured.,0,,RL>Somerst,14803.0,175168.0,2024-02
1963,2533.0,4849.0,1923,8,455.0,1360.0,RH,OldTown,,235.3234,4348.0,403.9424,sale condition was reviewed and valuation status is approved.,1,verified,RH>OldTown,4849.0,295448.0,2024-02
687,1684.0,9248.0,1965,6,508.0,919.0,RM,Somerst,253867.0,156.4487,3111.0,289.0214,zoning verification is complete and neighborhood information is confirmed.,0,,RM>Somerst,9248.0,226667.0,2024-02
275,1846.0,9760.0,1901,4,686.0,1033.0,FV,OldTown,267690.0,171.499,3565.0,331.1993,sale condition was reviewed and valuation status is approved.,0,,FV>OldTown,9760.0,242458.0,2024-02
84,1554.0,10402.0,1912,7,,737.0,RL,OldTown,261241.0,144.3713,3140.0,291.7155,sale condition was reviewed and valuation status is approved.,0,,RL>OldTown,10402.0,235318.0,2024-02
2435,809.0,7436.0,1944,4,478.0,843.0,RL,NAmes,156141.0,75.1586,2130.0,197.8835,sale condition was reviewed and valuation status is approved.,0,,RL>NAmes,7436.0,138759.0,2024-02
2462,1334.0,3572.0,1957,5,596.0,1400.0,RL,Somerst,217504.0,123.9327,3330.0,309.3671,lot area verification is complete because documents are available.,0,,RL>Somerst,3572.0,198921.0,2024-02
258,1405.0,9372.0,1987,5,0.0,1400.0,RH,CollgCr,198786.0,130.5288,2805.0,260.593,property inspection is complete and garage area is measured.,0,,RH>CollgCr,9372.0,177005.0,2024-02
2128,1918.0,10269.0,1900,6,381.0,978.0,RM,Somerst,,178.188,3277.0,304.4433,lot area verification is complete because documents are available.,0,,RM>Somerst,10269.0,264876.0,2024-02
571,1789.0,5408.0,1896,5,650.0,1092.0,RH,OldTown,252546.0,166.2035,3531.0,328.0406,zoning verification is complete and neighborhood information is confirmed.,0,,RH>OldTown,5408.0,224139.0,2024-02
1029,628.0,11048.0,1966,4,394.0,433.0,RL,CollgCr,146111.0,58.3431,1455.0,135.1739,property inspection is complete and garage area is measured.,0,,RL>CollgCr,11048.0,129957.0,2024-02
1595,2358.0,17921.0,1991,4,415.0,1499.0,RM,Somerst,306383.0,219.0654,4272.0,396.8818,property inspection is complete and garage area is measured.,0,,RM>Somerst,1664.91,273371.0,2024-02
1216,1384.0,3177.0,1941,6,218.0,833.0,RL,NAmes,210643.0,128.5778,2435.0,226.2189,lot area verification is complete because documents are available.,0,,RL>NAmes,295.15,191147.0,2024-02
179,1449.0,11717.0,2004,9,395.0,646.0,RH,CollgCr,263240.0,134.6165,2490.0,231.3286,sale condition was reviewed and valuation status is approved.,1,verified,RH>CollgCr,11717.0,234821.0,2024-02
1117,2322.0,12079.0,1949,9,531.0,723.0,RH,NAmes,375370.0,215.7209,3576.0,332.2213,lot area verification is complete because documents are available.,1,verified,RH>NAmes,12079.0,338002.0,2024-02
2240,1724.0,11296.0,1966,8,371.0,1104.0,RM,CollgCr,243311.0,160.1648,3199.0,297.1968,sale condition was reviewed and valuation status is approved.,1,verified,RM>CollgCr,11296.0,219661.0,2024-02
2415,1810.0,12184.0,1901,5,,1589.0,RM,NAmes,267833.0,168.1545,3806.0,353.589,lot area verification is complete because documents are available.,0,,RM>NAmes,12184.0,235382.0,2024-02
2084,2260.0,9061.0,1942,2,611.0,1317.0,FV,NridgHt,300246.0,209.9609,4188.0,389.0779,sale condition was reviewed and valuation status is approved.,0,,FV>NridgHt,9061.0,268686.0,2024-02
2061,1339.0,2000.0,1985,5,78.0,1153.0,RM,CollgCr,200710.0,124.3972,2570.0,238.7608,sale condition was reviewed and valuation status is approved.,0,,RM>CollgCr,2000.0,179564.0,2024-02
2024,1297.0,2000.0,1980,4,701.0,674.0,RL,CollgCr,206700.0,120.4952,2672.0,248.2369,zoning verification is complete and neighborhood information is confirmed.,0,,RL>CollgCr,185.81,180357.0,2024-02
448,1229.0,10181.0,2083,7,259.0,1266.0,FV,NAmes,228402.0,114.1778,2754.0,255.855,property inspection is complete and garage area is measured.,0,,FV>NAmes,10181.0,206428.0,2024-02
496,2204.0,10847.0,1950,9,76.0,1418.0,RM,Somerst,340942.0,204.7583,3698.0,343.5554,lot area verification is complete because documents are available.,1,verified,RM>Somerst,10847.0,302739.0,2024-02
